Copyright 1986-2022 Xilinx, Inc. All Rights Reserved.
----------------------------------------------------------------------------------------------------------------------------------------
| Tool Version      : Vivado v.2022.2 (lin64) Build 3671981 Fri Oct 14 04:59:54 MDT 2022
| Date              : Wed Oct  7 18:50:13 2026
| Host              : chen-System-Product-Name running 64-bit Ubuntu 24.04.4 LTS
| Command           : report_timing -max_paths 10 -path_type full -file /home/chen/FUN/flow-r04-evidence/age/s1/reports/worst-paths.rpt
| Design            : RvvCoprocessor
| Device            : xcku040-ffva1156
| Speed File        : -2  PRODUCTION 1.25 12-04-2018
| Temperature Grade : E
----------------------------------------------------------------------------------------------------------------------------------------

Timing Report

Slack (VIOLATED) :        -0.444ns  (required time - arrival time)
  Source:                 alu/alu/tokens_3_desc_decoded_op_reg[3]__0/C
                            (rising edge-triggered cell FDRE clocked by rvv_clock  {rise@0.000ns fall@5.000ns period=10.000ns})
  Destination:            alu/alu/cacheData_ext/Memory_reg_0_31_252_253/RAMA_D1/I
                            (rising edge-triggered cell RAMD32 clocked by rvv_clock  {rise@0.000ns fall@5.000ns period=10.000ns})
  Path Group:             rvv_clock
  Path Type:              Setup (Max at Slow Process Corner)
  Requirement:            10.000ns  (rvv_clock rise@10.000ns - rvv_clock rise@0.000ns)
  Data Path Delay:        10.360ns  (logic 4.737ns (45.724%)  route 5.623ns (54.276%))
  Logic Levels:           34  (CARRY8=15 LUT3=1 LUT4=4 LUT5=1 LUT6=13)
  Clock Uncertainty:      0.035ns  ((TSJ^2 + TIJ^2)^1/2 + DJ) / 2 + PE
    Total System Jitter     (TSJ):    0.071ns
    Total Input Jitter      (TIJ):    0.000ns
    Discrete Jitter          (DJ):    0.000ns
    Phase Error              (PE):    0.000ns

    Location             Delay type                Incr(ns)  Path(ns)    Netlist Resource(s)
  -------------------------------------------------------------------    -------------------
                         (clock rvv_clock rise edge)
                                                      0.000     0.000 r  
                         propagated clock network latency
                                                      0.000     0.000    
                         FDRE                         0.000     0.000 r  alu/alu/tokens_3_desc_decoded_op_reg[3]__0/C
                         FDRE (Prop_FDRE_C_Q)         0.115     0.115 f  alu/alu/tokens_3_desc_decoded_op_reg[3]__0/Q
                         net (fo=12, unplaced)        0.297     0.412    alu/alu/cacheData_ext/tokens_3_desc_decoded_op[3]
                         LUT4 (Prop_LUT4_I0_O)        0.132     0.544 r  alu/alu/cacheData_ext/Memory_reg_0_31_0_1_i_26/O
                         net (fo=13, unplaced)        0.288     0.832    alu/alu/cacheData_ext/Memory_reg_0_31_0_1_i_26_n_0
                         LUT4 (Prop_LUT4_I2_O)        0.040     0.872 f  alu/alu/cacheData_ext/computed[511]_i_180/O
                         net (fo=109, unplaced)       0.337     1.209    alu/alu/cacheData_ext/computed[511]_i_180_n_0
                         LUT4 (Prop_LUT4_I2_O)        0.040     1.249 f  alu/alu/cacheData_ext/computed[511]_i_290/O
                         net (fo=1, unplaced)         0.251     1.500    alu/alu/cacheData_ext/computed[511]_i_290_n_0
                         LUT6 (Prop_LUT6_I0_O)        0.132     1.632 f  alu/alu/cacheData_ext/computed[511]_i_219/O
                         net (fo=1, unplaced)         0.230     1.862    alu/alu/cacheData_ext/computed[511]_i_219_n_0
                         LUT6 (Prop_LUT6_I0_O)        0.176     2.038 f  alu/alu/cacheData_ext/computed[511]_i_142/O
                         net (fo=1, unplaced)         0.249     2.287    alu/alu/cacheData_ext/computed[511]_i_142_n_0
                         LUT6 (Prop_LUT6_I5_O)        0.040     2.327 r  alu/alu/cacheData_ext/computed[511]_i_65/O
                         net (fo=1, unplaced)         0.249     2.576    alu/alu/cacheData_ext/computed[511]_i_65_n_0
                         LUT6 (Prop_LUT6_I2_O)        0.040     2.616 r  alu/alu/cacheData_ext/computed[511]_i_21/O
                         net (fo=25, unplaced)        0.303     2.919    alu/alu/cacheData_ext/computed[511]_i_21_n_0
                         LUT6 (Prop_LUT6_I4_O)        0.040     2.959 r  alu/alu/cacheData_ext/Memory_reg_0_31_192_193_i_40/O
                         net (fo=91, unplaced)        0.333     3.292    alu/alu/cacheData_ext/Memory_reg_0_31_192_193_i_40_n_0
                         LUT3 (Prop_LUT3_I1_O)        0.095     3.387 r  alu/alu/cacheData_ext/Memory_reg_0_31_192_193_i_50/O
                         net (fo=1, unplaced)         0.294     3.681    alu/alu/cacheData_ext/Memory_reg_0_31_192_193_i_50_n_0
                         CARRY8 (Prop_CARRY8_DI[0]_CO[7])
                                                      0.355     4.036 r  alu/alu/cacheData_ext/Memory_reg_0_31_192_193_i_23/CO[7]
                         net (fo=1, unplaced)         0.000     4.036    alu/alu/cacheData_ext/Memory_reg_0_31_192_193_i_23_n_0
                         CARRY8 (Prop_CARRY8_CI_CO[0])
                                                      0.096     4.132 r  alu/alu/cacheData_ext/Memory_reg_0_31_200_201_i_43/CO[0]
                         net (fo=1, unplaced)         0.249     4.381    alu/alu/cacheData_ext/_result_sums_sum_T_74[8]
                         LUT6 (Prop_LUT6_I3_O)        0.040     4.421 r  alu/alu/cacheData_ext/Memory_reg_0_31_200_201_i_41/O
                         net (fo=1, unplaced)         0.000     4.421    alu/alu/cacheData_ext/Memory_reg_0_31_200_201_i_41_n_0
                         CARRY8 (Prop_CARRY8_S[0]_CO[7])
                                                      0.359     4.780 r  alu/alu/cacheData_ext/Memory_reg_0_31_200_201_i_15/CO[7]
                         net (fo=1, unplaced)         0.000     4.780    alu/alu/cacheData_ext/Memory_reg_0_31_200_201_i_15_n_0
                         CARRY8 (Prop_CARRY8_CI_CO[0])
                                                      0.096     4.876 r  alu/alu/cacheData_ext/computed_reg[211]_i_24/CO[0]
                         net (fo=1, unplaced)         0.249     5.125    alu/alu/cacheData_ext/_result_sums_sum_T_77[8]
                         LUT6 (Prop_LUT6_I5_O)        0.040     5.165 r  alu/alu/cacheData_ext/computed[211]_i_23/O
                         net (fo=1, unplaced)         0.000     5.165    alu/alu/cacheData_ext/computed[211]_i_23_n_0
                         CARRY8 (Prop_CARRY8_S[0]_CO[7])
                                                      0.359     5.524 r  alu/alu/cacheData_ext/computed_reg[211]_i_6/CO[7]
                         net (fo=1, unplaced)         0.000     5.524    alu/alu/cacheData_ext/computed_reg[211]_i_6_n_0
                         CARRY8 (Prop_CARRY8_CI_CO[0])
                                                      0.096     5.620 r  alu/alu/cacheData_ext/Memory_reg_0_31_216_217_i_36/CO[0]
                         net (fo=1, unplaced)         0.249     5.869    alu/alu/cacheData_ext/_result_sums_sum_T_80[8]
                         LUT6 (Prop_LUT6_I3_O)        0.040     5.909 r  alu/alu/cacheData_ext/Memory_reg_0_31_216_217_i_34/O
                         net (fo=1, unplaced)         0.000     5.909    alu/alu/cacheData_ext/Memory_reg_0_31_216_217_i_34_n_0
                         CARRY8 (Prop_CARRY8_S[0]_CO[7])
                                                      0.359     6.268 r  alu/alu/cacheData_ext/Memory_reg_0_31_216_217_i_12/CO[7]
                         net (fo=1, unplaced)         0.000     6.268    alu/alu/cacheData_ext/Memory_reg_0_31_216_217_i_12_n_0
                         CARRY8 (Prop_CARRY8_CI_CO[0])
                                                      0.096     6.364 r  alu/alu/cacheData_ext/computed_reg[224]_i_23/CO[0]
                         net (fo=1, unplaced)         0.249     6.613    alu/alu/cacheData_ext/_result_sums_sum_T_83[8]
                         LUT6 (Prop_LUT6_I5_O)        0.040     6.653 r  alu/alu/cacheData_ext/computed[224]_i_22/O
                         net (fo=1, unplaced)         0.000     6.653    alu/alu/cacheData_ext/computed[224]_i_22_n_0
                         CARRY8 (Prop_CARRY8_S[0]_CO[7])
                                                      0.359     7.012 r  alu/alu/cacheData_ext/computed_reg[224]_i_5/CO[7]
                         net (fo=1, unplaced)         0.000     7.012    alu/alu/cacheData_ext/computed_reg[224]_i_5_n_0
                         CARRY8 (Prop_CARRY8_CI_CO[0])
                                                      0.096     7.108 r  alu/alu/cacheData_ext/computed_reg[239]_i_29/CO[0]
                         net (fo=1, unplaced)         0.249     7.357    alu/alu/cacheData_ext/_result_sums_sum_T_86[8]
                         LUT6 (Prop_LUT6_I3_O)        0.040     7.397 r  alu/alu/cacheData_ext/computed[239]_i_27/O
                         net (fo=1, unplaced)         0.000     7.397    alu/alu/cacheData_ext/computed[239]_i_27_n_0
                         CARRY8 (Prop_CARRY8_S[0]_CO[7])
                                                      0.359     7.756 r  alu/alu/cacheData_ext/computed_reg[239]_i_7/CO[7]
                         net (fo=1, unplaced)         0.000     7.756    alu/alu/cacheData_ext/computed_reg[239]_i_7_n_0
                         CARRY8 (Prop_CARRY8_CI_CO[0])
                                                      0.096     7.852 r  alu/alu/cacheData_ext/computed_reg[247]_i_32/CO[0]
                         net (fo=1, unplaced)         0.249     8.101    alu/alu/cacheData_ext/_result_sums_sum_T_89[8]
                         LUT6 (Prop_LUT6_I5_O)        0.040     8.141 r  alu/alu/cacheData_ext/computed[247]_i_26/O
                         net (fo=1, unplaced)         0.000     8.141    alu/alu/cacheData_ext/computed[247]_i_26_n_0
                         CARRY8 (Prop_CARRY8_S[0]_CO[7])
                                                      0.359     8.500 r  alu/alu/cacheData_ext/computed_reg[247]_i_9/CO[7]
                         net (fo=1, unplaced)         0.000     8.500    alu/alu/cacheData_ext/computed_reg[247]_i_9_n_0
                         CARRY8 (Prop_CARRY8_CI_CO[0])
                                                      0.096     8.596 r  alu/alu/cacheData_ext/computed_reg[255]_i_29/CO[0]
                         net (fo=1, unplaced)         0.249     8.845    alu/alu/cacheData_ext/_result_sums_sum_T_92[8]
                         LUT6 (Prop_LUT6_I3_O)        0.040     8.885 r  alu/alu/cacheData_ext/computed[255]_i_23/O
                         net (fo=1, unplaced)         0.000     8.885    alu/alu/cacheData_ext/computed[255]_i_23_n_0
                         CARRY8 (Prop_CARRY8_S[0]_O[5])
                                                      0.306     9.191 r  alu/alu/cacheData_ext/computed_reg[255]_i_6/O[5]
                         net (fo=1, unplaced)         0.310     9.501    alu/alu/cacheData_ext/computed_reg[255]_i_6_n_10
                         LUT4 (Prop_LUT4_I1_O)        0.040     9.541 r  alu/alu/cacheData_ext/computed[253]_i_5/O
                         net (fo=1, unplaced)         0.249     9.790    alu/alu/cacheData_ext/computed[253]_i_5_n_0
                         LUT6 (Prop_LUT6_I5_O)        0.040     9.830 r  alu/alu/cacheData_ext/computed[253]_i_1/O
                         net (fo=2, unplaced)         0.249    10.079    alu/alu/cacheData_ext/D[253]
                         LUT5 (Prop_LUT5_I0_O)        0.040    10.119 r  alu/alu/cacheData_ext/Memory_reg_0_31_252_253_i_1/O
                         net (fo=8, unplaced)         0.241    10.360    alu/alu/cacheData_ext/Memory_reg_0_31_252_253/DIA1
                         RAMD32                                       r  alu/alu/cacheData_ext/Memory_reg_0_31_252_253/RAMA_D1/I
  -------------------------------------------------------------------    -------------------

                         (clock rvv_clock rise edge)
                                                     10.000    10.000 r  
                         propagated clock network latency
                                                      0.000    10.000    
                         clock pessimism              0.000    10.000    
                         clock uncertainty           -0.035     9.965    
                         RAMD32 (Setup_RAMD32_CLK_I)
                                                     -0.049     9.916    alu/alu/cacheData_ext/Memory_reg_0_31_252_253/RAMA_D1
  -------------------------------------------------------------------
                         required time                          9.916    
                         arrival time                         -10.360    
  -------------------------------------------------------------------
                         slack                                 -0.444    

Slack (VIOLATED) :        -0.444ns  (required time - arrival time)
  Source:                 alu/alu/tokens_3_desc_decoded_op_reg[3]__0/C
                            (rising edge-triggered cell FDRE clocked by rvv_clock  {rise@0.000ns fall@5.000ns period=10.000ns})
  Destination:            alu/alu/cacheData_ext/Memory_reg_0_31_252_253/RAMB_D1/I
                            (rising edge-triggered cell RAMD32 clocked by rvv_clock  {rise@0.000ns fall@5.000ns period=10.000ns})
  Path Group:             rvv_clock
  Path Type:              Setup (Max at Slow Process Corner)
  Requirement:            10.000ns  (rvv_clock rise@10.000ns - rvv_clock rise@0.000ns)
  Data Path Delay:        10.360ns  (logic 4.737ns (45.724%)  route 5.623ns (54.276%))
  Logic Levels:           34  (CARRY8=15 LUT3=1 LUT4=4 LUT5=1 LUT6=13)
  Clock Uncertainty:      0.035ns  ((TSJ^2 + TIJ^2)^1/2 + DJ) / 2 + PE
    Total System Jitter     (TSJ):    0.071ns
    Total Input Jitter      (TIJ):    0.000ns
    Discrete Jitter          (DJ):    0.000ns
    Phase Error              (PE):    0.000ns

    Location             Delay type                Incr(ns)  Path(ns)    Netlist Resource(s)
  -------------------------------------------------------------------    -------------------
                         (clock rvv_clock rise edge)
                                                      0.000     0.000 r  
                         propagated clock network latency
                                                      0.000     0.000    
                         FDRE                         0.000     0.000 r  alu/alu/tokens_3_desc_decoded_op_reg[3]__0/C
                         FDRE (Prop_FDRE_C_Q)         0.115     0.115 f  alu/alu/tokens_3_desc_decoded_op_reg[3]__0/Q
                         net (fo=12, unplaced)        0.297     0.412    alu/alu/cacheData_ext/tokens_3_desc_decoded_op[3]
                         LUT4 (Prop_LUT4_I0_O)        0.132     0.544 r  alu/alu/cacheData_ext/Memory_reg_0_31_0_1_i_26/O
                         net (fo=13, unplaced)        0.288     0.832    alu/alu/cacheData_ext/Memory_reg_0_31_0_1_i_26_n_0
                         LUT4 (Prop_LUT4_I2_O)        0.040     0.872 f  alu/alu/cacheData_ext/computed[511]_i_180/O
                         net (fo=109, unplaced)       0.337     1.209    alu/alu/cacheData_ext/computed[511]_i_180_n_0
                         LUT4 (Prop_LUT4_I2_O)        0.040     1.249 f  alu/alu/cacheData_ext/computed[511]_i_290/O
                         net (fo=1, unplaced)         0.251     1.500    alu/alu/cacheData_ext/computed[511]_i_290_n_0
                         LUT6 (Prop_LUT6_I0_O)        0.132     1.632 f  alu/alu/cacheData_ext/computed[511]_i_219/O
                         net (fo=1, unplaced)         0.230     1.862    alu/alu/cacheData_ext/computed[511]_i_219_n_0
                         LUT6 (Prop_LUT6_I0_O)        0.176     2.038 f  alu/alu/cacheData_ext/computed[511]_i_142/O
                         net (fo=1, unplaced)         0.249     2.287    alu/alu/cacheData_ext/computed[511]_i_142_n_0
                         LUT6 (Prop_LUT6_I5_O)        0.040     2.327 r  alu/alu/cacheData_ext/computed[511]_i_65/O
                         net (fo=1, unplaced)         0.249     2.576    alu/alu/cacheData_ext/computed[511]_i_65_n_0
                         LUT6 (Prop_LUT6_I2_O)        0.040     2.616 r  alu/alu/cacheData_ext/computed[511]_i_21/O
                         net (fo=25, unplaced)        0.303     2.919    alu/alu/cacheData_ext/computed[511]_i_21_n_0
                         LUT6 (Prop_LUT6_I4_O)        0.040     2.959 r  alu/alu/cacheData_ext/Memory_reg_0_31_192_193_i_40/O
                         net (fo=91, unplaced)        0.333     3.292    alu/alu/cacheData_ext/Memory_reg_0_31_192_193_i_40_n_0
                         LUT3 (Prop_LUT3_I1_O)        0.095     3.387 r  alu/alu/cacheData_ext/Memory_reg_0_31_192_193_i_50/O
                         net (fo=1, unplaced)         0.294     3.681    alu/alu/cacheData_ext/Memory_reg_0_31_192_193_i_50_n_0
                         CARRY8 (Prop_CARRY8_DI[0]_CO[7])
                                                      0.355     4.036 r  alu/alu/cacheData_ext/Memory_reg_0_31_192_193_i_23/CO[7]
                         net (fo=1, unplaced)         0.000     4.036    alu/alu/cacheData_ext/Memory_reg_0_31_192_193_i_23_n_0
                         CARRY8 (Prop_CARRY8_CI_CO[0])
                                                      0.096     4.132 r  alu/alu/cacheData_ext/Memory_reg_0_31_200_201_i_43/CO[0]
                         net (fo=1, unplaced)         0.249     4.381    alu/alu/cacheData_ext/_result_sums_sum_T_74[8]
                         LUT6 (Prop_LUT6_I3_O)        0.040     4.421 r  alu/alu/cacheData_ext/Memory_reg_0_31_200_201_i_41/O
                         net (fo=1, unplaced)         0.000     4.421    alu/alu/cacheData_ext/Memory_reg_0_31_200_201_i_41_n_0
                         CARRY8 (Prop_CARRY8_S[0]_CO[7])
                                                      0.359     4.780 r  alu/alu/cacheData_ext/Memory_reg_0_31_200_201_i_15/CO[7]
                         net (fo=1, unplaced)         0.000     4.780    alu/alu/cacheData_ext/Memory_reg_0_31_200_201_i_15_n_0
                         CARRY8 (Prop_CARRY8_CI_CO[0])
                                                      0.096     4.876 r  alu/alu/cacheData_ext/computed_reg[211]_i_24/CO[0]
                         net (fo=1, unplaced)         0.249     5.125    alu/alu/cacheData_ext/_result_sums_sum_T_77[8]
                         LUT6 (Prop_LUT6_I5_O)        0.040     5.165 r  alu/alu/cacheData_ext/computed[211]_i_23/O
                         net (fo=1, unplaced)         0.000     5.165    alu/alu/cacheData_ext/computed[211]_i_23_n_0
                         CARRY8 (Prop_CARRY8_S[0]_CO[7])
                                                      0.359     5.524 r  alu/alu/cacheData_ext/computed_reg[211]_i_6/CO[7]
                         net (fo=1, unplaced)         0.000     5.524    alu/alu/cacheData_ext/computed_reg[211]_i_6_n_0
                         CARRY8 (Prop_CARRY8_CI_CO[0])
                                                      0.096     5.620 r  alu/alu/cacheData_ext/Memory_reg_0_31_216_217_i_36/CO[0]
                         net (fo=1, unplaced)         0.249     5.869    alu/alu/cacheData_ext/_result_sums_sum_T_80[8]
                         LUT6 (Prop_LUT6_I3_O)        0.040     5.909 r  alu/alu/cacheData_ext/Memory_reg_0_31_216_217_i_34/O
                         net (fo=1, unplaced)         0.000     5.909    alu/alu/cacheData_ext/Memory_reg_0_31_216_217_i_34_n_0
                         CARRY8 (Prop_CARRY8_S[0]_CO[7])
                                                      0.359     6.268 r  alu/alu/cacheData_ext/Memory_reg_0_31_216_217_i_12/CO[7]
                         net (fo=1, unplaced)         0.000     6.268    alu/alu/cacheData_ext/Memory_reg_0_31_216_217_i_12_n_0
                         CARRY8 (Prop_CARRY8_CI_CO[0])
                                                      0.096     6.364 r  alu/alu/cacheData_ext/computed_reg[224]_i_23/CO[0]
                         net (fo=1, unplaced)         0.249     6.613    alu/alu/cacheData_ext/_result_sums_sum_T_83[8]
                         LUT6 (Prop_LUT6_I5_O)        0.040     6.653 r  alu/alu/cacheData_ext/computed[224]_i_22/O
                         net (fo=1, unplaced)         0.000     6.653    alu/alu/cacheData_ext/computed[224]_i_22_n_0
                         CARRY8 (Prop_CARRY8_S[0]_CO[7])
                                                      0.359     7.012 r  alu/alu/cacheData_ext/computed_reg[224]_i_5/CO[7]
                         net (fo=1, unplaced)         0.000     7.012    alu/alu/cacheData_ext/computed_reg[224]_i_5_n_0
                         CARRY8 (Prop_CARRY8_CI_CO[0])
                                                      0.096     7.108 r  alu/alu/cacheData_ext/computed_reg[239]_i_29/CO[0]
                         net (fo=1, unplaced)         0.249     7.357    alu/alu/cacheData_ext/_result_sums_sum_T_86[8]
                         LUT6 (Prop_LUT6_I3_O)        0.040     7.397 r  alu/alu/cacheData_ext/computed[239]_i_27/O
                         net (fo=1, unplaced)         0.000     7.397    alu/alu/cacheData_ext/computed[239]_i_27_n_0
                         CARRY8 (Prop_CARRY8_S[0]_CO[7])
                                                      0.359     7.756 r  alu/alu/cacheData_ext/computed_reg[239]_i_7/CO[7]
                         net (fo=1, unplaced)         0.000     7.756    alu/alu/cacheData_ext/computed_reg[239]_i_7_n_0
                         CARRY8 (Prop_CARRY8_CI_CO[0])
                                                      0.096     7.852 r  alu/alu/cacheData_ext/computed_reg[247]_i_32/CO[0]
                         net (fo=1, unplaced)         0.249     8.101    alu/alu/cacheData_ext/_result_sums_sum_T_89[8]
                         LUT6 (Prop_LUT6_I5_O)        0.040     8.141 r  alu/alu/cacheData_ext/computed[247]_i_26/O
                         net (fo=1, unplaced)         0.000     8.141    alu/alu/cacheData_ext/computed[247]_i_26_n_0
                         CARRY8 (Prop_CARRY8_S[0]_CO[7])
                                                      0.359     8.500 r  alu/alu/cacheData_ext/computed_reg[247]_i_9/CO[7]
                         net (fo=1, unplaced)         0.000     8.500    alu/alu/cacheData_ext/computed_reg[247]_i_9_n_0
                         CARRY8 (Prop_CARRY8_CI_CO[0])
                                                      0.096     8.596 r  alu/alu/cacheData_ext/computed_reg[255]_i_29/CO[0]
                         net (fo=1, unplaced)         0.249     8.845    alu/alu/cacheData_ext/_result_sums_sum_T_92[8]
                         LUT6 (Prop_LUT6_I3_O)        0.040     8.885 r  alu/alu/cacheData_ext/computed[255]_i_23/O
                         net (fo=1, unplaced)         0.000     8.885    alu/alu/cacheData_ext/computed[255]_i_23_n_0
                         CARRY8 (Prop_CARRY8_S[0]_O[5])
                                                      0.306     9.191 r  alu/alu/cacheData_ext/computed_reg[255]_i_6/O[5]
                         net (fo=1, unplaced)         0.310     9.501    alu/alu/cacheData_ext/computed_reg[255]_i_6_n_10
                         LUT4 (Prop_LUT4_I1_O)        0.040     9.541 r  alu/alu/cacheData_ext/computed[253]_i_5/O
                         net (fo=1, unplaced)         0.249     9.790    alu/alu/cacheData_ext/computed[253]_i_5_n_0
                         LUT6 (Prop_LUT6_I5_O)        0.040     9.830 r  alu/alu/cacheData_ext/computed[253]_i_1/O
                         net (fo=2, unplaced)         0.249    10.079    alu/alu/cacheData_ext/D[253]
                         LUT5 (Prop_LUT5_I0_O)        0.040    10.119 r  alu/alu/cacheData_ext/Memory_reg_0_31_252_253_i_1/O
                         net (fo=8, unplaced)         0.241    10.360    alu/alu/cacheData_ext/Memory_reg_0_31_252_253/DIB1
                         RAMD32                                       r  alu/alu/cacheData_ext/Memory_reg_0_31_252_253/RAMB_D1/I
  -------------------------------------------------------------------    -------------------

                         (clock rvv_clock rise edge)
                                                     10.000    10.000 r  
                         propagated clock network latency
                                                      0.000    10.000    
                         clock pessimism              0.000    10.000    
                         clock uncertainty           -0.035     9.965    
                         RAMD32 (Setup_RAMD32_CLK_I)
                                                     -0.049     9.916    alu/alu/cacheData_ext/Memory_reg_0_31_252_253/RAMB_D1
  -------------------------------------------------------------------
                         required time                          9.916    
                         arrival time                         -10.360    
  -------------------------------------------------------------------
                         slack                                 -0.444    

Slack (VIOLATED) :        -0.444ns  (required time - arrival time)
  Source:                 alu/alu/tokens_3_desc_decoded_op_reg[3]__0/C
                            (rising edge-triggered cell FDRE clocked by rvv_clock  {rise@0.000ns fall@5.000ns period=10.000ns})
  Destination:            alu/alu/cacheData_ext/Memory_reg_0_31_252_253/RAMC_D1/I
                            (rising edge-triggered cell RAMD32 clocked by rvv_clock  {rise@0.000ns fall@5.000ns period=10.000ns})
  Path Group:             rvv_clock
  Path Type:              Setup (Max at Slow Process Corner)
  Requirement:            10.000ns  (rvv_clock rise@10.000ns - rvv_clock rise@0.000ns)
  Data Path Delay:        10.360ns  (logic 4.737ns (45.724%)  route 5.623ns (54.276%))
  Logic Levels:           34  (CARRY8=15 LUT3=1 LUT4=4 LUT5=1 LUT6=13)
  Clock Uncertainty:      0.035ns  ((TSJ^2 + TIJ^2)^1/2 + DJ) / 2 + PE
    Total System Jitter     (TSJ):    0.071ns
    Total Input Jitter      (TIJ):    0.000ns
    Discrete Jitter          (DJ):    0.000ns
    Phase Error              (PE):    0.000ns

    Location             Delay type                Incr(ns)  Path(ns)    Netlist Resource(s)
  -------------------------------------------------------------------    -------------------
                         (clock rvv_clock rise edge)
                                                      0.000     0.000 r  
                         propagated clock network latency
                                                      0.000     0.000    
                         FDRE                         0.000     0.000 r  alu/alu/tokens_3_desc_decoded_op_reg[3]__0/C
                         FDRE (Prop_FDRE_C_Q)         0.115     0.115 f  alu/alu/tokens_3_desc_decoded_op_reg[3]__0/Q
                         net (fo=12, unplaced)        0.297     0.412    alu/alu/cacheData_ext/tokens_3_desc_decoded_op[3]
                         LUT4 (Prop_LUT4_I0_O)        0.132     0.544 r  alu/alu/cacheData_ext/Memory_reg_0_31_0_1_i_26/O
                         net (fo=13, unplaced)        0.288     0.832    alu/alu/cacheData_ext/Memory_reg_0_31_0_1_i_26_n_0
                         LUT4 (Prop_LUT4_I2_O)        0.040     0.872 f  alu/alu/cacheData_ext/computed[511]_i_180/O
                         net (fo=109, unplaced)       0.337     1.209    alu/alu/cacheData_ext/computed[511]_i_180_n_0
                         LUT4 (Prop_LUT4_I2_O)        0.040     1.249 f  alu/alu/cacheData_ext/computed[511]_i_290/O
                         net (fo=1, unplaced)         0.251     1.500    alu/alu/cacheData_ext/computed[511]_i_290_n_0
                         LUT6 (Prop_LUT6_I0_O)        0.132     1.632 f  alu/alu/cacheData_ext/computed[511]_i_219/O
                         net (fo=1, unplaced)         0.230     1.862    alu/alu/cacheData_ext/computed[511]_i_219_n_0
                         LUT6 (Prop_LUT6_I0_O)        0.176     2.038 f  alu/alu/cacheData_ext/computed[511]_i_142/O
                         net (fo=1, unplaced)         0.249     2.287    alu/alu/cacheData_ext/computed[511]_i_142_n_0
                         LUT6 (Prop_LUT6_I5_O)        0.040     2.327 r  alu/alu/cacheData_ext/computed[511]_i_65/O
                         net (fo=1, unplaced)         0.249     2.576    alu/alu/cacheData_ext/computed[511]_i_65_n_0
                         LUT6 (Prop_LUT6_I2_O)        0.040     2.616 r  alu/alu/cacheData_ext/computed[511]_i_21/O
                         net (fo=25, unplaced)        0.303     2.919    alu/alu/cacheData_ext/computed[511]_i_21_n_0
                         LUT6 (Prop_LUT6_I4_O)        0.040     2.959 r  alu/alu/cacheData_ext/Memory_reg_0_31_192_193_i_40/O
                         net (fo=91, unplaced)        0.333     3.292    alu/alu/cacheData_ext/Memory_reg_0_31_192_193_i_40_n_0
                         LUT3 (Prop_LUT3_I1_O)        0.095     3.387 r  alu/alu/cacheData_ext/Memory_reg_0_31_192_193_i_50/O
                         net (fo=1, unplaced)         0.294     3.681    alu/alu/cacheData_ext/Memory_reg_0_31_192_193_i_50_n_0
                         CARRY8 (Prop_CARRY8_DI[0]_CO[7])
                                                      0.355     4.036 r  alu/alu/cacheData_ext/Memory_reg_0_31_192_193_i_23/CO[7]
                         net (fo=1, unplaced)         0.000     4.036    alu/alu/cacheData_ext/Memory_reg_0_31_192_193_i_23_n_0
                         CARRY8 (Prop_CARRY8_CI_CO[0])
                                                      0.096     4.132 r  alu/alu/cacheData_ext/Memory_reg_0_31_200_201_i_43/CO[0]
                         net (fo=1, unplaced)         0.249     4.381    alu/alu/cacheData_ext/_result_sums_sum_T_74[8]
                         LUT6 (Prop_LUT6_I3_O)        0.040     4.421 r  alu/alu/cacheData_ext/Memory_reg_0_31_200_201_i_41/O
                         net (fo=1, unplaced)         0.000     4.421    alu/alu/cacheData_ext/Memory_reg_0_31_200_201_i_41_n_0
                         CARRY8 (Prop_CARRY8_S[0]_CO[7])
                                                      0.359     4.780 r  alu/alu/cacheData_ext/Memory_reg_0_31_200_201_i_15/CO[7]
                         net (fo=1, unplaced)         0.000     4.780    alu/alu/cacheData_ext/Memory_reg_0_31_200_201_i_15_n_0
                         CARRY8 (Prop_CARRY8_CI_CO[0])
                                                      0.096     4.876 r  alu/alu/cacheData_ext/computed_reg[211]_i_24/CO[0]
                         net (fo=1, unplaced)         0.249     5.125    alu/alu/cacheData_ext/_result_sums_sum_T_77[8]
                         LUT6 (Prop_LUT6_I5_O)        0.040     5.165 r  alu/alu/cacheData_ext/computed[211]_i_23/O
                         net (fo=1, unplaced)         0.000     5.165    alu/alu/cacheData_ext/computed[211]_i_23_n_0
                         CARRY8 (Prop_CARRY8_S[0]_CO[7])
                                                      0.359     5.524 r  alu/alu/cacheData_ext/computed_reg[211]_i_6/CO[7]
                         net (fo=1, unplaced)         0.000     5.524    alu/alu/cacheData_ext/computed_reg[211]_i_6_n_0
                         CARRY8 (Prop_CARRY8_CI_CO[0])
                                                      0.096     5.620 r  alu/alu/cacheData_ext/Memory_reg_0_31_216_217_i_36/CO[0]
                         net (fo=1, unplaced)         0.249     5.869    alu/alu/cacheData_ext/_result_sums_sum_T_80[8]
                         LUT6 (Prop_LUT6_I3_O)        0.040     5.909 r  alu/alu/cacheData_ext/Memory_reg_0_31_216_217_i_34/O
                         net (fo=1, unplaced)         0.000     5.909    alu/alu/cacheData_ext/Memory_reg_0_31_216_217_i_34_n_0
                         CARRY8 (Prop_CARRY8_S[0]_CO[7])
                                                      0.359     6.268 r  alu/alu/cacheData_ext/Memory_reg_0_31_216_217_i_12/CO[7]
                         net (fo=1, unplaced)         0.000     6.268    alu/alu/cacheData_ext/Memory_reg_0_31_216_217_i_12_n_0
                         CARRY8 (Prop_CARRY8_CI_CO[0])
                                                      0.096     6.364 r  alu/alu/cacheData_ext/computed_reg[224]_i_23/CO[0]
                         net (fo=1, unplaced)         0.249     6.613    alu/alu/cacheData_ext/_result_sums_sum_T_83[8]
                         LUT6 (Prop_LUT6_I5_O)        0.040     6.653 r  alu/alu/cacheData_ext/computed[224]_i_22/O
                         net (fo=1, unplaced)         0.000     6.653    alu/alu/cacheData_ext/computed[224]_i_22_n_0
                         CARRY8 (Prop_CARRY8_S[0]_CO[7])
                                                      0.359     7.012 r  alu/alu/cacheData_ext/computed_reg[224]_i_5/CO[7]
                         net (fo=1, unplaced)         0.000     7.012    alu/alu/cacheData_ext/computed_reg[224]_i_5_n_0
                         CARRY8 (Prop_CARRY8_CI_CO[0])
                                                      0.096     7.108 r  alu/alu/cacheData_ext/computed_reg[239]_i_29/CO[0]
                         net (fo=1, unplaced)         0.249     7.357    alu/alu/cacheData_ext/_result_sums_sum_T_86[8]
                         LUT6 (Prop_LUT6_I3_O)        0.040     7.397 r  alu/alu/cacheData_ext/computed[239]_i_27/O
                         net (fo=1, unplaced)         0.000     7.397    alu/alu/cacheData_ext/computed[239]_i_27_n_0
                         CARRY8 (Prop_CARRY8_S[0]_CO[7])
                                                      0.359     7.756 r  alu/alu/cacheData_ext/computed_reg[239]_i_7/CO[7]
                         net (fo=1, unplaced)         0.000     7.756    alu/alu/cacheData_ext/computed_reg[239]_i_7_n_0
                         CARRY8 (Prop_CARRY8_CI_CO[0])
                                                      0.096     7.852 r  alu/alu/cacheData_ext/computed_reg[247]_i_32/CO[0]
                         net (fo=1, unplaced)         0.249     8.101    alu/alu/cacheData_ext/_result_sums_sum_T_89[8]
                         LUT6 (Prop_LUT6_I5_O)        0.040     8.141 r  alu/alu/cacheData_ext/computed[247]_i_26/O
                         net (fo=1, unplaced)         0.000     8.141    alu/alu/cacheData_ext/computed[247]_i_26_n_0
                         CARRY8 (Prop_CARRY8_S[0]_CO[7])
                                                      0.359     8.500 r  alu/alu/cacheData_ext/computed_reg[247]_i_9/CO[7]
                         net (fo=1, unplaced)         0.000     8.500    alu/alu/cacheData_ext/computed_reg[247]_i_9_n_0
                         CARRY8 (Prop_CARRY8_CI_CO[0])
                                                      0.096     8.596 r  alu/alu/cacheData_ext/computed_reg[255]_i_29/CO[0]
                         net (fo=1, unplaced)         0.249     8.845    alu/alu/cacheData_ext/_result_sums_sum_T_92[8]
                         LUT6 (Prop_LUT6_I3_O)        0.040     8.885 r  alu/alu/cacheData_ext/computed[255]_i_23/O
                         net (fo=1, unplaced)         0.000     8.885    alu/alu/cacheData_ext/computed[255]_i_23_n_0
                         CARRY8 (Prop_CARRY8_S[0]_O[5])
                                                      0.306     9.191 r  alu/alu/cacheData_ext/computed_reg[255]_i_6/O[5]
                         net (fo=1, unplaced)         0.310     9.501    alu/alu/cacheData_ext/computed_reg[255]_i_6_n_10
                         LUT4 (Prop_LUT4_I1_O)        0.040     9.541 r  alu/alu/cacheData_ext/computed[253]_i_5/O
                         net (fo=1, unplaced)         0.249     9.790    alu/alu/cacheData_ext/computed[253]_i_5_n_0
                         LUT6 (Prop_LUT6_I5_O)        0.040     9.830 r  alu/alu/cacheData_ext/computed[253]_i_1/O
                         net (fo=2, unplaced)         0.249    10.079    alu/alu/cacheData_ext/D[253]
                         LUT5 (Prop_LUT5_I0_O)        0.040    10.119 r  alu/alu/cacheData_ext/Memory_reg_0_31_252_253_i_1/O
                         net (fo=8, unplaced)         0.241    10.360    alu/alu/cacheData_ext/Memory_reg_0_31_252_253/DIC1
                         RAMD32                                       r  alu/alu/cacheData_ext/Memory_reg_0_31_252_253/RAMC_D1/I
  -------------------------------------------------------------------    -------------------

                         (clock rvv_clock rise edge)
                                                     10.000    10.000 r  
                         propagated clock network latency
                                                      0.000    10.000    
                         clock pessimism              0.000    10.000    
                         clock uncertainty           -0.035     9.965    
                         RAMD32 (Setup_RAMD32_CLK_I)
                                                     -0.049     9.916    alu/alu/cacheData_ext/Memory_reg_0_31_252_253/RAMC_D1
  -------------------------------------------------------------------
                         required time                          9.916    
                         arrival time                         -10.360    
  -------------------------------------------------------------------
                         slack                                 -0.444    

Slack (VIOLATED) :        -0.444ns  (required time - arrival time)
  Source:                 alu/alu/tokens_3_desc_decoded_op_reg[3]__0/C
                            (rising edge-triggered cell FDRE clocked by rvv_clock  {rise@0.000ns fall@5.000ns period=10.000ns})
  Destination:            alu/alu/cacheData_ext/Memory_reg_0_31_252_253/RAMD_D1/I
                            (rising edge-triggered cell RAMD32 clocked by rvv_clock  {rise@0.000ns fall@5.000ns period=10.000ns})
  Path Group:             rvv_clock
  Path Type:              Setup (Max at Slow Process Corner)
  Requirement:            10.000ns  (rvv_clock rise@10.000ns - rvv_clock rise@0.000ns)
  Data Path Delay:        10.360ns  (logic 4.737ns (45.724%)  route 5.623ns (54.276%))
  Logic Levels:           34  (CARRY8=15 LUT3=1 LUT4=4 LUT5=1 LUT6=13)
  Clock Uncertainty:      0.035ns  ((TSJ^2 + TIJ^2)^1/2 + DJ) / 2 + PE
    Total System Jitter     (TSJ):    0.071ns
    Total Input Jitter      (TIJ):    0.000ns
    Discrete Jitter          (DJ):    0.000ns
    Phase Error              (PE):    0.000ns

    Location             Delay type                Incr(ns)  Path(ns)    Netlist Resource(s)
  -------------------------------------------------------------------    -------------------
                         (clock rvv_clock rise edge)
                                                      0.000     0.000 r  
                         propagated clock network latency
                                                      0.000     0.000    
                         FDRE                         0.000     0.000 r  alu/alu/tokens_3_desc_decoded_op_reg[3]__0/C
                         FDRE (Prop_FDRE_C_Q)         0.115     0.115 f  alu/alu/tokens_3_desc_decoded_op_reg[3]__0/Q
                         net (fo=12, unplaced)        0.297     0.412    alu/alu/cacheData_ext/tokens_3_desc_decoded_op[3]
                         LUT4 (Prop_LUT4_I0_O)        0.132     0.544 r  alu/alu/cacheData_ext/Memory_reg_0_31_0_1_i_26/O
                         net (fo=13, unplaced)        0.288     0.832    alu/alu/cacheData_ext/Memory_reg_0_31_0_1_i_26_n_0
                         LUT4 (Prop_LUT4_I2_O)        0.040     0.872 f  alu/alu/cacheData_ext/computed[511]_i_180/O
                         net (fo=109, unplaced)       0.337     1.209    alu/alu/cacheData_ext/computed[511]_i_180_n_0
                         LUT4 (Prop_LUT4_I2_O)        0.040     1.249 f  alu/alu/cacheData_ext/computed[511]_i_290/O
                         net (fo=1, unplaced)         0.251     1.500    alu/alu/cacheData_ext/computed[511]_i_290_n_0
                         LUT6 (Prop_LUT6_I0_O)        0.132     1.632 f  alu/alu/cacheData_ext/computed[511]_i_219/O
                         net (fo=1, unplaced)         0.230     1.862    alu/alu/cacheData_ext/computed[511]_i_219_n_0
                         LUT6 (Prop_LUT6_I0_O)        0.176     2.038 f  alu/alu/cacheData_ext/computed[511]_i_142/O
                         net (fo=1, unplaced)         0.249     2.287    alu/alu/cacheData_ext/computed[511]_i_142_n_0
                         LUT6 (Prop_LUT6_I5_O)        0.040     2.327 r  alu/alu/cacheData_ext/computed[511]_i_65/O
                         net (fo=1, unplaced)         0.249     2.576    alu/alu/cacheData_ext/computed[511]_i_65_n_0
                         LUT6 (Prop_LUT6_I2_O)        0.040     2.616 r  alu/alu/cacheData_ext/computed[511]_i_21/O
                         net (fo=25, unplaced)        0.303     2.919    alu/alu/cacheData_ext/computed[511]_i_21_n_0
                         LUT6 (Prop_LUT6_I4_O)        0.040     2.959 r  alu/alu/cacheData_ext/Memory_reg_0_31_192_193_i_40/O
                         net (fo=91, unplaced)        0.333     3.292    alu/alu/cacheData_ext/Memory_reg_0_31_192_193_i_40_n_0
                         LUT3 (Prop_LUT3_I1_O)        0.095     3.387 r  alu/alu/cacheData_ext/Memory_reg_0_31_192_193_i_50/O
                         net (fo=1, unplaced)         0.294     3.681    alu/alu/cacheData_ext/Memory_reg_0_31_192_193_i_50_n_0
                         CARRY8 (Prop_CARRY8_DI[0]_CO[7])
                                                      0.355     4.036 r  alu/alu/cacheData_ext/Memory_reg_0_31_192_193_i_23/CO[7]
                         net (fo=1, unplaced)         0.000     4.036    alu/alu/cacheData_ext/Memory_reg_0_31_192_193_i_23_n_0
                         CARRY8 (Prop_CARRY8_CI_CO[0])
                                                      0.096     4.132 r  alu/alu/cacheData_ext/Memory_reg_0_31_200_201_i_43/CO[0]
                         net (fo=1, unplaced)         0.249     4.381    alu/alu/cacheData_ext/_result_sums_sum_T_74[8]
                         LUT6 (Prop_LUT6_I3_O)        0.040     4.421 r  alu/alu/cacheData_ext/Memory_reg_0_31_200_201_i_41/O
                         net (fo=1, unplaced)         0.000     4.421    alu/alu/cacheData_ext/Memory_reg_0_31_200_201_i_41_n_0
                         CARRY8 (Prop_CARRY8_S[0]_CO[7])
                                                      0.359     4.780 r  alu/alu/cacheData_ext/Memory_reg_0_31_200_201_i_15/CO[7]
                         net (fo=1, unplaced)         0.000     4.780    alu/alu/cacheData_ext/Memory_reg_0_31_200_201_i_15_n_0
                         CARRY8 (Prop_CARRY8_CI_CO[0])
                                                      0.096     4.876 r  alu/alu/cacheData_ext/computed_reg[211]_i_24/CO[0]
                         net (fo=1, unplaced)         0.249     5.125    alu/alu/cacheData_ext/_result_sums_sum_T_77[8]
                         LUT6 (Prop_LUT6_I5_O)        0.040     5.165 r  alu/alu/cacheData_ext/computed[211]_i_23/O
                         net (fo=1, unplaced)         0.000     5.165    alu/alu/cacheData_ext/computed[211]_i_23_n_0
                         CARRY8 (Prop_CARRY8_S[0]_CO[7])
                                                      0.359     5.524 r  alu/alu/cacheData_ext/computed_reg[211]_i_6/CO[7]
                         net (fo=1, unplaced)         0.000     5.524    alu/alu/cacheData_ext/computed_reg[211]_i_6_n_0
                         CARRY8 (Prop_CARRY8_CI_CO[0])
                                                      0.096     5.620 r  alu/alu/cacheData_ext/Memory_reg_0_31_216_217_i_36/CO[0]
                         net (fo=1, unplaced)         0.249     5.869    alu/alu/cacheData_ext/_result_sums_sum_T_80[8]
                         LUT6 (Prop_LUT6_I3_O)        0.040     5.909 r  alu/alu/cacheData_ext/Memory_reg_0_31_216_217_i_34/O
                         net (fo=1, unplaced)         0.000     5.909    alu/alu/cacheData_ext/Memory_reg_0_31_216_217_i_34_n_0
                         CARRY8 (Prop_CARRY8_S[0]_CO[7])
                                                      0.359     6.268 r  alu/alu/cacheData_ext/Memory_reg_0_31_216_217_i_12/CO[7]
                         net (fo=1, unplaced)         0.000     6.268    alu/alu/cacheData_ext/Memory_reg_0_31_216_217_i_12_n_0
                         CARRY8 (Prop_CARRY8_CI_CO[0])
                                                      0.096     6.364 r  alu/alu/cacheData_ext/computed_reg[224]_i_23/CO[0]
                         net (fo=1, unplaced)         0.249     6.613    alu/alu/cacheData_ext/_result_sums_sum_T_83[8]
                         LUT6 (Prop_LUT6_I5_O)        0.040     6.653 r  alu/alu/cacheData_ext/computed[224]_i_22/O
                         net (fo=1, unplaced)         0.000     6.653    alu/alu/cacheData_ext/computed[224]_i_22_n_0
                         CARRY8 (Prop_CARRY8_S[0]_CO[7])
                                                      0.359     7.012 r  alu/alu/cacheData_ext/computed_reg[224]_i_5/CO[7]
                         net (fo=1, unplaced)         0.000     7.012    alu/alu/cacheData_ext/computed_reg[224]_i_5_n_0
                         CARRY8 (Prop_CARRY8_CI_CO[0])
                                                      0.096     7.108 r  alu/alu/cacheData_ext/computed_reg[239]_i_29/CO[0]
                         net (fo=1, unplaced)         0.249     7.357    alu/alu/cacheData_ext/_result_sums_sum_T_86[8]
                         LUT6 (Prop_LUT6_I3_O)        0.040     7.397 r  alu/alu/cacheData_ext/computed[239]_i_27/O
                         net (fo=1, unplaced)         0.000     7.397    alu/alu/cacheData_ext/computed[239]_i_27_n_0
                         CARRY8 (Prop_CARRY8_S[0]_CO[7])
                                                      0.359     7.756 r  alu/alu/cacheData_ext/computed_reg[239]_i_7/CO[7]
                         net (fo=1, unplaced)         0.000     7.756    alu/alu/cacheData_ext/computed_reg[239]_i_7_n_0
                         CARRY8 (Prop_CARRY8_CI_CO[0])
                                                      0.096     7.852 r  alu/alu/cacheData_ext/computed_reg[247]_i_32/CO[0]
                         net (fo=1, unplaced)         0.249     8.101    alu/alu/cacheData_ext/_result_sums_sum_T_89[8]
                         LUT6 (Prop_LUT6_I5_O)        0.040     8.141 r  alu/alu/cacheData_ext/computed[247]_i_26/O
                         net (fo=1, unplaced)         0.000     8.141    alu/alu/cacheData_ext/computed[247]_i_26_n_0
                         CARRY8 (Prop_CARRY8_S[0]_CO[7])
                                                      0.359     8.500 r  alu/alu/cacheData_ext/computed_reg[247]_i_9/CO[7]
                         net (fo=1, unplaced)         0.000     8.500    alu/alu/cacheData_ext/computed_reg[247]_i_9_n_0
                         CARRY8 (Prop_CARRY8_CI_CO[0])
                                                      0.096     8.596 r  alu/alu/cacheData_ext/computed_reg[255]_i_29/CO[0]
                         net (fo=1, unplaced)         0.249     8.845    alu/alu/cacheData_ext/_result_sums_sum_T_92[8]
                         LUT6 (Prop_LUT6_I3_O)        0.040     8.885 r  alu/alu/cacheData_ext/computed[255]_i_23/O
                         net (fo=1, unplaced)         0.000     8.885    alu/alu/cacheData_ext/computed[255]_i_23_n_0
                         CARRY8 (Prop_CARRY8_S[0]_O[5])
                                                      0.306     9.191 r  alu/alu/cacheData_ext/computed_reg[255]_i_6/O[5]
                         net (fo=1, unplaced)         0.310     9.501    alu/alu/cacheData_ext/computed_reg[255]_i_6_n_10
                         LUT4 (Prop_LUT4_I1_O)        0.040     9.541 r  alu/alu/cacheData_ext/computed[253]_i_5/O
                         net (fo=1, unplaced)         0.249     9.790    alu/alu/cacheData_ext/computed[253]_i_5_n_0
                         LUT6 (Prop_LUT6_I5_O)        0.040     9.830 r  alu/alu/cacheData_ext/computed[253]_i_1/O
                         net (fo=2, unplaced)         0.249    10.079    alu/alu/cacheData_ext/D[253]
                         LUT5 (Prop_LUT5_I0_O)        0.040    10.119 r  alu/alu/cacheData_ext/Memory_reg_0_31_252_253_i_1/O
                         net (fo=8, unplaced)         0.241    10.360    alu/alu/cacheData_ext/Memory_reg_0_31_252_253/DID1
                         RAMD32                                       r  alu/alu/cacheData_ext/Memory_reg_0_31_252_253/RAMD_D1/I
  -------------------------------------------------------------------    -------------------

                         (clock rvv_clock rise edge)
                                                     10.000    10.000 r  
                         propagated clock network latency
                                                      0.000    10.000    
                         clock pessimism              0.000    10.000    
                         clock uncertainty           -0.035     9.965    
                         RAMD32 (Setup_RAMD32_CLK_I)
                                                     -0.049     9.916    alu/alu/cacheData_ext/Memory_reg_0_31_252_253/RAMD_D1
  -------------------------------------------------------------------
                         required time                          9.916    
                         arrival time                         -10.360    
  -------------------------------------------------------------------
                         slack                                 -0.444    

Slack (VIOLATED) :        -0.444ns  (required time - arrival time)
  Source:                 alu/alu/tokens_3_desc_decoded_op_reg[3]__0/C
                            (rising edge-triggered cell FDRE clocked by rvv_clock  {rise@0.000ns fall@5.000ns period=10.000ns})
  Destination:            alu/alu/cacheData_ext/Memory_reg_0_31_252_253/RAME_D1/I
                            (rising edge-triggered cell RAMD32 clocked by rvv_clock  {rise@0.000ns fall@5.000ns period=10.000ns})
  Path Group:             rvv_clock
  Path Type:              Setup (Max at Slow Process Corner)
  Requirement:            10.000ns  (rvv_clock rise@10.000ns - rvv_clock rise@0.000ns)
  Data Path Delay:        10.360ns  (logic 4.737ns (45.724%)  route 5.623ns (54.276%))
  Logic Levels:           34  (CARRY8=15 LUT3=1 LUT4=4 LUT5=1 LUT6=13)
  Clock Uncertainty:      0.035ns  ((TSJ^2 + TIJ^2)^1/2 + DJ) / 2 + PE
    Total System Jitter     (TSJ):    0.071ns
    Total Input Jitter      (TIJ):    0.000ns
    Discrete Jitter          (DJ):    0.000ns
    Phase Error              (PE):    0.000ns

    Location             Delay type                Incr(ns)  Path(ns)    Netlist Resource(s)
  -------------------------------------------------------------------    -------------------
                         (clock rvv_clock rise edge)
                                                      0.000     0.000 r  
                         propagated clock network latency
                                                      0.000     0.000    
                         FDRE                         0.000     0.000 r  alu/alu/tokens_3_desc_decoded_op_reg[3]__0/C
                         FDRE (Prop_FDRE_C_Q)         0.115     0.115 f  alu/alu/tokens_3_desc_decoded_op_reg[3]__0/Q
                         net (fo=12, unplaced)        0.297     0.412    alu/alu/cacheData_ext/tokens_3_desc_decoded_op[3]
                         LUT4 (Prop_LUT4_I0_O)        0.132     0.544 r  alu/alu/cacheData_ext/Memory_reg_0_31_0_1_i_26/O
                         net (fo=13, unplaced)        0.288     0.832    alu/alu/cacheData_ext/Memory_reg_0_31_0_1_i_26_n_0
                         LUT4 (Prop_LUT4_I2_O)        0.040     0.872 f  alu/alu/cacheData_ext/computed[511]_i_180/O
                         net (fo=109, unplaced)       0.337     1.209    alu/alu/cacheData_ext/computed[511]_i_180_n_0
                         LUT4 (Prop_LUT4_I2_O)        0.040     1.249 f  alu/alu/cacheData_ext/computed[511]_i_290/O
                         net (fo=1, unplaced)         0.251     1.500    alu/alu/cacheData_ext/computed[511]_i_290_n_0
                         LUT6 (Prop_LUT6_I0_O)        0.132     1.632 f  alu/alu/cacheData_ext/computed[511]_i_219/O
                         net (fo=1, unplaced)         0.230     1.862    alu/alu/cacheData_ext/computed[511]_i_219_n_0
                         LUT6 (Prop_LUT6_I0_O)        0.176     2.038 f  alu/alu/cacheData_ext/computed[511]_i_142/O
                         net (fo=1, unplaced)         0.249     2.287    alu/alu/cacheData_ext/computed[511]_i_142_n_0
                         LUT6 (Prop_LUT6_I5_O)        0.040     2.327 r  alu/alu/cacheData_ext/computed[511]_i_65/O
                         net (fo=1, unplaced)         0.249     2.576    alu/alu/cacheData_ext/computed[511]_i_65_n_0
                         LUT6 (Prop_LUT6_I2_O)        0.040     2.616 r  alu/alu/cacheData_ext/computed[511]_i_21/O
                         net (fo=25, unplaced)        0.303     2.919    alu/alu/cacheData_ext/computed[511]_i_21_n_0
                         LUT6 (Prop_LUT6_I4_O)        0.040     2.959 r  alu/alu/cacheData_ext/Memory_reg_0_31_192_193_i_40/O
                         net (fo=91, unplaced)        0.333     3.292    alu/alu/cacheData_ext/Memory_reg_0_31_192_193_i_40_n_0
                         LUT3 (Prop_LUT3_I1_O)        0.095     3.387 r  alu/alu/cacheData_ext/Memory_reg_0_31_192_193_i_50/O
                         net (fo=1, unplaced)         0.294     3.681    alu/alu/cacheData_ext/Memory_reg_0_31_192_193_i_50_n_0
                         CARRY8 (Prop_CARRY8_DI[0]_CO[7])
                                                      0.355     4.036 r  alu/alu/cacheData_ext/Memory_reg_0_31_192_193_i_23/CO[7]
                         net (fo=1, unplaced)         0.000     4.036    alu/alu/cacheData_ext/Memory_reg_0_31_192_193_i_23_n_0
                         CARRY8 (Prop_CARRY8_CI_CO[0])
                                                      0.096     4.132 r  alu/alu/cacheData_ext/Memory_reg_0_31_200_201_i_43/CO[0]
                         net (fo=1, unplaced)         0.249     4.381    alu/alu/cacheData_ext/_result_sums_sum_T_74[8]
                         LUT6 (Prop_LUT6_I3_O)        0.040     4.421 r  alu/alu/cacheData_ext/Memory_reg_0_31_200_201_i_41/O
                         net (fo=1, unplaced)         0.000     4.421    alu/alu/cacheData_ext/Memory_reg_0_31_200_201_i_41_n_0
                         CARRY8 (Prop_CARRY8_S[0]_CO[7])
                                                      0.359     4.780 r  alu/alu/cacheData_ext/Memory_reg_0_31_200_201_i_15/CO[7]
                         net (fo=1, unplaced)         0.000     4.780    alu/alu/cacheData_ext/Memory_reg_0_31_200_201_i_15_n_0
                         CARRY8 (Prop_CARRY8_CI_CO[0])
                                                      0.096     4.876 r  alu/alu/cacheData_ext/computed_reg[211]_i_24/CO[0]
                         net (fo=1, unplaced)         0.249     5.125    alu/alu/cacheData_ext/_result_sums_sum_T_77[8]
                         LUT6 (Prop_LUT6_I5_O)        0.040     5.165 r  alu/alu/cacheData_ext/computed[211]_i_23/O
                         net (fo=1, unplaced)         0.000     5.165    alu/alu/cacheData_ext/computed[211]_i_23_n_0
                         CARRY8 (Prop_CARRY8_S[0]_CO[7])
                                                      0.359     5.524 r  alu/alu/cacheData_ext/computed_reg[211]_i_6/CO[7]
                         net (fo=1, unplaced)         0.000     5.524    alu/alu/cacheData_ext/computed_reg[211]_i_6_n_0
                         CARRY8 (Prop_CARRY8_CI_CO[0])
                                                      0.096     5.620 r  alu/alu/cacheData_ext/Memory_reg_0_31_216_217_i_36/CO[0]
                         net (fo=1, unplaced)         0.249     5.869    alu/alu/cacheData_ext/_result_sums_sum_T_80[8]
                         LUT6 (Prop_LUT6_I3_O)        0.040     5.909 r  alu/alu/cacheData_ext/Memory_reg_0_31_216_217_i_34/O
                         net (fo=1, unplaced)         0.000     5.909    alu/alu/cacheData_ext/Memory_reg_0_31_216_217_i_34_n_0
                         CARRY8 (Prop_CARRY8_S[0]_CO[7])
                                                      0.359     6.268 r  alu/alu/cacheData_ext/Memory_reg_0_31_216_217_i_12/CO[7]
                         net (fo=1, unplaced)         0.000     6.268    alu/alu/cacheData_ext/Memory_reg_0_31_216_217_i_12_n_0
                         CARRY8 (Prop_CARRY8_CI_CO[0])
                                                      0.096     6.364 r  alu/alu/cacheData_ext/computed_reg[224]_i_23/CO[0]
                         net (fo=1, unplaced)         0.249     6.613    alu/alu/cacheData_ext/_result_sums_sum_T_83[8]
                         LUT6 (Prop_LUT6_I5_O)        0.040     6.653 r  alu/alu/cacheData_ext/computed[224]_i_22/O
                         net (fo=1, unplaced)         0.000     6.653    alu/alu/cacheData_ext/computed[224]_i_22_n_0
                         CARRY8 (Prop_CARRY8_S[0]_CO[7])
                                                      0.359     7.012 r  alu/alu/cacheData_ext/computed_reg[224]_i_5/CO[7]
                         net (fo=1, unplaced)         0.000     7.012    alu/alu/cacheData_ext/computed_reg[224]_i_5_n_0
                         CARRY8 (Prop_CARRY8_CI_CO[0])
                                                      0.096     7.108 r  alu/alu/cacheData_ext/computed_reg[239]_i_29/CO[0]
                         net (fo=1, unplaced)         0.249     7.357    alu/alu/cacheData_ext/_result_sums_sum_T_86[8]
                         LUT6 (Prop_LUT6_I3_O)        0.040     7.397 r  alu/alu/cacheData_ext/computed[239]_i_27/O
                         net (fo=1, unplaced)         0.000     7.397    alu/alu/cacheData_ext/computed[239]_i_27_n_0
                         CARRY8 (Prop_CARRY8_S[0]_CO[7])
                                                      0.359     7.756 r  alu/alu/cacheData_ext/computed_reg[239]_i_7/CO[7]
                         net (fo=1, unplaced)         0.000     7.756    alu/alu/cacheData_ext/computed_reg[239]_i_7_n_0
                         CARRY8 (Prop_CARRY8_CI_CO[0])
                                                      0.096     7.852 r  alu/alu/cacheData_ext/computed_reg[247]_i_32/CO[0]
                         net (fo=1, unplaced)         0.249     8.101    alu/alu/cacheData_ext/_result_sums_sum_T_89[8]
                         LUT6 (Prop_LUT6_I5_O)        0.040     8.141 r  alu/alu/cacheData_ext/computed[247]_i_26/O
                         net (fo=1, unplaced)         0.000     8.141    alu/alu/cacheData_ext/computed[247]_i_26_n_0
                         CARRY8 (Prop_CARRY8_S[0]_CO[7])
                                                      0.359     8.500 r  alu/alu/cacheData_ext/computed_reg[247]_i_9/CO[7]
                         net (fo=1, unplaced)         0.000     8.500    alu/alu/cacheData_ext/computed_reg[247]_i_9_n_0
                         CARRY8 (Prop_CARRY8_CI_CO[0])
                                                      0.096     8.596 r  alu/alu/cacheData_ext/computed_reg[255]_i_29/CO[0]
                         net (fo=1, unplaced)         0.249     8.845    alu/alu/cacheData_ext/_result_sums_sum_T_92[8]
                         LUT6 (Prop_LUT6_I3_O)        0.040     8.885 r  alu/alu/cacheData_ext/computed[255]_i_23/O
                         net (fo=1, unplaced)         0.000     8.885    alu/alu/cacheData_ext/computed[255]_i_23_n_0
                         CARRY8 (Prop_CARRY8_S[0]_O[5])
                                                      0.306     9.191 r  alu/alu/cacheData_ext/computed_reg[255]_i_6/O[5]
                         net (fo=1, unplaced)         0.310     9.501    alu/alu/cacheData_ext/computed_reg[255]_i_6_n_10
                         LUT4 (Prop_LUT4_I1_O)        0.040     9.541 r  alu/alu/cacheData_ext/computed[253]_i_5/O
                         net (fo=1, unplaced)         0.249     9.790    alu/alu/cacheData_ext/computed[253]_i_5_n_0
                         LUT6 (Prop_LUT6_I5_O)        0.040     9.830 r  alu/alu/cacheData_ext/computed[253]_i_1/O
                         net (fo=2, unplaced)         0.249    10.079    alu/alu/cacheData_ext/D[253]
                         LUT5 (Prop_LUT5_I0_O)        0.040    10.119 r  alu/alu/cacheData_ext/Memory_reg_0_31_252_253_i_1/O
                         net (fo=8, unplaced)         0.241    10.360    alu/alu/cacheData_ext/Memory_reg_0_31_252_253/DIE1
                         RAMD32                                       r  alu/alu/cacheData_ext/Memory_reg_0_31_252_253/RAME_D1/I
  -------------------------------------------------------------------    -------------------

                         (clock rvv_clock rise edge)
                                                     10.000    10.000 r  
                         propagated clock network latency
                                                      0.000    10.000    
                         clock pessimism              0.000    10.000    
                         clock uncertainty           -0.035     9.965    
                         RAMD32 (Setup_RAMD32_CLK_I)
                                                     -0.049     9.916    alu/alu/cacheData_ext/Memory_reg_0_31_252_253/RAME_D1
  -------------------------------------------------------------------
                         required time                          9.916    
                         arrival time                         -10.360    
  -------------------------------------------------------------------
                         slack                                 -0.444    

Slack (VIOLATED) :        -0.444ns  (required time - arrival time)
  Source:                 alu/alu/tokens_3_desc_decoded_op_reg[3]__0/C
                            (rising edge-triggered cell FDRE clocked by rvv_clock  {rise@0.000ns fall@5.000ns period=10.000ns})
  Destination:            alu/alu/cacheData_ext/Memory_reg_0_31_252_253/RAMF_D1/I
                            (rising edge-triggered cell RAMD32 clocked by rvv_clock  {rise@0.000ns fall@5.000ns period=10.000ns})
  Path Group:             rvv_clock
  Path Type:              Setup (Max at Slow Process Corner)
  Requirement:            10.000ns  (rvv_clock rise@10.000ns - rvv_clock rise@0.000ns)
  Data Path Delay:        10.360ns  (logic 4.737ns (45.724%)  route 5.623ns (54.276%))
  Logic Levels:           34  (CARRY8=15 LUT3=1 LUT4=4 LUT5=1 LUT6=13)
  Clock Uncertainty:      0.035ns  ((TSJ^2 + TIJ^2)^1/2 + DJ) / 2 + PE
    Total System Jitter     (TSJ):    0.071ns
    Total Input Jitter      (TIJ):    0.000ns
    Discrete Jitter          (DJ):    0.000ns
    Phase Error              (PE):    0.000ns

    Location             Delay type                Incr(ns)  Path(ns)    Netlist Resource(s)
  -------------------------------------------------------------------    -------------------
                         (clock rvv_clock rise edge)
                                                      0.000     0.000 r  
                         propagated clock network latency
                                                      0.000     0.000    
                         FDRE                         0.000     0.000 r  alu/alu/tokens_3_desc_decoded_op_reg[3]__0/C
                         FDRE (Prop_FDRE_C_Q)         0.115     0.115 f  alu/alu/tokens_3_desc_decoded_op_reg[3]__0/Q
                         net (fo=12, unplaced)        0.297     0.412    alu/alu/cacheData_ext/tokens_3_desc_decoded_op[3]
                         LUT4 (Prop_LUT4_I0_O)        0.132     0.544 r  alu/alu/cacheData_ext/Memory_reg_0_31_0_1_i_26/O
                         net (fo=13, unplaced)        0.288     0.832    alu/alu/cacheData_ext/Memory_reg_0_31_0_1_i_26_n_0
                         LUT4 (Prop_LUT4_I2_O)        0.040     0.872 f  alu/alu/cacheData_ext/computed[511]_i_180/O
                         net (fo=109, unplaced)       0.337     1.209    alu/alu/cacheData_ext/computed[511]_i_180_n_0
                         LUT4 (Prop_LUT4_I2_O)        0.040     1.249 f  alu/alu/cacheData_ext/computed[511]_i_290/O
                         net (fo=1, unplaced)         0.251     1.500    alu/alu/cacheData_ext/computed[511]_i_290_n_0
                         LUT6 (Prop_LUT6_I0_O)        0.132     1.632 f  alu/alu/cacheData_ext/computed[511]_i_219/O
                         net (fo=1, unplaced)         0.230     1.862    alu/alu/cacheData_ext/computed[511]_i_219_n_0
                         LUT6 (Prop_LUT6_I0_O)        0.176     2.038 f  alu/alu/cacheData_ext/computed[511]_i_142/O
                         net (fo=1, unplaced)         0.249     2.287    alu/alu/cacheData_ext/computed[511]_i_142_n_0
                         LUT6 (Prop_LUT6_I5_O)        0.040     2.327 r  alu/alu/cacheData_ext/computed[511]_i_65/O
                         net (fo=1, unplaced)         0.249     2.576    alu/alu/cacheData_ext/computed[511]_i_65_n_0
                         LUT6 (Prop_LUT6_I2_O)        0.040     2.616 r  alu/alu/cacheData_ext/computed[511]_i_21/O
                         net (fo=25, unplaced)        0.303     2.919    alu/alu/cacheData_ext/computed[511]_i_21_n_0
                         LUT6 (Prop_LUT6_I4_O)        0.040     2.959 r  alu/alu/cacheData_ext/Memory_reg_0_31_192_193_i_40/O
                         net (fo=91, unplaced)        0.333     3.292    alu/alu/cacheData_ext/Memory_reg_0_31_192_193_i_40_n_0
                         LUT3 (Prop_LUT3_I1_O)        0.095     3.387 r  alu/alu/cacheData_ext/Memory_reg_0_31_192_193_i_50/O
                         net (fo=1, unplaced)         0.294     3.681    alu/alu/cacheData_ext/Memory_reg_0_31_192_193_i_50_n_0
                         CARRY8 (Prop_CARRY8_DI[0]_CO[7])
                                                      0.355     4.036 r  alu/alu/cacheData_ext/Memory_reg_0_31_192_193_i_23/CO[7]
                         net (fo=1, unplaced)         0.000     4.036    alu/alu/cacheData_ext/Memory_reg_0_31_192_193_i_23_n_0
                         CARRY8 (Prop_CARRY8_CI_CO[0])
                                                      0.096     4.132 r  alu/alu/cacheData_ext/Memory_reg_0_31_200_201_i_43/CO[0]
                         net (fo=1, unplaced)         0.249     4.381    alu/alu/cacheData_ext/_result_sums_sum_T_74[8]
                         LUT6 (Prop_LUT6_I3_O)        0.040     4.421 r  alu/alu/cacheData_ext/Memory_reg_0_31_200_201_i_41/O
                         net (fo=1, unplaced)         0.000     4.421    alu/alu/cacheData_ext/Memory_reg_0_31_200_201_i_41_n_0
                         CARRY8 (Prop_CARRY8_S[0]_CO[7])
                                                      0.359     4.780 r  alu/alu/cacheData_ext/Memory_reg_0_31_200_201_i_15/CO[7]
                         net (fo=1, unplaced)         0.000     4.780    alu/alu/cacheData_ext/Memory_reg_0_31_200_201_i_15_n_0
                         CARRY8 (Prop_CARRY8_CI_CO[0])
                                                      0.096     4.876 r  alu/alu/cacheData_ext/computed_reg[211]_i_24/CO[0]
                         net (fo=1, unplaced)         0.249     5.125    alu/alu/cacheData_ext/_result_sums_sum_T_77[8]
                         LUT6 (Prop_LUT6_I5_O)        0.040     5.165 r  alu/alu/cacheData_ext/computed[211]_i_23/O
                         net (fo=1, unplaced)         0.000     5.165    alu/alu/cacheData_ext/computed[211]_i_23_n_0
                         CARRY8 (Prop_CARRY8_S[0]_CO[7])
                                                      0.359     5.524 r  alu/alu/cacheData_ext/computed_reg[211]_i_6/CO[7]
                         net (fo=1, unplaced)         0.000     5.524    alu/alu/cacheData_ext/computed_reg[211]_i_6_n_0
                         CARRY8 (Prop_CARRY8_CI_CO[0])
                                                      0.096     5.620 r  alu/alu/cacheData_ext/Memory_reg_0_31_216_217_i_36/CO[0]
                         net (fo=1, unplaced)         0.249     5.869    alu/alu/cacheData_ext/_result_sums_sum_T_80[8]
                         LUT6 (Prop_LUT6_I3_O)        0.040     5.909 r  alu/alu/cacheData_ext/Memory_reg_0_31_216_217_i_34/O
                         net (fo=1, unplaced)         0.000     5.909    alu/alu/cacheData_ext/Memory_reg_0_31_216_217_i_34_n_0
                         CARRY8 (Prop_CARRY8_S[0]_CO[7])
                                                      0.359     6.268 r  alu/alu/cacheData_ext/Memory_reg_0_31_216_217_i_12/CO[7]
                         net (fo=1, unplaced)         0.000     6.268    alu/alu/cacheData_ext/Memory_reg_0_31_216_217_i_12_n_0
                         CARRY8 (Prop_CARRY8_CI_CO[0])
                                                      0.096     6.364 r  alu/alu/cacheData_ext/computed_reg[224]_i_23/CO[0]
                         net (fo=1, unplaced)         0.249     6.613    alu/alu/cacheData_ext/_result_sums_sum_T_83[8]
                         LUT6 (Prop_LUT6_I5_O)        0.040     6.653 r  alu/alu/cacheData_ext/computed[224]_i_22/O
                         net (fo=1, unplaced)         0.000     6.653    alu/alu/cacheData_ext/computed[224]_i_22_n_0
                         CARRY8 (Prop_CARRY8_S[0]_CO[7])
                                                      0.359     7.012 r  alu/alu/cacheData_ext/computed_reg[224]_i_5/CO[7]
                         net (fo=1, unplaced)         0.000     7.012    alu/alu/cacheData_ext/computed_reg[224]_i_5_n_0
                         CARRY8 (Prop_CARRY8_CI_CO[0])
                                                      0.096     7.108 r  alu/alu/cacheData_ext/computed_reg[239]_i_29/CO[0]
                         net (fo=1, unplaced)         0.249     7.357    alu/alu/cacheData_ext/_result_sums_sum_T_86[8]
                         LUT6 (Prop_LUT6_I3_O)        0.040     7.397 r  alu/alu/cacheData_ext/computed[239]_i_27/O
                         net (fo=1, unplaced)         0.000     7.397    alu/alu/cacheData_ext/computed[239]_i_27_n_0
                         CARRY8 (Prop_CARRY8_S[0]_CO[7])
                                                      0.359     7.756 r  alu/alu/cacheData_ext/computed_reg[239]_i_7/CO[7]
                         net (fo=1, unplaced)         0.000     7.756    alu/alu/cacheData_ext/computed_reg[239]_i_7_n_0
                         CARRY8 (Prop_CARRY8_CI_CO[0])
                                                      0.096     7.852 r  alu/alu/cacheData_ext/computed_reg[247]_i_32/CO[0]
                         net (fo=1, unplaced)         0.249     8.101    alu/alu/cacheData_ext/_result_sums_sum_T_89[8]
                         LUT6 (Prop_LUT6_I5_O)        0.040     8.141 r  alu/alu/cacheData_ext/computed[247]_i_26/O
                         net (fo=1, unplaced)         0.000     8.141    alu/alu/cacheData_ext/computed[247]_i_26_n_0
                         CARRY8 (Prop_CARRY8_S[0]_CO[7])
                                                      0.359     8.500 r  alu/alu/cacheData_ext/computed_reg[247]_i_9/CO[7]
                         net (fo=1, unplaced)         0.000     8.500    alu/alu/cacheData_ext/computed_reg[247]_i_9_n_0
                         CARRY8 (Prop_CARRY8_CI_CO[0])
                                                      0.096     8.596 r  alu/alu/cacheData_ext/computed_reg[255]_i_29/CO[0]
                         net (fo=1, unplaced)         0.249     8.845    alu/alu/cacheData_ext/_result_sums_sum_T_92[8]
                         LUT6 (Prop_LUT6_I3_O)        0.040     8.885 r  alu/alu/cacheData_ext/computed[255]_i_23/O
                         net (fo=1, unplaced)         0.000     8.885    alu/alu/cacheData_ext/computed[255]_i_23_n_0
                         CARRY8 (Prop_CARRY8_S[0]_O[5])
                                                      0.306     9.191 r  alu/alu/cacheData_ext/computed_reg[255]_i_6/O[5]
                         net (fo=1, unplaced)         0.310     9.501    alu/alu/cacheData_ext/computed_reg[255]_i_6_n_10
                         LUT4 (Prop_LUT4_I1_O)        0.040     9.541 r  alu/alu/cacheData_ext/computed[253]_i_5/O
                         net (fo=1, unplaced)         0.249     9.790    alu/alu/cacheData_ext/computed[253]_i_5_n_0
                         LUT6 (Prop_LUT6_I5_O)        0.040     9.830 r  alu/alu/cacheData_ext/computed[253]_i_1/O
                         net (fo=2, unplaced)         0.249    10.079    alu/alu/cacheData_ext/D[253]
                         LUT5 (Prop_LUT5_I0_O)        0.040    10.119 r  alu/alu/cacheData_ext/Memory_reg_0_31_252_253_i_1/O
                         net (fo=8, unplaced)         0.241    10.360    alu/alu/cacheData_ext/Memory_reg_0_31_252_253/DIF1
                         RAMD32                                       r  alu/alu/cacheData_ext/Memory_reg_0_31_252_253/RAMF_D1/I
  -------------------------------------------------------------------    -------------------

                         (clock rvv_clock rise edge)
                                                     10.000    10.000 r  
                         propagated clock network latency
                                                      0.000    10.000    
                         clock pessimism              0.000    10.000    
                         clock uncertainty           -0.035     9.965    
                         RAMD32 (Setup_RAMD32_CLK_I)
                                                     -0.049     9.916    alu/alu/cacheData_ext/Memory_reg_0_31_252_253/RAMF_D1
  -------------------------------------------------------------------
                         required time                          9.916    
                         arrival time                         -10.360    
  -------------------------------------------------------------------
                         slack                                 -0.444    

Slack (VIOLATED) :        -0.444ns  (required time - arrival time)
  Source:                 alu/alu/tokens_3_desc_decoded_op_reg[3]__0/C
                            (rising edge-triggered cell FDRE clocked by rvv_clock  {rise@0.000ns fall@5.000ns period=10.000ns})
  Destination:            alu/alu/cacheData_ext/Memory_reg_0_31_252_253/RAMG_D1/I
                            (rising edge-triggered cell RAMD32 clocked by rvv_clock  {rise@0.000ns fall@5.000ns period=10.000ns})
  Path Group:             rvv_clock
  Path Type:              Setup (Max at Slow Process Corner)
  Requirement:            10.000ns  (rvv_clock rise@10.000ns - rvv_clock rise@0.000ns)
  Data Path Delay:        10.360ns  (logic 4.737ns (45.724%)  route 5.623ns (54.276%))
  Logic Levels:           34  (CARRY8=15 LUT3=1 LUT4=4 LUT5=1 LUT6=13)
  Clock Uncertainty:      0.035ns  ((TSJ^2 + TIJ^2)^1/2 + DJ) / 2 + PE
    Total System Jitter     (TSJ):    0.071ns
    Total Input Jitter      (TIJ):    0.000ns
    Discrete Jitter          (DJ):    0.000ns
    Phase Error              (PE):    0.000ns

    Location             Delay type                Incr(ns)  Path(ns)    Netlist Resource(s)
  -------------------------------------------------------------------    -------------------
                         (clock rvv_clock rise edge)
                                                      0.000     0.000 r  
                         propagated clock network latency
                                                      0.000     0.000    
                         FDRE                         0.000     0.000 r  alu/alu/tokens_3_desc_decoded_op_reg[3]__0/C
                         FDRE (Prop_FDRE_C_Q)         0.115     0.115 f  alu/alu/tokens_3_desc_decoded_op_reg[3]__0/Q
                         net (fo=12, unplaced)        0.297     0.412    alu/alu/cacheData_ext/tokens_3_desc_decoded_op[3]
                         LUT4 (Prop_LUT4_I0_O)        0.132     0.544 r  alu/alu/cacheData_ext/Memory_reg_0_31_0_1_i_26/O
                         net (fo=13, unplaced)        0.288     0.832    alu/alu/cacheData_ext/Memory_reg_0_31_0_1_i_26_n_0
                         LUT4 (Prop_LUT4_I2_O)        0.040     0.872 f  alu/alu/cacheData_ext/computed[511]_i_180/O
                         net (fo=109, unplaced)       0.337     1.209    alu/alu/cacheData_ext/computed[511]_i_180_n_0
                         LUT4 (Prop_LUT4_I2_O)        0.040     1.249 f  alu/alu/cacheData_ext/computed[511]_i_290/O
                         net (fo=1, unplaced)         0.251     1.500    alu/alu/cacheData_ext/computed[511]_i_290_n_0
                         LUT6 (Prop_LUT6_I0_O)        0.132     1.632 f  alu/alu/cacheData_ext/computed[511]_i_219/O
                         net (fo=1, unplaced)         0.230     1.862    alu/alu/cacheData_ext/computed[511]_i_219_n_0
                         LUT6 (Prop_LUT6_I0_O)        0.176     2.038 f  alu/alu/cacheData_ext/computed[511]_i_142/O
                         net (fo=1, unplaced)         0.249     2.287    alu/alu/cacheData_ext/computed[511]_i_142_n_0
                         LUT6 (Prop_LUT6_I5_O)        0.040     2.327 r  alu/alu/cacheData_ext/computed[511]_i_65/O
                         net (fo=1, unplaced)         0.249     2.576    alu/alu/cacheData_ext/computed[511]_i_65_n_0
                         LUT6 (Prop_LUT6_I2_O)        0.040     2.616 r  alu/alu/cacheData_ext/computed[511]_i_21/O
                         net (fo=25, unplaced)        0.303     2.919    alu/alu/cacheData_ext/computed[511]_i_21_n_0
                         LUT6 (Prop_LUT6_I4_O)        0.040     2.959 r  alu/alu/cacheData_ext/Memory_reg_0_31_192_193_i_40/O
                         net (fo=91, unplaced)        0.333     3.292    alu/alu/cacheData_ext/Memory_reg_0_31_192_193_i_40_n_0
                         LUT3 (Prop_LUT3_I1_O)        0.095     3.387 r  alu/alu/cacheData_ext/Memory_reg_0_31_192_193_i_50/O
                         net (fo=1, unplaced)         0.294     3.681    alu/alu/cacheData_ext/Memory_reg_0_31_192_193_i_50_n_0
                         CARRY8 (Prop_CARRY8_DI[0]_CO[7])
                                                      0.355     4.036 r  alu/alu/cacheData_ext/Memory_reg_0_31_192_193_i_23/CO[7]
                         net (fo=1, unplaced)         0.000     4.036    alu/alu/cacheData_ext/Memory_reg_0_31_192_193_i_23_n_0
                         CARRY8 (Prop_CARRY8_CI_CO[0])
                                                      0.096     4.132 r  alu/alu/cacheData_ext/Memory_reg_0_31_200_201_i_43/CO[0]
                         net (fo=1, unplaced)         0.249     4.381    alu/alu/cacheData_ext/_result_sums_sum_T_74[8]
                         LUT6 (Prop_LUT6_I3_O)        0.040     4.421 r  alu/alu/cacheData_ext/Memory_reg_0_31_200_201_i_41/O
                         net (fo=1, unplaced)         0.000     4.421    alu/alu/cacheData_ext/Memory_reg_0_31_200_201_i_41_n_0
                         CARRY8 (Prop_CARRY8_S[0]_CO[7])
                                                      0.359     4.780 r  alu/alu/cacheData_ext/Memory_reg_0_31_200_201_i_15/CO[7]
                         net (fo=1, unplaced)         0.000     4.780    alu/alu/cacheData_ext/Memory_reg_0_31_200_201_i_15_n_0
                         CARRY8 (Prop_CARRY8_CI_CO[0])
                                                      0.096     4.876 r  alu/alu/cacheData_ext/computed_reg[211]_i_24/CO[0]
                         net (fo=1, unplaced)         0.249     5.125    alu/alu/cacheData_ext/_result_sums_sum_T_77[8]
                         LUT6 (Prop_LUT6_I5_O)        0.040     5.165 r  alu/alu/cacheData_ext/computed[211]_i_23/O
                         net (fo=1, unplaced)         0.000     5.165    alu/alu/cacheData_ext/computed[211]_i_23_n_0
                         CARRY8 (Prop_CARRY8_S[0]_CO[7])
                                                      0.359     5.524 r  alu/alu/cacheData_ext/computed_reg[211]_i_6/CO[7]
                         net (fo=1, unplaced)         0.000     5.524    alu/alu/cacheData_ext/computed_reg[211]_i_6_n_0
                         CARRY8 (Prop_CARRY8_CI_CO[0])
                                                      0.096     5.620 r  alu/alu/cacheData_ext/Memory_reg_0_31_216_217_i_36/CO[0]
                         net (fo=1, unplaced)         0.249     5.869    alu/alu/cacheData_ext/_result_sums_sum_T_80[8]
                         LUT6 (Prop_LUT6_I3_O)        0.040     5.909 r  alu/alu/cacheData_ext/Memory_reg_0_31_216_217_i_34/O
                         net (fo=1, unplaced)         0.000     5.909    alu/alu/cacheData_ext/Memory_reg_0_31_216_217_i_34_n_0
                         CARRY8 (Prop_CARRY8_S[0]_CO[7])
                                                      0.359     6.268 r  alu/alu/cacheData_ext/Memory_reg_0_31_216_217_i_12/CO[7]
                         net (fo=1, unplaced)         0.000     6.268    alu/alu/cacheData_ext/Memory_reg_0_31_216_217_i_12_n_0
                         CARRY8 (Prop_CARRY8_CI_CO[0])
                                                      0.096     6.364 r  alu/alu/cacheData_ext/computed_reg[224]_i_23/CO[0]
                         net (fo=1, unplaced)         0.249     6.613    alu/alu/cacheData_ext/_result_sums_sum_T_83[8]
                         LUT6 (Prop_LUT6_I5_O)        0.040     6.653 r  alu/alu/cacheData_ext/computed[224]_i_22/O
                         net (fo=1, unplaced)         0.000     6.653    alu/alu/cacheData_ext/computed[224]_i_22_n_0
                         CARRY8 (Prop_CARRY8_S[0]_CO[7])
                                                      0.359     7.012 r  alu/alu/cacheData_ext/computed_reg[224]_i_5/CO[7]
                         net (fo=1, unplaced)         0.000     7.012    alu/alu/cacheData_ext/computed_reg[224]_i_5_n_0
                         CARRY8 (Prop_CARRY8_CI_CO[0])
                                                      0.096     7.108 r  alu/alu/cacheData_ext/computed_reg[239]_i_29/CO[0]
                         net (fo=1, unplaced)         0.249     7.357    alu/alu/cacheData_ext/_result_sums_sum_T_86[8]
                         LUT6 (Prop_LUT6_I3_O)        0.040     7.397 r  alu/alu/cacheData_ext/computed[239]_i_27/O
                         net (fo=1, unplaced)         0.000     7.397    alu/alu/cacheData_ext/computed[239]_i_27_n_0
                         CARRY8 (Prop_CARRY8_S[0]_CO[7])
                                                      0.359     7.756 r  alu/alu/cacheData_ext/computed_reg[239]_i_7/CO[7]
                         net (fo=1, unplaced)         0.000     7.756    alu/alu/cacheData_ext/computed_reg[239]_i_7_n_0
                         CARRY8 (Prop_CARRY8_CI_CO[0])
                                                      0.096     7.852 r  alu/alu/cacheData_ext/computed_reg[247]_i_32/CO[0]
                         net (fo=1, unplaced)         0.249     8.101    alu/alu/cacheData_ext/_result_sums_sum_T_89[8]
                         LUT6 (Prop_LUT6_I5_O)        0.040     8.141 r  alu/alu/cacheData_ext/computed[247]_i_26/O
                         net (fo=1, unplaced)         0.000     8.141    alu/alu/cacheData_ext/computed[247]_i_26_n_0
                         CARRY8 (Prop_CARRY8_S[0]_CO[7])
                                                      0.359     8.500 r  alu/alu/cacheData_ext/computed_reg[247]_i_9/CO[7]
                         net (fo=1, unplaced)         0.000     8.500    alu/alu/cacheData_ext/computed_reg[247]_i_9_n_0
                         CARRY8 (Prop_CARRY8_CI_CO[0])
                                                      0.096     8.596 r  alu/alu/cacheData_ext/computed_reg[255]_i_29/CO[0]
                         net (fo=1, unplaced)         0.249     8.845    alu/alu/cacheData_ext/_result_sums_sum_T_92[8]
                         LUT6 (Prop_LUT6_I3_O)        0.040     8.885 r  alu/alu/cacheData_ext/computed[255]_i_23/O
                         net (fo=1, unplaced)         0.000     8.885    alu/alu/cacheData_ext/computed[255]_i_23_n_0
                         CARRY8 (Prop_CARRY8_S[0]_O[5])
                                                      0.306     9.191 r  alu/alu/cacheData_ext/computed_reg[255]_i_6/O[5]
                         net (fo=1, unplaced)         0.310     9.501    alu/alu/cacheData_ext/computed_reg[255]_i_6_n_10
                         LUT4 (Prop_LUT4_I1_O)        0.040     9.541 r  alu/alu/cacheData_ext/computed[253]_i_5/O
                         net (fo=1, unplaced)         0.249     9.790    alu/alu/cacheData_ext/computed[253]_i_5_n_0
                         LUT6 (Prop_LUT6_I5_O)        0.040     9.830 r  alu/alu/cacheData_ext/computed[253]_i_1/O
                         net (fo=2, unplaced)         0.249    10.079    alu/alu/cacheData_ext/D[253]
                         LUT5 (Prop_LUT5_I0_O)        0.040    10.119 r  alu/alu/cacheData_ext/Memory_reg_0_31_252_253_i_1/O
                         net (fo=8, unplaced)         0.241    10.360    alu/alu/cacheData_ext/Memory_reg_0_31_252_253/DIG1
                         RAMD32                                       r  alu/alu/cacheData_ext/Memory_reg_0_31_252_253/RAMG_D1/I
  -------------------------------------------------------------------    -------------------

                         (clock rvv_clock rise edge)
                                                     10.000    10.000 r  
                         propagated clock network latency
                                                      0.000    10.000    
                         clock pessimism              0.000    10.000    
                         clock uncertainty           -0.035     9.965    
                         RAMD32 (Setup_RAMD32_CLK_I)
                                                     -0.049     9.916    alu/alu/cacheData_ext/Memory_reg_0_31_252_253/RAMG_D1
  -------------------------------------------------------------------
                         required time                          9.916    
                         arrival time                         -10.360    
  -------------------------------------------------------------------
                         slack                                 -0.444    

Slack (VIOLATED) :        -0.444ns  (required time - arrival time)
  Source:                 alu/alu/tokens_3_desc_decoded_op_reg[3]__0/C
                            (rising edge-triggered cell FDRE clocked by rvv_clock  {rise@0.000ns fall@5.000ns period=10.000ns})
  Destination:            alu/alu/cacheData_ext/Memory_reg_0_31_252_253/RAMH_D1/I
                            (rising edge-triggered cell RAMS32 clocked by rvv_clock  {rise@0.000ns fall@5.000ns period=10.000ns})
  Path Group:             rvv_clock
  Path Type:              Setup (Max at Slow Process Corner)
  Requirement:            10.000ns  (rvv_clock rise@10.000ns - rvv_clock rise@0.000ns)
  Data Path Delay:        10.360ns  (logic 4.737ns (45.724%)  route 5.623ns (54.276%))
  Logic Levels:           34  (CARRY8=15 LUT3=1 LUT4=4 LUT5=1 LUT6=13)
  Clock Uncertainty:      0.035ns  ((TSJ^2 + TIJ^2)^1/2 + DJ) / 2 + PE
    Total System Jitter     (TSJ):    0.071ns
    Total Input Jitter      (TIJ):    0.000ns
    Discrete Jitter          (DJ):    0.000ns
    Phase Error              (PE):    0.000ns

    Location             Delay type                Incr(ns)  Path(ns)    Netlist Resource(s)
  -------------------------------------------------------------------    -------------------
                         (clock rvv_clock rise edge)
                                                      0.000     0.000 r  
                         propagated clock network latency
                                                      0.000     0.000    
                         FDRE                         0.000     0.000 r  alu/alu/tokens_3_desc_decoded_op_reg[3]__0/C
                         FDRE (Prop_FDRE_C_Q)         0.115     0.115 f  alu/alu/tokens_3_desc_decoded_op_reg[3]__0/Q
                         net (fo=12, unplaced)        0.297     0.412    alu/alu/cacheData_ext/tokens_3_desc_decoded_op[3]
                         LUT4 (Prop_LUT4_I0_O)        0.132     0.544 r  alu/alu/cacheData_ext/Memory_reg_0_31_0_1_i_26/O
                         net (fo=13, unplaced)        0.288     0.832    alu/alu/cacheData_ext/Memory_reg_0_31_0_1_i_26_n_0
                         LUT4 (Prop_LUT4_I2_O)        0.040     0.872 f  alu/alu/cacheData_ext/computed[511]_i_180/O
                         net (fo=109, unplaced)       0.337     1.209    alu/alu/cacheData_ext/computed[511]_i_180_n_0
                         LUT4 (Prop_LUT4_I2_O)        0.040     1.249 f  alu/alu/cacheData_ext/computed[511]_i_290/O
                         net (fo=1, unplaced)         0.251     1.500    alu/alu/cacheData_ext/computed[511]_i_290_n_0
                         LUT6 (Prop_LUT6_I0_O)        0.132     1.632 f  alu/alu/cacheData_ext/computed[511]_i_219/O
                         net (fo=1, unplaced)         0.230     1.862    alu/alu/cacheData_ext/computed[511]_i_219_n_0
                         LUT6 (Prop_LUT6_I0_O)        0.176     2.038 f  alu/alu/cacheData_ext/computed[511]_i_142/O
                         net (fo=1, unplaced)         0.249     2.287    alu/alu/cacheData_ext/computed[511]_i_142_n_0
                         LUT6 (Prop_LUT6_I5_O)        0.040     2.327 r  alu/alu/cacheData_ext/computed[511]_i_65/O
                         net (fo=1, unplaced)         0.249     2.576    alu/alu/cacheData_ext/computed[511]_i_65_n_0
                         LUT6 (Prop_LUT6_I2_O)        0.040     2.616 r  alu/alu/cacheData_ext/computed[511]_i_21/O
                         net (fo=25, unplaced)        0.303     2.919    alu/alu/cacheData_ext/computed[511]_i_21_n_0
                         LUT6 (Prop_LUT6_I4_O)        0.040     2.959 r  alu/alu/cacheData_ext/Memory_reg_0_31_192_193_i_40/O
                         net (fo=91, unplaced)        0.333     3.292    alu/alu/cacheData_ext/Memory_reg_0_31_192_193_i_40_n_0
                         LUT3 (Prop_LUT3_I1_O)        0.095     3.387 r  alu/alu/cacheData_ext/Memory_reg_0_31_192_193_i_50/O
                         net (fo=1, unplaced)         0.294     3.681    alu/alu/cacheData_ext/Memory_reg_0_31_192_193_i_50_n_0
                         CARRY8 (Prop_CARRY8_DI[0]_CO[7])
                                                      0.355     4.036 r  alu/alu/cacheData_ext/Memory_reg_0_31_192_193_i_23/CO[7]
                         net (fo=1, unplaced)         0.000     4.036    alu/alu/cacheData_ext/Memory_reg_0_31_192_193_i_23_n_0
                         CARRY8 (Prop_CARRY8_CI_CO[0])
                                                      0.096     4.132 r  alu/alu/cacheData_ext/Memory_reg_0_31_200_201_i_43/CO[0]
                         net (fo=1, unplaced)         0.249     4.381    alu/alu/cacheData_ext/_result_sums_sum_T_74[8]
                         LUT6 (Prop_LUT6_I3_O)        0.040     4.421 r  alu/alu/cacheData_ext/Memory_reg_0_31_200_201_i_41/O
                         net (fo=1, unplaced)         0.000     4.421    alu/alu/cacheData_ext/Memory_reg_0_31_200_201_i_41_n_0
                         CARRY8 (Prop_CARRY8_S[0]_CO[7])
                                                      0.359     4.780 r  alu/alu/cacheData_ext/Memory_reg_0_31_200_201_i_15/CO[7]
                         net (fo=1, unplaced)         0.000     4.780    alu/alu/cacheData_ext/Memory_reg_0_31_200_201_i_15_n_0
                         CARRY8 (Prop_CARRY8_CI_CO[0])
                                                      0.096     4.876 r  alu/alu/cacheData_ext/computed_reg[211]_i_24/CO[0]
                         net (fo=1, unplaced)         0.249     5.125    alu/alu/cacheData_ext/_result_sums_sum_T_77[8]
                         LUT6 (Prop_LUT6_I5_O)        0.040     5.165 r  alu/alu/cacheData_ext/computed[211]_i_23/O
                         net (fo=1, unplaced)         0.000     5.165    alu/alu/cacheData_ext/computed[211]_i_23_n_0
                         CARRY8 (Prop_CARRY8_S[0]_CO[7])
                                                      0.359     5.524 r  alu/alu/cacheData_ext/computed_reg[211]_i_6/CO[7]
                         net (fo=1, unplaced)         0.000     5.524    alu/alu/cacheData_ext/computed_reg[211]_i_6_n_0
                         CARRY8 (Prop_CARRY8_CI_CO[0])
                                                      0.096     5.620 r  alu/alu/cacheData_ext/Memory_reg_0_31_216_217_i_36/CO[0]
                         net (fo=1, unplaced)         0.249     5.869    alu/alu/cacheData_ext/_result_sums_sum_T_80[8]
                         LUT6 (Prop_LUT6_I3_O)        0.040     5.909 r  alu/alu/cacheData_ext/Memory_reg_0_31_216_217_i_34/O
                         net (fo=1, unplaced)         0.000     5.909    alu/alu/cacheData_ext/Memory_reg_0_31_216_217_i_34_n_0
                         CARRY8 (Prop_CARRY8_S[0]_CO[7])
                                                      0.359     6.268 r  alu/alu/cacheData_ext/Memory_reg_0_31_216_217_i_12/CO[7]
                         net (fo=1, unplaced)         0.000     6.268    alu/alu/cacheData_ext/Memory_reg_0_31_216_217_i_12_n_0
                         CARRY8 (Prop_CARRY8_CI_CO[0])
                                                      0.096     6.364 r  alu/alu/cacheData_ext/computed_reg[224]_i_23/CO[0]
                         net (fo=1, unplaced)         0.249     6.613    alu/alu/cacheData_ext/_result_sums_sum_T_83[8]
                         LUT6 (Prop_LUT6_I5_O)        0.040     6.653 r  alu/alu/cacheData_ext/computed[224]_i_22/O
                         net (fo=1, unplaced)         0.000     6.653    alu/alu/cacheData_ext/computed[224]_i_22_n_0
                         CARRY8 (Prop_CARRY8_S[0]_CO[7])
                                                      0.359     7.012 r  alu/alu/cacheData_ext/computed_reg[224]_i_5/CO[7]
                         net (fo=1, unplaced)         0.000     7.012    alu/alu/cacheData_ext/computed_reg[224]_i_5_n_0
                         CARRY8 (Prop_CARRY8_CI_CO[0])
                                                      0.096     7.108 r  alu/alu/cacheData_ext/computed_reg[239]_i_29/CO[0]
                         net (fo=1, unplaced)         0.249     7.357    alu/alu/cacheData_ext/_result_sums_sum_T_86[8]
                         LUT6 (Prop_LUT6_I3_O)        0.040     7.397 r  alu/alu/cacheData_ext/computed[239]_i_27/O
                         net (fo=1, unplaced)         0.000     7.397    alu/alu/cacheData_ext/computed[239]_i_27_n_0
                         CARRY8 (Prop_CARRY8_S[0]_CO[7])
                                                      0.359     7.756 r  alu/alu/cacheData_ext/computed_reg[239]_i_7/CO[7]
                         net (fo=1, unplaced)         0.000     7.756    alu/alu/cacheData_ext/computed_reg[239]_i_7_n_0
                         CARRY8 (Prop_CARRY8_CI_CO[0])
                                                      0.096     7.852 r  alu/alu/cacheData_ext/computed_reg[247]_i_32/CO[0]
                         net (fo=1, unplaced)         0.249     8.101    alu/alu/cacheData_ext/_result_sums_sum_T_89[8]
                         LUT6 (Prop_LUT6_I5_O)        0.040     8.141 r  alu/alu/cacheData_ext/computed[247]_i_26/O
                         net (fo=1, unplaced)         0.000     8.141    alu/alu/cacheData_ext/computed[247]_i_26_n_0
                         CARRY8 (Prop_CARRY8_S[0]_CO[7])
                                                      0.359     8.500 r  alu/alu/cacheData_ext/computed_reg[247]_i_9/CO[7]
                         net (fo=1, unplaced)         0.000     8.500    alu/alu/cacheData_ext/computed_reg[247]_i_9_n_0
                         CARRY8 (Prop_CARRY8_CI_CO[0])
                                                      0.096     8.596 r  alu/alu/cacheData_ext/computed_reg[255]_i_29/CO[0]
                         net (fo=1, unplaced)         0.249     8.845    alu/alu/cacheData_ext/_result_sums_sum_T_92[8]
                         LUT6 (Prop_LUT6_I3_O)        0.040     8.885 r  alu/alu/cacheData_ext/computed[255]_i_23/O
                         net (fo=1, unplaced)         0.000     8.885    alu/alu/cacheData_ext/computed[255]_i_23_n_0
                         CARRY8 (Prop_CARRY8_S[0]_O[5])
                                                      0.306     9.191 r  alu/alu/cacheData_ext/computed_reg[255]_i_6/O[5]
                         net (fo=1, unplaced)         0.310     9.501    alu/alu/cacheData_ext/computed_reg[255]_i_6_n_10
                         LUT4 (Prop_LUT4_I1_O)        0.040     9.541 r  alu/alu/cacheData_ext/computed[253]_i_5/O
                         net (fo=1, unplaced)         0.249     9.790    alu/alu/cacheData_ext/computed[253]_i_5_n_0
                         LUT6 (Prop_LUT6_I5_O)        0.040     9.830 r  alu/alu/cacheData_ext/computed[253]_i_1/O
                         net (fo=2, unplaced)         0.249    10.079    alu/alu/cacheData_ext/D[253]
                         LUT5 (Prop_LUT5_I0_O)        0.040    10.119 r  alu/alu/cacheData_ext/Memory_reg_0_31_252_253_i_1/O
                         net (fo=8, unplaced)         0.241    10.360    alu/alu/cacheData_ext/Memory_reg_0_31_252_253/DIH1
                         RAMS32                                       r  alu/alu/cacheData_ext/Memory_reg_0_31_252_253/RAMH_D1/I
  -------------------------------------------------------------------    -------------------

                         (clock rvv_clock rise edge)
                                                     10.000    10.000 r  
                         propagated clock network latency
                                                      0.000    10.000    
                         clock pessimism              0.000    10.000    
                         clock uncertainty           -0.035     9.965    
                         RAMS32 (Setup_RAMS32_CLK_I)
                                                     -0.049     9.916    alu/alu/cacheData_ext/Memory_reg_0_31_252_253/RAMH_D1
  -------------------------------------------------------------------
                         required time                          9.916    
                         arrival time                         -10.360    
  -------------------------------------------------------------------
                         slack                                 -0.444    

Slack (VIOLATED) :        -0.444ns  (required time - arrival time)
  Source:                 alu/alu/tokens_3_desc_decoded_op_reg[3]__0/C
                            (rising edge-triggered cell FDRE clocked by rvv_clock  {rise@0.000ns fall@5.000ns period=10.000ns})
  Destination:            alu/alu/cacheData_ext/Memory_reg_0_31_380_381/RAMA_D1/I
                            (rising edge-triggered cell RAMD32 clocked by rvv_clock  {rise@0.000ns fall@5.000ns period=10.000ns})
  Path Group:             rvv_clock
  Path Type:              Setup (Max at Slow Process Corner)
  Requirement:            10.000ns  (rvv_clock rise@10.000ns - rvv_clock rise@0.000ns)
  Data Path Delay:        10.360ns  (logic 4.737ns (45.724%)  route 5.623ns (54.276%))
  Logic Levels:           34  (CARRY8=15 LUT3=1 LUT4=4 LUT5=1 LUT6=13)
  Clock Uncertainty:      0.035ns  ((TSJ^2 + TIJ^2)^1/2 + DJ) / 2 + PE
    Total System Jitter     (TSJ):    0.071ns
    Total Input Jitter      (TIJ):    0.000ns
    Discrete Jitter          (DJ):    0.000ns
    Phase Error              (PE):    0.000ns

    Location             Delay type                Incr(ns)  Path(ns)    Netlist Resource(s)
  -------------------------------------------------------------------    -------------------
                         (clock rvv_clock rise edge)
                                                      0.000     0.000 r  
                         propagated clock network latency
                                                      0.000     0.000    
                         FDRE                         0.000     0.000 r  alu/alu/tokens_3_desc_decoded_op_reg[3]__0/C
                         FDRE (Prop_FDRE_C_Q)         0.115     0.115 f  alu/alu/tokens_3_desc_decoded_op_reg[3]__0/Q
                         net (fo=12, unplaced)        0.297     0.412    alu/alu/cacheData_ext/tokens_3_desc_decoded_op[3]
                         LUT4 (Prop_LUT4_I0_O)        0.132     0.544 r  alu/alu/cacheData_ext/Memory_reg_0_31_0_1_i_26/O
                         net (fo=13, unplaced)        0.288     0.832    alu/alu/cacheData_ext/Memory_reg_0_31_0_1_i_26_n_0
                         LUT4 (Prop_LUT4_I2_O)        0.040     0.872 f  alu/alu/cacheData_ext/computed[511]_i_180/O
                         net (fo=109, unplaced)       0.337     1.209    alu/alu/cacheData_ext/computed[511]_i_180_n_0
                         LUT4 (Prop_LUT4_I2_O)        0.040     1.249 f  alu/alu/cacheData_ext/computed[511]_i_290/O
                         net (fo=1, unplaced)         0.251     1.500    alu/alu/cacheData_ext/computed[511]_i_290_n_0
                         LUT6 (Prop_LUT6_I0_O)        0.132     1.632 f  alu/alu/cacheData_ext/computed[511]_i_219/O
                         net (fo=1, unplaced)         0.230     1.862    alu/alu/cacheData_ext/computed[511]_i_219_n_0
                         LUT6 (Prop_LUT6_I0_O)        0.176     2.038 f  alu/alu/cacheData_ext/computed[511]_i_142/O
                         net (fo=1, unplaced)         0.249     2.287    alu/alu/cacheData_ext/computed[511]_i_142_n_0
                         LUT6 (Prop_LUT6_I5_O)        0.040     2.327 r  alu/alu/cacheData_ext/computed[511]_i_65/O
                         net (fo=1, unplaced)         0.249     2.576    alu/alu/cacheData_ext/computed[511]_i_65_n_0
                         LUT6 (Prop_LUT6_I2_O)        0.040     2.616 r  alu/alu/cacheData_ext/computed[511]_i_21/O
                         net (fo=25, unplaced)        0.303     2.919    alu/alu/cacheData_ext/computed[511]_i_21_n_0
                         LUT6 (Prop_LUT6_I4_O)        0.040     2.959 r  alu/alu/cacheData_ext/Memory_reg_0_31_320_321_i_21/O
                         net (fo=92, unplaced)        0.333     3.292    alu/alu/cacheData_ext/Memory_reg_0_31_320_321_i_21_n_0
                         LUT3 (Prop_LUT3_I1_O)        0.095     3.387 r  alu/alu/cacheData_ext/Memory_reg_0_31_320_321_i_31/O
                         net (fo=1, unplaced)         0.294     3.681    alu/alu/cacheData_ext/Memory_reg_0_31_320_321_i_31_n_0
                         CARRY8 (Prop_CARRY8_DI[0]_CO[7])
                                                      0.355     4.036 r  alu/alu/cacheData_ext/Memory_reg_0_31_320_321_i_14/CO[7]
                         net (fo=1, unplaced)         0.000     4.036    alu/alu/cacheData_ext/Memory_reg_0_31_320_321_i_14_n_0
                         CARRY8 (Prop_CARRY8_CI_CO[0])
                                                      0.096     4.132 r  alu/alu/cacheData_ext/Memory_reg_0_31_328_329_i_42/CO[0]
                         net (fo=1, unplaced)         0.249     4.381    alu/alu/cacheData_ext/_result_sums_sum_T_122[8]
                         LUT6 (Prop_LUT6_I3_O)        0.040     4.421 r  alu/alu/cacheData_ext/Memory_reg_0_31_328_329_i_40/O
                         net (fo=1, unplaced)         0.000     4.421    alu/alu/cacheData_ext/Memory_reg_0_31_328_329_i_40_n_0
                         CARRY8 (Prop_CARRY8_S[0]_CO[7])
                                                      0.359     4.780 r  alu/alu/cacheData_ext/Memory_reg_0_31_328_329_i_16/CO[7]
                         net (fo=1, unplaced)         0.000     4.780    alu/alu/cacheData_ext/Memory_reg_0_31_328_329_i_16_n_0
                         CARRY8 (Prop_CARRY8_CI_CO[0])
                                                      0.096     4.876 r  alu/alu/cacheData_ext/computed_reg[339]_i_24/CO[0]
                         net (fo=1, unplaced)         0.249     5.125    alu/alu/cacheData_ext/_result_sums_sum_T_125[8]
                         LUT6 (Prop_LUT6_I5_O)        0.040     5.165 r  alu/alu/cacheData_ext/computed[339]_i_23/O
                         net (fo=1, unplaced)         0.000     5.165    alu/alu/cacheData_ext/computed[339]_i_23_n_0
                         CARRY8 (Prop_CARRY8_S[0]_CO[7])
                                                      0.359     5.524 r  alu/alu/cacheData_ext/computed_reg[339]_i_5/CO[7]
                         net (fo=1, unplaced)         0.000     5.524    alu/alu/cacheData_ext/computed_reg[339]_i_5_n_0
                         CARRY8 (Prop_CARRY8_CI_CO[0])
                                                      0.096     5.620 r  alu/alu/cacheData_ext/Memory_reg_0_31_348_349_i_37/CO[0]
                         net (fo=1, unplaced)         0.249     5.869    alu/alu/cacheData_ext/_result_sums_sum_T_128[8]
                         LUT6 (Prop_LUT6_I3_O)        0.040     5.909 r  alu/alu/cacheData_ext/Memory_reg_0_31_348_349_i_31/O
                         net (fo=1, unplaced)         0.000     5.909    alu/alu/cacheData_ext/Memory_reg_0_31_348_349_i_31_n_0
                         CARRY8 (Prop_CARRY8_S[0]_CO[7])
                                                      0.359     6.268 r  alu/alu/cacheData_ext/Memory_reg_0_31_348_349_i_11/CO[7]
                         net (fo=1, unplaced)         0.000     6.268    alu/alu/cacheData_ext/Memory_reg_0_31_348_349_i_11_n_0
                         CARRY8 (Prop_CARRY8_CI_CO[0])
                                                      0.096     6.364 r  alu/alu/cacheData_ext/computed_reg[352]_i_29/CO[0]
                         net (fo=1, unplaced)         0.249     6.613    alu/alu/cacheData_ext/_result_sums_sum_T_131[8]
                         LUT6 (Prop_LUT6_I5_O)        0.040     6.653 r  alu/alu/cacheData_ext/computed[352]_i_28/O
                         net (fo=1, unplaced)         0.000     6.653    alu/alu/cacheData_ext/computed[352]_i_28_n_0
                         CARRY8 (Prop_CARRY8_S[0]_CO[7])
                                                      0.359     7.012 r  alu/alu/cacheData_ext/computed_reg[352]_i_7/CO[7]
                         net (fo=1, unplaced)         0.000     7.012    alu/alu/cacheData_ext/computed_reg[352]_i_7_n_0
                         CARRY8 (Prop_CARRY8_CI_CO[0])
                                                      0.096     7.108 r  alu/alu/cacheData_ext/computed_reg[367]_i_29/CO[0]
                         net (fo=1, unplaced)         0.249     7.357    alu/alu/cacheData_ext/_result_sums_sum_T_134[8]
                         LUT6 (Prop_LUT6_I3_O)        0.040     7.397 r  alu/alu/cacheData_ext/computed[367]_i_27/O
                         net (fo=1, unplaced)         0.000     7.397    alu/alu/cacheData_ext/computed[367]_i_27_n_0
                         CARRY8 (Prop_CARRY8_S[0]_CO[7])
                                                      0.359     7.756 r  alu/alu/cacheData_ext/computed_reg[367]_i_7/CO[7]
                         net (fo=1, unplaced)         0.000     7.756    alu/alu/cacheData_ext/computed_reg[367]_i_7_n_0
                         CARRY8 (Prop_CARRY8_CI_CO[0])
                                                      0.096     7.852 r  alu/alu/cacheData_ext/computed_reg[375]_i_31/CO[0]
                         net (fo=1, unplaced)         0.249     8.101    alu/alu/cacheData_ext/_result_sums_sum_T_137[8]
                         LUT6 (Prop_LUT6_I5_O)        0.040     8.141 r  alu/alu/cacheData_ext/computed[375]_i_26/O
                         net (fo=1, unplaced)         0.000     8.141    alu/alu/cacheData_ext/computed[375]_i_26_n_0
                         CARRY8 (Prop_CARRY8_S[0]_CO[7])
                                                      0.359     8.500 r  alu/alu/cacheData_ext/computed_reg[375]_i_9/CO[7]
                         net (fo=1, unplaced)         0.000     8.500    alu/alu/cacheData_ext/computed_reg[375]_i_9_n_0
                         CARRY8 (Prop_CARRY8_CI_CO[0])
                                                      0.096     8.596 r  alu/alu/cacheData_ext/computed_reg[383]_i_29/CO[0]
                         net (fo=1, unplaced)         0.249     8.845    alu/alu/cacheData_ext/_result_sums_sum_T_140[8]
                         LUT6 (Prop_LUT6_I3_O)        0.040     8.885 r  alu/alu/cacheData_ext/computed[383]_i_23/O
                         net (fo=1, unplaced)         0.000     8.885    alu/alu/cacheData_ext/computed[383]_i_23_n_0
                         CARRY8 (Prop_CARRY8_S[0]_O[5])
                                                      0.306     9.191 r  alu/alu/cacheData_ext/computed_reg[383]_i_7/O[5]
                         net (fo=1, unplaced)         0.310     9.501    alu/alu/cacheData_ext/computed_reg[383]_i_7_n_10
                         LUT4 (Prop_LUT4_I1_O)        0.040     9.541 r  alu/alu/cacheData_ext/computed[381]_i_5/O
                         net (fo=1, unplaced)         0.249     9.790    alu/alu/cacheData_ext/computed[381]_i_5_n_0
                         LUT6 (Prop_LUT6_I5_O)        0.040     9.830 r  alu/alu/cacheData_ext/computed[381]_i_1/O
                         net (fo=2, unplaced)         0.249    10.079    alu/alu/cacheData_ext/D[381]
                         LUT5 (Prop_LUT5_I0_O)        0.040    10.119 r  alu/alu/cacheData_ext/Memory_reg_0_31_380_381_i_1/O
                         net (fo=8, unplaced)         0.241    10.360    alu/alu/cacheData_ext/Memory_reg_0_31_380_381/DIA1
                         RAMD32                                       r  alu/alu/cacheData_ext/Memory_reg_0_31_380_381/RAMA_D1/I
  -------------------------------------------------------------------    -------------------

                         (clock rvv_clock rise edge)
                                                     10.000    10.000 r  
                         propagated clock network latency
                                                      0.000    10.000    
                         clock pessimism              0.000    10.000    
                         clock uncertainty           -0.035     9.965    
                         RAMD32 (Setup_RAMD32_CLK_I)
                                                     -0.049     9.916    alu/alu/cacheData_ext/Memory_reg_0_31_380_381/RAMA_D1
  -------------------------------------------------------------------
                         required time                          9.916    
                         arrival time                         -10.360    
  -------------------------------------------------------------------
                         slack                                 -0.444    

Slack (VIOLATED) :        -0.444ns  (required time - arrival time)
  Source:                 alu/alu/tokens_3_desc_decoded_op_reg[3]__0/C
                            (rising edge-triggered cell FDRE clocked by rvv_clock  {rise@0.000ns fall@5.000ns period=10.000ns})
  Destination:            alu/alu/cacheData_ext/Memory_reg_0_31_380_381/RAMB_D1/I
                            (rising edge-triggered cell RAMD32 clocked by rvv_clock  {rise@0.000ns fall@5.000ns period=10.000ns})
  Path Group:             rvv_clock
  Path Type:              Setup (Max at Slow Process Corner)
  Requirement:            10.000ns  (rvv_clock rise@10.000ns - rvv_clock rise@0.000ns)
  Data Path Delay:        10.360ns  (logic 4.737ns (45.724%)  route 5.623ns (54.276%))
  Logic Levels:           34  (CARRY8=15 LUT3=1 LUT4=4 LUT5=1 LUT6=13)
  Clock Uncertainty:      0.035ns  ((TSJ^2 + TIJ^2)^1/2 + DJ) / 2 + PE
    Total System Jitter     (TSJ):    0.071ns
    Total Input Jitter      (TIJ):    0.000ns
    Discrete Jitter          (DJ):    0.000ns
    Phase Error              (PE):    0.000ns

    Location             Delay type                Incr(ns)  Path(ns)    Netlist Resource(s)
  -------------------------------------------------------------------    -------------------
                         (clock rvv_clock rise edge)
                                                      0.000     0.000 r  
                         propagated clock network latency
                                                      0.000     0.000    
                         FDRE                         0.000     0.000 r  alu/alu/tokens_3_desc_decoded_op_reg[3]__0/C
                         FDRE (Prop_FDRE_C_Q)         0.115     0.115 f  alu/alu/tokens_3_desc_decoded_op_reg[3]__0/Q
                         net (fo=12, unplaced)        0.297     0.412    alu/alu/cacheData_ext/tokens_3_desc_decoded_op[3]
                         LUT4 (Prop_LUT4_I0_O)        0.132     0.544 r  alu/alu/cacheData_ext/Memory_reg_0_31_0_1_i_26/O
                         net (fo=13, unplaced)        0.288     0.832    alu/alu/cacheData_ext/Memory_reg_0_31_0_1_i_26_n_0
                         LUT4 (Prop_LUT4_I2_O)        0.040     0.872 f  alu/alu/cacheData_ext/computed[511]_i_180/O
                         net (fo=109, unplaced)       0.337     1.209    alu/alu/cacheData_ext/computed[511]_i_180_n_0
                         LUT4 (Prop_LUT4_I2_O)        0.040     1.249 f  alu/alu/cacheData_ext/computed[511]_i_290/O
                         net (fo=1, unplaced)         0.251     1.500    alu/alu/cacheData_ext/computed[511]_i_290_n_0
                         LUT6 (Prop_LUT6_I0_O)        0.132     1.632 f  alu/alu/cacheData_ext/computed[511]_i_219/O
                         net (fo=1, unplaced)         0.230     1.862    alu/alu/cacheData_ext/computed[511]_i_219_n_0
                         LUT6 (Prop_LUT6_I0_O)        0.176     2.038 f  alu/alu/cacheData_ext/computed[511]_i_142/O
                         net (fo=1, unplaced)         0.249     2.287    alu/alu/cacheData_ext/computed[511]_i_142_n_0
                         LUT6 (Prop_LUT6_I5_O)        0.040     2.327 r  alu/alu/cacheData_ext/computed[511]_i_65/O
                         net (fo=1, unplaced)         0.249     2.576    alu/alu/cacheData_ext/computed[511]_i_65_n_0
                         LUT6 (Prop_LUT6_I2_O)        0.040     2.616 r  alu/alu/cacheData_ext/computed[511]_i_21/O
                         net (fo=25, unplaced)        0.303     2.919    alu/alu/cacheData_ext/computed[511]_i_21_n_0
                         LUT6 (Prop_LUT6_I4_O)        0.040     2.959 r  alu/alu/cacheData_ext/Memory_reg_0_31_320_321_i_21/O
                         net (fo=92, unplaced)        0.333     3.292    alu/alu/cacheData_ext/Memory_reg_0_31_320_321_i_21_n_0
                         LUT3 (Prop_LUT3_I1_O)        0.095     3.387 r  alu/alu/cacheData_ext/Memory_reg_0_31_320_321_i_31/O
                         net (fo=1, unplaced)         0.294     3.681    alu/alu/cacheData_ext/Memory_reg_0_31_320_321_i_31_n_0
                         CARRY8 (Prop_CARRY8_DI[0]_CO[7])
                                                      0.355     4.036 r  alu/alu/cacheData_ext/Memory_reg_0_31_320_321_i_14/CO[7]
                         net (fo=1, unplaced)         0.000     4.036    alu/alu/cacheData_ext/Memory_reg_0_31_320_321_i_14_n_0
                         CARRY8 (Prop_CARRY8_CI_CO[0])
                                                      0.096     4.132 r  alu/alu/cacheData_ext/Memory_reg_0_31_328_329_i_42/CO[0]
                         net (fo=1, unplaced)         0.249     4.381    alu/alu/cacheData_ext/_result_sums_sum_T_122[8]
                         LUT6 (Prop_LUT6_I3_O)        0.040     4.421 r  alu/alu/cacheData_ext/Memory_reg_0_31_328_329_i_40/O
                         net (fo=1, unplaced)         0.000     4.421    alu/alu/cacheData_ext/Memory_reg_0_31_328_329_i_40_n_0
                         CARRY8 (Prop_CARRY8_S[0]_CO[7])
                                                      0.359     4.780 r  alu/alu/cacheData_ext/Memory_reg_0_31_328_329_i_16/CO[7]
                         net (fo=1, unplaced)         0.000     4.780    alu/alu/cacheData_ext/Memory_reg_0_31_328_329_i_16_n_0
                         CARRY8 (Prop_CARRY8_CI_CO[0])
                                                      0.096     4.876 r  alu/alu/cacheData_ext/computed_reg[339]_i_24/CO[0]
                         net (fo=1, unplaced)         0.249     5.125    alu/alu/cacheData_ext/_result_sums_sum_T_125[8]
                         LUT6 (Prop_LUT6_I5_O)        0.040     5.165 r  alu/alu/cacheData_ext/computed[339]_i_23/O
                         net (fo=1, unplaced)         0.000     5.165    alu/alu/cacheData_ext/computed[339]_i_23_n_0
                         CARRY8 (Prop_CARRY8_S[0]_CO[7])
                                                      0.359     5.524 r  alu/alu/cacheData_ext/computed_reg[339]_i_5/CO[7]
                         net (fo=1, unplaced)         0.000     5.524    alu/alu/cacheData_ext/computed_reg[339]_i_5_n_0
                         CARRY8 (Prop_CARRY8_CI_CO[0])
                                                      0.096     5.620 r  alu/alu/cacheData_ext/Memory_reg_0_31_348_349_i_37/CO[0]
                         net (fo=1, unplaced)         0.249     5.869    alu/alu/cacheData_ext/_result_sums_sum_T_128[8]
                         LUT6 (Prop_LUT6_I3_O)        0.040     5.909 r  alu/alu/cacheData_ext/Memory_reg_0_31_348_349_i_31/O
                         net (fo=1, unplaced)         0.000     5.909    alu/alu/cacheData_ext/Memory_reg_0_31_348_349_i_31_n_0
                         CARRY8 (Prop_CARRY8_S[0]_CO[7])
                                                      0.359     6.268 r  alu/alu/cacheData_ext/Memory_reg_0_31_348_349_i_11/CO[7]
                         net (fo=1, unplaced)         0.000     6.268    alu/alu/cacheData_ext/Memory_reg_0_31_348_349_i_11_n_0
                         CARRY8 (Prop_CARRY8_CI_CO[0])
                                                      0.096     6.364 r  alu/alu/cacheData_ext/computed_reg[352]_i_29/CO[0]
                         net (fo=1, unplaced)         0.249     6.613    alu/alu/cacheData_ext/_result_sums_sum_T_131[8]
                         LUT6 (Prop_LUT6_I5_O)        0.040     6.653 r  alu/alu/cacheData_ext/computed[352]_i_28/O
                         net (fo=1, unplaced)         0.000     6.653    alu/alu/cacheData_ext/computed[352]_i_28_n_0
                         CARRY8 (Prop_CARRY8_S[0]_CO[7])
                                                      0.359     7.012 r  alu/alu/cacheData_ext/computed_reg[352]_i_7/CO[7]
                         net (fo=1, unplaced)         0.000     7.012    alu/alu/cacheData_ext/computed_reg[352]_i_7_n_0
                         CARRY8 (Prop_CARRY8_CI_CO[0])
                                                      0.096     7.108 r  alu/alu/cacheData_ext/computed_reg[367]_i_29/CO[0]
                         net (fo=1, unplaced)         0.249     7.357    alu/alu/cacheData_ext/_result_sums_sum_T_134[8]
                         LUT6 (Prop_LUT6_I3_O)        0.040     7.397 r  alu/alu/cacheData_ext/computed[367]_i_27/O
                         net (fo=1, unplaced)         0.000     7.397    alu/alu/cacheData_ext/computed[367]_i_27_n_0
                         CARRY8 (Prop_CARRY8_S[0]_CO[7])
                                                      0.359     7.756 r  alu/alu/cacheData_ext/computed_reg[367]_i_7/CO[7]
                         net (fo=1, unplaced)         0.000     7.756    alu/alu/cacheData_ext/computed_reg[367]_i_7_n_0
                         CARRY8 (Prop_CARRY8_CI_CO[0])
                                                      0.096     7.852 r  alu/alu/cacheData_ext/computed_reg[375]_i_31/CO[0]
                         net (fo=1, unplaced)         0.249     8.101    alu/alu/cacheData_ext/_result_sums_sum_T_137[8]
                         LUT6 (Prop_LUT6_I5_O)        0.040     8.141 r  alu/alu/cacheData_ext/computed[375]_i_26/O
                         net (fo=1, unplaced)         0.000     8.141    alu/alu/cacheData_ext/computed[375]_i_26_n_0
                         CARRY8 (Prop_CARRY8_S[0]_CO[7])
                                                      0.359     8.500 r  alu/alu/cacheData_ext/computed_reg[375]_i_9/CO[7]
                         net (fo=1, unplaced)         0.000     8.500    alu/alu/cacheData_ext/computed_reg[375]_i_9_n_0
                         CARRY8 (Prop_CARRY8_CI_CO[0])
                                                      0.096     8.596 r  alu/alu/cacheData_ext/computed_reg[383]_i_29/CO[0]
                         net (fo=1, unplaced)         0.249     8.845    alu/alu/cacheData_ext/_result_sums_sum_T_140[8]
                         LUT6 (Prop_LUT6_I3_O)        0.040     8.885 r  alu/alu/cacheData_ext/computed[383]_i_23/O
                         net (fo=1, unplaced)         0.000     8.885    alu/alu/cacheData_ext/computed[383]_i_23_n_0
                         CARRY8 (Prop_CARRY8_S[0]_O[5])
                                                      0.306     9.191 r  alu/alu/cacheData_ext/computed_reg[383]_i_7/O[5]
                         net (fo=1, unplaced)         0.310     9.501    alu/alu/cacheData_ext/computed_reg[383]_i_7_n_10
                         LUT4 (Prop_LUT4_I1_O)        0.040     9.541 r  alu/alu/cacheData_ext/computed[381]_i_5/O
                         net (fo=1, unplaced)         0.249     9.790    alu/alu/cacheData_ext/computed[381]_i_5_n_0
                         LUT6 (Prop_LUT6_I5_O)        0.040     9.830 r  alu/alu/cacheData_ext/computed[381]_i_1/O
                         net (fo=2, unplaced)         0.249    10.079    alu/alu/cacheData_ext/D[381]
                         LUT5 (Prop_LUT5_I0_O)        0.040    10.119 r  alu/alu/cacheData_ext/Memory_reg_0_31_380_381_i_1/O
                         net (fo=8, unplaced)         0.241    10.360    alu/alu/cacheData_ext/Memory_reg_0_31_380_381/DIB1
                         RAMD32                                       r  alu/alu/cacheData_ext/Memory_reg_0_31_380_381/RAMB_D1/I
  -------------------------------------------------------------------    -------------------

                         (clock rvv_clock rise edge)
                                                     10.000    10.000 r  
                         propagated clock network latency
                                                      0.000    10.000    
                         clock pessimism              0.000    10.000    
                         clock uncertainty           -0.035     9.965    
                         RAMD32 (Setup_RAMD32_CLK_I)
                                                     -0.049     9.916    alu/alu/cacheData_ext/Memory_reg_0_31_380_381/RAMB_D1
  -------------------------------------------------------------------
                         required time                          9.916    
                         arrival time                         -10.360    
  -------------------------------------------------------------------
                         slack                                 -0.444    




