cycle,counter,csr,expect_location,old,new,previous_increment,current_increment,derivation
2,3,0xb03,BreezeCsrPipelineSpec.scala:67 via :71,1,0,0,1,publish previous attributed event; defer current event
2,3,0xc03,BreezeCsrPipelineSpec.scala:67 via :72,1,0,0,1,publish previous attributed event; defer current event
3,3,0xb03,BreezeCsrPipelineSpec.scala:67 via :71,2,1,1,1,publish previous attributed event; defer current event
3,3,0xc03,BreezeCsrPipelineSpec.scala:67 via :72,2,1,1,1,publish previous attributed event; defer current event
3,4,0xb04,BreezeCsrPipelineSpec.scala:67 via :71,1,0,0,1,publish previous attributed event; defer current event
3,4,0xc04,BreezeCsrPipelineSpec.scala:67 via :72,1,0,0,1,publish previous attributed event; defer current event
4,3,0xb03,BreezeCsrPipelineSpec.scala:67 via :71,3,2,1,1,publish previous attributed event; defer current event
4,3,0xc03,BreezeCsrPipelineSpec.scala:67 via :72,3,2,1,1,publish previous attributed event; defer current event
4,4,0xb04,BreezeCsrPipelineSpec.scala:67 via :71,2,1,1,1,publish previous attributed event; defer current event
4,4,0xc04,BreezeCsrPipelineSpec.scala:67 via :72,2,1,1,1,publish previous attributed event; defer current event
4,5,0xb05,BreezeCsrPipelineSpec.scala:67 via :71,1,0,0,1,publish previous attributed event; defer current event
4,5,0xc05,BreezeCsrPipelineSpec.scala:67 via :72,1,0,0,1,publish previous attributed event; defer current event
5,3,0xb03,BreezeCsrPipelineSpec.scala:67 via :71,4,3,1,1,publish previous attributed event; defer current event
5,3,0xc03,BreezeCsrPipelineSpec.scala:67 via :72,4,3,1,1,publish previous attributed event; defer current event
5,4,0xb04,BreezeCsrPipelineSpec.scala:67 via :71,3,2,1,1,publish previous attributed event; defer current event
5,4,0xc04,BreezeCsrPipelineSpec.scala:67 via :72,3,2,1,1,publish previous attributed event; defer current event
5,5,0xb05,BreezeCsrPipelineSpec.scala:67 via :71,2,1,1,1,publish previous attributed event; defer current event
5,5,0xc05,BreezeCsrPipelineSpec.scala:67 via :72,2,1,1,1,publish previous attributed event; defer current event
5,6,0xb06,BreezeCsrPipelineSpec.scala:67 via :71,1,0,0,1,publish previous attributed event; defer current event
5,6,0xc06,BreezeCsrPipelineSpec.scala:67 via :72,1,0,0,1,publish previous attributed event; defer current event
6,3,0xb03,BreezeCsrPipelineSpec.scala:67 via :71,5,4,1,1,publish previous attributed event; defer current event
6,3,0xc03,BreezeCsrPipelineSpec.scala:67 via :72,5,4,1,1,publish previous attributed event; defer current event
6,4,0xb04,BreezeCsrPipelineSpec.scala:67 via :71,4,3,1,1,publish previous attributed event; defer current event
6,4,0xc04,BreezeCsrPipelineSpec.scala:67 via :72,4,3,1,1,publish previous attributed event; defer current event
6,5,0xb05,BreezeCsrPipelineSpec.scala:67 via :71,3,2,1,1,publish previous attributed event; defer current event
6,5,0xc05,BreezeCsrPipelineSpec.scala:67 via :72,3,2,1,1,publish previous attributed event; defer current event
6,6,0xb06,BreezeCsrPipelineSpec.scala:67 via :71,2,1,1,1,publish previous attributed event; defer current event
6,6,0xc06,BreezeCsrPipelineSpec.scala:67 via :72,2,1,1,1,publish previous attributed event; defer current event
6,7,0xb07,BreezeCsrPipelineSpec.scala:67 via :71,1,0,0,1,publish previous attributed event; defer current event
6,7,0xc07,BreezeCsrPipelineSpec.scala:67 via :72,1,0,0,1,publish previous attributed event; defer current event
7,3,0xb03,BreezeCsrPipelineSpec.scala:67 via :71,6,5,1,1,publish previous attributed event; defer current event
7,3,0xc03,BreezeCsrPipelineSpec.scala:67 via :72,6,5,1,1,publish previous attributed event; defer current event
7,4,0xb04,BreezeCsrPipelineSpec.scala:67 via :71,5,4,1,1,publish previous attributed event; defer current event
7,4,0xc04,BreezeCsrPipelineSpec.scala:67 via :72,5,4,1,1,publish previous attributed event; defer current event
7,5,0xb05,BreezeCsrPipelineSpec.scala:67 via :71,4,3,1,1,publish previous attributed event; defer current event
7,5,0xc05,BreezeCsrPipelineSpec.scala:67 via :72,4,3,1,1,publish previous attributed event; defer current event
7,6,0xb06,BreezeCsrPipelineSpec.scala:67 via :71,3,2,1,1,publish previous attributed event; defer current event
7,6,0xc06,BreezeCsrPipelineSpec.scala:67 via :72,3,2,1,1,publish previous attributed event; defer current event
7,7,0xb07,BreezeCsrPipelineSpec.scala:67 via :71,2,1,1,1,publish previous attributed event; defer current event
7,7,0xc07,BreezeCsrPipelineSpec.scala:67 via :72,2,1,1,1,publish previous attributed event; defer current event
7,8,0xb08,BreezeCsrPipelineSpec.scala:67 via :71,1,0,0,1,publish previous attributed event; defer current event
7,8,0xc08,BreezeCsrPipelineSpec.scala:67 via :72,1,0,0,1,publish previous attributed event; defer current event
8,3,0xb03,BreezeCsrPipelineSpec.scala:67 via :71,7,6,1,1,publish previous attributed event; defer current event
8,3,0xc03,BreezeCsrPipelineSpec.scala:67 via :72,7,6,1,1,publish previous attributed event; defer current event
8,4,0xb04,BreezeCsrPipelineSpec.scala:67 via :71,6,5,1,1,publish previous attributed event; defer current event
8,4,0xc04,BreezeCsrPipelineSpec.scala:67 via :72,6,5,1,1,publish previous attributed event; defer current event
8,5,0xb05,BreezeCsrPipelineSpec.scala:67 via :71,5,4,1,1,publish previous attributed event; defer current event
8,5,0xc05,BreezeCsrPipelineSpec.scala:67 via :72,5,4,1,1,publish previous attributed event; defer current event
8,6,0xb06,BreezeCsrPipelineSpec.scala:67 via :71,4,3,1,1,publish previous attributed event; defer current event
8,6,0xc06,BreezeCsrPipelineSpec.scala:67 via :72,4,3,1,1,publish previous attributed event; defer current event
8,7,0xb07,BreezeCsrPipelineSpec.scala:67 via :71,3,2,1,1,publish previous attributed event; defer current event
8,7,0xc07,BreezeCsrPipelineSpec.scala:67 via :72,3,2,1,1,publish previous attributed event; defer current event
8,8,0xb08,BreezeCsrPipelineSpec.scala:67 via :71,2,1,1,1,publish previous attributed event; defer current event
8,8,0xc08,BreezeCsrPipelineSpec.scala:67 via :72,2,1,1,1,publish previous attributed event; defer current event
8,9,0xb09,BreezeCsrPipelineSpec.scala:67 via :71,1,0,0,1,publish previous attributed event; defer current event
8,9,0xc09,BreezeCsrPipelineSpec.scala:67 via :72,1,0,0,1,publish previous attributed event; defer current event
9,3,0xb03,BreezeCsrPipelineSpec.scala:67 via :71,8,7,1,1,publish previous attributed event; defer current event
9,3,0xc03,BreezeCsrPipelineSpec.scala:67 via :72,8,7,1,1,publish previous attributed event; defer current event
9,4,0xb04,BreezeCsrPipelineSpec.scala:67 via :71,7,6,1,1,publish previous attributed event; defer current event
9,4,0xc04,BreezeCsrPipelineSpec.scala:67 via :72,7,6,1,1,publish previous attributed event; defer current event
9,5,0xb05,BreezeCsrPipelineSpec.scala:67 via :71,6,5,1,1,publish previous attributed event; defer current event
9,5,0xc05,BreezeCsrPipelineSpec.scala:67 via :72,6,5,1,1,publish previous attributed event; defer current event
9,6,0xb06,BreezeCsrPipelineSpec.scala:67 via :71,5,4,1,1,publish previous attributed event; defer current event
9,6,0xc06,BreezeCsrPipelineSpec.scala:67 via :72,5,4,1,1,publish previous attributed event; defer current event
9,7,0xb07,BreezeCsrPipelineSpec.scala:67 via :71,4,3,1,1,publish previous attributed event; defer current event
9,7,0xc07,BreezeCsrPipelineSpec.scala:67 via :72,4,3,1,1,publish previous attributed event; defer current event
9,8,0xb08,BreezeCsrPipelineSpec.scala:67 via :71,3,2,1,1,publish previous attributed event; defer current event
9,8,0xc08,BreezeCsrPipelineSpec.scala:67 via :72,3,2,1,1,publish previous attributed event; defer current event
9,9,0xb09,BreezeCsrPipelineSpec.scala:67 via :71,2,1,1,1,publish previous attributed event; defer current event
9,9,0xc09,BreezeCsrPipelineSpec.scala:67 via :72,2,1,1,1,publish previous attributed event; defer current event
9,10,0xb0a,BreezeCsrPipelineSpec.scala:67 via :71,1,0,0,1,publish previous attributed event; defer current event
9,10,0xc0a,BreezeCsrPipelineSpec.scala:67 via :72,1,0,0,1,publish previous attributed event; defer current event
10,3,0xb03,BreezeCsrPipelineSpec.scala:67 via :71,9,8,1,1,publish previous attributed event; defer current event
10,3,0xc03,BreezeCsrPipelineSpec.scala:67 via :72,9,8,1,1,publish previous attributed event; defer current event
10,4,0xb04,BreezeCsrPipelineSpec.scala:67 via :71,8,7,1,1,publish previous attributed event; defer current event
10,4,0xc04,BreezeCsrPipelineSpec.scala:67 via :72,8,7,1,1,publish previous attributed event; defer current event
10,5,0xb05,BreezeCsrPipelineSpec.scala:67 via :71,7,6,1,1,publish previous attributed event; defer current event
10,5,0xc05,BreezeCsrPipelineSpec.scala:67 via :72,7,6,1,1,publish previous attributed event; defer current event
10,6,0xb06,BreezeCsrPipelineSpec.scala:67 via :71,6,5,1,1,publish previous attributed event; defer current event
10,6,0xc06,BreezeCsrPipelineSpec.scala:67 via :72,6,5,1,1,publish previous attributed event; defer current event
10,7,0xb07,BreezeCsrPipelineSpec.scala:67 via :71,5,4,1,1,publish previous attributed event; defer current event
10,7,0xc07,BreezeCsrPipelineSpec.scala:67 via :72,5,4,1,1,publish previous attributed event; defer current event
10,8,0xb08,BreezeCsrPipelineSpec.scala:67 via :71,4,3,1,1,publish previous attributed event; defer current event
10,8,0xc08,BreezeCsrPipelineSpec.scala:67 via :72,4,3,1,1,publish previous attributed event; defer current event
10,9,0xb09,BreezeCsrPipelineSpec.scala:67 via :71,3,2,1,1,publish previous attributed event; defer current event
10,9,0xc09,BreezeCsrPipelineSpec.scala:67 via :72,3,2,1,1,publish previous attributed event; defer current event
10,10,0xb0a,BreezeCsrPipelineSpec.scala:67 via :71,2,1,1,1,publish previous attributed event; defer current event
10,10,0xc0a,BreezeCsrPipelineSpec.scala:67 via :72,2,1,1,1,publish previous attributed event; defer current event
11,3,0xb03,BreezeCsrPipelineSpec.scala:67 via :71,10,9,1,1,publish previous attributed event; defer current event
11,3,0xc03,BreezeCsrPipelineSpec.scala:67 via :72,10,9,1,1,publish previous attributed event; defer current event
11,4,0xb04,BreezeCsrPipelineSpec.scala:67 via :71,9,8,1,1,publish previous attributed event; defer current event
11,4,0xc04,BreezeCsrPipelineSpec.scala:67 via :72,9,8,1,1,publish previous attributed event; defer current event
11,5,0xb05,BreezeCsrPipelineSpec.scala:67 via :71,8,7,1,1,publish previous attributed event; defer current event
11,5,0xc05,BreezeCsrPipelineSpec.scala:67 via :72,8,7,1,1,publish previous attributed event; defer current event
11,6,0xb06,BreezeCsrPipelineSpec.scala:67 via :71,7,6,1,1,publish previous attributed event; defer current event
11,6,0xc06,BreezeCsrPipelineSpec.scala:67 via :72,7,6,1,1,publish previous attributed event; defer current event
11,7,0xb07,BreezeCsrPipelineSpec.scala:67 via :71,6,5,1,1,publish previous attributed event; defer current event
11,7,0xc07,BreezeCsrPipelineSpec.scala:67 via :72,6,5,1,1,publish previous attributed event; defer current event
11,8,0xb08,BreezeCsrPipelineSpec.scala:67 via :71,5,4,1,1,publish previous attributed event; defer current event
11,8,0xc08,BreezeCsrPipelineSpec.scala:67 via :72,5,4,1,1,publish previous attributed event; defer current event
11,9,0xb09,BreezeCsrPipelineSpec.scala:67 via :71,4,3,1,1,publish previous attributed event; defer current event
11,9,0xc09,BreezeCsrPipelineSpec.scala:67 via :72,4,3,1,1,publish previous attributed event; defer current event
11,10,0xb0a,BreezeCsrPipelineSpec.scala:67 via :71,3,2,1,1,publish previous attributed event; defer current event
11,10,0xc0a,BreezeCsrPipelineSpec.scala:67 via :72,3,2,1,1,publish previous attributed event; defer current event
12,3,0xb03,BreezeCsrPipelineSpec.scala:67 via :71,11,10,1,1,publish previous attributed event; defer current event
12,3,0xc03,BreezeCsrPipelineSpec.scala:67 via :72,11,10,1,1,publish previous attributed event; defer current event
12,4,0xb04,BreezeCsrPipelineSpec.scala:67 via :71,10,9,1,1,publish previous attributed event; defer current event
12,4,0xc04,BreezeCsrPipelineSpec.scala:67 via :72,10,9,1,1,publish previous attributed event; defer current event
12,5,0xb05,BreezeCsrPipelineSpec.scala:67 via :71,9,8,1,1,publish previous attributed event; defer current event
12,5,0xc05,BreezeCsrPipelineSpec.scala:67 via :72,9,8,1,1,publish previous attributed event; defer current event
12,6,0xb06,BreezeCsrPipelineSpec.scala:67 via :71,8,7,1,1,publish previous attributed event; defer current event
12,6,0xc06,BreezeCsrPipelineSpec.scala:67 via :72,8,7,1,1,publish previous attributed event; defer current event
12,7,0xb07,BreezeCsrPipelineSpec.scala:67 via :71,7,6,1,1,publish previous attributed event; defer current event
12,7,0xc07,BreezeCsrPipelineSpec.scala:67 via :72,7,6,1,1,publish previous attributed event; defer current event
12,8,0xb08,BreezeCsrPipelineSpec.scala:67 via :71,6,5,1,1,publish previous attributed event; defer current event
12,8,0xc08,BreezeCsrPipelineSpec.scala:67 via :72,6,5,1,1,publish previous attributed event; defer current event
12,9,0xb09,BreezeCsrPipelineSpec.scala:67 via :71,5,4,1,1,publish previous attributed event; defer current event
12,9,0xc09,BreezeCsrPipelineSpec.scala:67 via :72,5,4,1,1,publish previous attributed event; defer current event
12,10,0xb0a,BreezeCsrPipelineSpec.scala:67 via :71,4,3,1,1,publish previous attributed event; defer current event
12,10,0xc0a,BreezeCsrPipelineSpec.scala:67 via :72,4,3,1,1,publish previous attributed event; defer current event
13,3,0xb03,BreezeCsrPipelineSpec.scala:67 via :71,12,11,1,1,publish previous attributed event; defer current event
13,3,0xc03,BreezeCsrPipelineSpec.scala:67 via :72,12,11,1,1,publish previous attributed event; defer current event
13,4,0xb04,BreezeCsrPipelineSpec.scala:67 via :71,11,10,1,1,publish previous attributed event; defer current event
13,4,0xc04,BreezeCsrPipelineSpec.scala:67 via :72,11,10,1,1,publish previous attributed event; defer current event
13,5,0xb05,BreezeCsrPipelineSpec.scala:67 via :71,10,9,1,1,publish previous attributed event; defer current event
13,5,0xc05,BreezeCsrPipelineSpec.scala:67 via :72,10,9,1,1,publish previous attributed event; defer current event
13,6,0xb06,BreezeCsrPipelineSpec.scala:67 via :71,9,8,1,1,publish previous attributed event; defer current event
13,6,0xc06,BreezeCsrPipelineSpec.scala:67 via :72,9,8,1,1,publish previous attributed event; defer current event
13,7,0xb07,BreezeCsrPipelineSpec.scala:67 via :71,8,7,1,1,publish previous attributed event; defer current event
13,7,0xc07,BreezeCsrPipelineSpec.scala:67 via :72,8,7,1,1,publish previous attributed event; defer current event
13,8,0xb08,BreezeCsrPipelineSpec.scala:67 via :71,7,6,1,1,publish previous attributed event; defer current event
13,8,0xc08,BreezeCsrPipelineSpec.scala:67 via :72,7,6,1,1,publish previous attributed event; defer current event
13,9,0xb09,BreezeCsrPipelineSpec.scala:67 via :71,6,5,1,1,publish previous attributed event; defer current event
13,9,0xc09,BreezeCsrPipelineSpec.scala:67 via :72,6,5,1,1,publish previous attributed event; defer current event
13,10,0xb0a,BreezeCsrPipelineSpec.scala:67 via :71,5,4,1,1,publish previous attributed event; defer current event
13,10,0xc0a,BreezeCsrPipelineSpec.scala:67 via :72,5,4,1,1,publish previous attributed event; defer current event
14,3,0xb03,BreezeCsrPipelineSpec.scala:67 via :71,13,12,1,1,publish previous attributed event; defer current event
14,3,0xc03,BreezeCsrPipelineSpec.scala:67 via :72,13,12,1,1,publish previous attributed event; defer current event
14,4,0xb04,BreezeCsrPipelineSpec.scala:67 via :71,12,11,1,1,publish previous attributed event; defer current event
14,4,0xc04,BreezeCsrPipelineSpec.scala:67 via :72,12,11,1,1,publish previous attributed event; defer current event
14,5,0xb05,BreezeCsrPipelineSpec.scala:67 via :71,11,10,1,1,publish previous attributed event; defer current event
14,5,0xc05,BreezeCsrPipelineSpec.scala:67 via :72,11,10,1,1,publish previous attributed event; defer current event
14,6,0xb06,BreezeCsrPipelineSpec.scala:67 via :71,10,9,1,1,publish previous attributed event; defer current event
14,6,0xc06,BreezeCsrPipelineSpec.scala:67 via :72,10,9,1,1,publish previous attributed event; defer current event
14,7,0xb07,BreezeCsrPipelineSpec.scala:67 via :71,9,8,1,1,publish previous attributed event; defer current event
14,7,0xc07,BreezeCsrPipelineSpec.scala:67 via :72,9,8,1,1,publish previous attributed event; defer current event
14,8,0xb08,BreezeCsrPipelineSpec.scala:67 via :71,8,7,1,1,publish previous attributed event; defer current event
14,8,0xc08,BreezeCsrPipelineSpec.scala:67 via :72,8,7,1,1,publish previous attributed event; defer current event
14,9,0xb09,BreezeCsrPipelineSpec.scala:67 via :71,7,6,1,1,publish previous attributed event; defer current event
14,9,0xc09,BreezeCsrPipelineSpec.scala:67 via :72,7,6,1,1,publish previous attributed event; defer current event
14,10,0xb0a,BreezeCsrPipelineSpec.scala:67 via :71,6,5,1,1,publish previous attributed event; defer current event
14,10,0xc0a,BreezeCsrPipelineSpec.scala:67 via :72,6,5,1,1,publish previous attributed event; defer current event
15,3,0xb03,BreezeCsrPipelineSpec.scala:67 via :71,14,13,1,1,publish previous attributed event; defer current event
15,3,0xc03,BreezeCsrPipelineSpec.scala:67 via :72,14,13,1,1,publish previous attributed event; defer current event
15,4,0xb04,BreezeCsrPipelineSpec.scala:67 via :71,13,12,1,1,publish previous attributed event; defer current event
15,4,0xc04,BreezeCsrPipelineSpec.scala:67 via :72,13,12,1,1,publish previous attributed event; defer current event
15,5,0xb05,BreezeCsrPipelineSpec.scala:67 via :71,12,11,1,1,publish previous attributed event; defer current event
15,5,0xc05,BreezeCsrPipelineSpec.scala:67 via :72,12,11,1,1,publish previous attributed event; defer current event
15,6,0xb06,BreezeCsrPipelineSpec.scala:67 via :71,11,10,1,1,publish previous attributed event; defer current event
15,6,0xc06,BreezeCsrPipelineSpec.scala:67 via :72,11,10,1,1,publish previous attributed event; defer current event
15,7,0xb07,BreezeCsrPipelineSpec.scala:67 via :71,10,9,1,1,publish previous attributed event; defer current event
15,7,0xc07,BreezeCsrPipelineSpec.scala:67 via :72,10,9,1,1,publish previous attributed event; defer current event
15,8,0xb08,BreezeCsrPipelineSpec.scala:67 via :71,9,8,1,1,publish previous attributed event; defer current event
15,8,0xc08,BreezeCsrPipelineSpec.scala:67 via :72,9,8,1,1,publish previous attributed event; defer current event
15,9,0xb09,BreezeCsrPipelineSpec.scala:67 via :71,8,7,1,1,publish previous attributed event; defer current event
15,9,0xc09,BreezeCsrPipelineSpec.scala:67 via :72,8,7,1,1,publish previous attributed event; defer current event
15,10,0xb0a,BreezeCsrPipelineSpec.scala:67 via :71,7,6,1,1,publish previous attributed event; defer current event
15,10,0xc0a,BreezeCsrPipelineSpec.scala:67 via :72,7,6,1,1,publish previous attributed event; defer current event
16,3,0xb03,BreezeCsrPipelineSpec.scala:67 via :71,15,14,1,1,publish previous attributed event; defer current event
16,3,0xc03,BreezeCsrPipelineSpec.scala:67 via :72,15,14,1,1,publish previous attributed event; defer current event
16,4,0xb04,BreezeCsrPipelineSpec.scala:67 via :71,14,13,1,1,publish previous attributed event; defer current event
16,4,0xc04,BreezeCsrPipelineSpec.scala:67 via :72,14,13,1,1,publish previous attributed event; defer current event
16,5,0xb05,BreezeCsrPipelineSpec.scala:67 via :71,13,12,1,1,publish previous attributed event; defer current event
16,5,0xc05,BreezeCsrPipelineSpec.scala:67 via :72,13,12,1,1,publish previous attributed event; defer current event
16,6,0xb06,BreezeCsrPipelineSpec.scala:67 via :71,12,11,1,1,publish previous attributed event; defer current event
16,6,0xc06,BreezeCsrPipelineSpec.scala:67 via :72,12,11,1,1,publish previous attributed event; defer current event
16,7,0xb07,BreezeCsrPipelineSpec.scala:67 via :71,11,10,1,1,publish previous attributed event; defer current event
16,7,0xc07,BreezeCsrPipelineSpec.scala:67 via :72,11,10,1,1,publish previous attributed event; defer current event
16,8,0xb08,BreezeCsrPipelineSpec.scala:67 via :71,10,9,1,1,publish previous attributed event; defer current event
16,8,0xc08,BreezeCsrPipelineSpec.scala:67 via :72,10,9,1,1,publish previous attributed event; defer current event
16,9,0xb09,BreezeCsrPipelineSpec.scala:67 via :71,9,8,1,1,publish previous attributed event; defer current event
16,9,0xc09,BreezeCsrPipelineSpec.scala:67 via :72,9,8,1,1,publish previous attributed event; defer current event
16,10,0xb0a,BreezeCsrPipelineSpec.scala:67 via :71,8,7,1,1,publish previous attributed event; defer current event
16,10,0xc0a,BreezeCsrPipelineSpec.scala:67 via :72,8,7,1,1,publish previous attributed event; defer current event
17,3,0xb03,BreezeCsrPipelineSpec.scala:67 via :71,16,15,1,1,publish previous attributed event; defer current event
17,3,0xc03,BreezeCsrPipelineSpec.scala:67 via :72,16,15,1,1,publish previous attributed event; defer current event
17,4,0xb04,BreezeCsrPipelineSpec.scala:67 via :71,15,14,1,1,publish previous attributed event; defer current event
17,4,0xc04,BreezeCsrPipelineSpec.scala:67 via :72,15,14,1,1,publish previous attributed event; defer current event
17,5,0xb05,BreezeCsrPipelineSpec.scala:67 via :71,14,13,1,1,publish previous attributed event; defer current event
17,5,0xc05,BreezeCsrPipelineSpec.scala:67 via :72,14,13,1,1,publish previous attributed event; defer current event
17,6,0xb06,BreezeCsrPipelineSpec.scala:67 via :71,13,12,1,1,publish previous attributed event; defer current event
17,6,0xc06,BreezeCsrPipelineSpec.scala:67 via :72,13,12,1,1,publish previous attributed event; defer current event
17,7,0xb07,BreezeCsrPipelineSpec.scala:67 via :71,12,11,1,1,publish previous attributed event; defer current event
17,7,0xc07,BreezeCsrPipelineSpec.scala:67 via :72,12,11,1,1,publish previous attributed event; defer current event
17,8,0xb08,BreezeCsrPipelineSpec.scala:67 via :71,11,10,1,1,publish previous attributed event; defer current event
17,8,0xc08,BreezeCsrPipelineSpec.scala:67 via :72,11,10,1,1,publish previous attributed event; defer current event
17,9,0xb09,BreezeCsrPipelineSpec.scala:67 via :71,10,9,1,1,publish previous attributed event; defer current event
17,9,0xc09,BreezeCsrPipelineSpec.scala:67 via :72,10,9,1,1,publish previous attributed event; defer current event
17,10,0xb0a,BreezeCsrPipelineSpec.scala:67 via :71,9,8,1,1,publish previous attributed event; defer current event
17,10,0xc0a,BreezeCsrPipelineSpec.scala:67 via :72,9,8,1,1,publish previous attributed event; defer current event
18,3,0xb03,BreezeCsrPipelineSpec.scala:67 via :71,17,16,1,1,publish previous attributed event; defer current event
18,3,0xc03,BreezeCsrPipelineSpec.scala:67 via :72,17,16,1,1,publish previous attributed event; defer current event
18,4,0xb04,BreezeCsrPipelineSpec.scala:67 via :71,16,15,1,1,publish previous attributed event; defer current event
18,4,0xc04,BreezeCsrPipelineSpec.scala:67 via :72,16,15,1,1,publish previous attributed event; defer current event
18,5,0xb05,BreezeCsrPipelineSpec.scala:67 via :71,15,14,1,1,publish previous attributed event; defer current event
18,5,0xc05,BreezeCsrPipelineSpec.scala:67 via :72,15,14,1,1,publish previous attributed event; defer current event
18,6,0xb06,BreezeCsrPipelineSpec.scala:67 via :71,14,13,1,1,publish previous attributed event; defer current event
18,6,0xc06,BreezeCsrPipelineSpec.scala:67 via :72,14,13,1,1,publish previous attributed event; defer current event
18,7,0xb07,BreezeCsrPipelineSpec.scala:67 via :71,13,12,1,1,publish previous attributed event; defer current event
18,7,0xc07,BreezeCsrPipelineSpec.scala:67 via :72,13,12,1,1,publish previous attributed event; defer current event
18,8,0xb08,BreezeCsrPipelineSpec.scala:67 via :71,12,11,1,1,publish previous attributed event; defer current event
18,8,0xc08,BreezeCsrPipelineSpec.scala:67 via :72,12,11,1,1,publish previous attributed event; defer current event
18,9,0xb09,BreezeCsrPipelineSpec.scala:67 via :71,11,10,1,1,publish previous attributed event; defer current event
18,9,0xc09,BreezeCsrPipelineSpec.scala:67 via :72,11,10,1,1,publish previous attributed event; defer current event
18,10,0xb0a,BreezeCsrPipelineSpec.scala:67 via :71,10,9,1,1,publish previous attributed event; defer current event
18,10,0xc0a,BreezeCsrPipelineSpec.scala:67 via :72,10,9,1,1,publish previous attributed event; defer current event
19,3,0xb03,BreezeCsrPipelineSpec.scala:67 via :71,18,17,1,1,publish previous attributed event; defer current event
19,3,0xc03,BreezeCsrPipelineSpec.scala:67 via :72,18,17,1,1,publish previous attributed event; defer current event
19,4,0xb04,BreezeCsrPipelineSpec.scala:67 via :71,17,16,1,1,publish previous attributed event; defer current event
19,4,0xc04,BreezeCsrPipelineSpec.scala:67 via :72,17,16,1,1,publish previous attributed event; defer current event
19,5,0xb05,BreezeCsrPipelineSpec.scala:67 via :71,16,15,1,1,publish previous attributed event; defer current event
19,5,0xc05,BreezeCsrPipelineSpec.scala:67 via :72,16,15,1,1,publish previous attributed event; defer current event
19,6,0xb06,BreezeCsrPipelineSpec.scala:67 via :71,15,14,1,1,publish previous attributed event; defer current event
19,6,0xc06,BreezeCsrPipelineSpec.scala:67 via :72,15,14,1,1,publish previous attributed event; defer current event
19,7,0xb07,BreezeCsrPipelineSpec.scala:67 via :71,14,13,1,1,publish previous attributed event; defer current event
19,7,0xc07,BreezeCsrPipelineSpec.scala:67 via :72,14,13,1,1,publish previous attributed event; defer current event
19,8,0xb08,BreezeCsrPipelineSpec.scala:67 via :71,13,12,1,1,publish previous attributed event; defer current event
19,8,0xc08,BreezeCsrPipelineSpec.scala:67 via :72,13,12,1,1,publish previous attributed event; defer current event
19,9,0xb09,BreezeCsrPipelineSpec.scala:67 via :71,12,11,1,1,publish previous attributed event; defer current event
19,9,0xc09,BreezeCsrPipelineSpec.scala:67 via :72,12,11,1,1,publish previous attributed event; defer current event
19,10,0xb0a,BreezeCsrPipelineSpec.scala:67 via :71,11,10,1,1,publish previous attributed event; defer current event
19,10,0xc0a,BreezeCsrPipelineSpec.scala:67 via :72,11,10,1,1,publish previous attributed event; defer current event
20,3,0xb03,BreezeCsrPipelineSpec.scala:67 via :71,19,18,1,1,publish previous attributed event; defer current event
20,3,0xc03,BreezeCsrPipelineSpec.scala:67 via :72,19,18,1,1,publish previous attributed event; defer current event
20,4,0xb04,BreezeCsrPipelineSpec.scala:67 via :71,18,17,1,1,publish previous attributed event; defer current event
20,4,0xc04,BreezeCsrPipelineSpec.scala:67 via :72,18,17,1,1,publish previous attributed event; defer current event
20,5,0xb05,BreezeCsrPipelineSpec.scala:67 via :71,17,16,1,1,publish previous attributed event; defer current event
20,5,0xc05,BreezeCsrPipelineSpec.scala:67 via :72,17,16,1,1,publish previous attributed event; defer current event
20,6,0xb06,BreezeCsrPipelineSpec.scala:67 via :71,16,15,1,1,publish previous attributed event; defer current event
20,6,0xc06,BreezeCsrPipelineSpec.scala:67 via :72,16,15,1,1,publish previous attributed event; defer current event
20,7,0xb07,BreezeCsrPipelineSpec.scala:67 via :71,15,14,1,1,publish previous attributed event; defer current event
20,7,0xc07,BreezeCsrPipelineSpec.scala:67 via :72,15,14,1,1,publish previous attributed event; defer current event
20,8,0xb08,BreezeCsrPipelineSpec.scala:67 via :71,14,13,1,1,publish previous attributed event; defer current event
20,8,0xc08,BreezeCsrPipelineSpec.scala:67 via :72,14,13,1,1,publish previous attributed event; defer current event
20,9,0xb09,BreezeCsrPipelineSpec.scala:67 via :71,13,12,1,1,publish previous attributed event; defer current event
20,9,0xc09,BreezeCsrPipelineSpec.scala:67 via :72,13,12,1,1,publish previous attributed event; defer current event
20,10,0xb0a,BreezeCsrPipelineSpec.scala:67 via :71,12,11,1,1,publish previous attributed event; defer current event
20,10,0xc0a,BreezeCsrPipelineSpec.scala:67 via :72,12,11,1,1,publish previous attributed event; defer current event
21,3,0xb03,BreezeCsrPipelineSpec.scala:67 via :71,20,19,1,1,publish previous attributed event; defer current event
21,3,0xc03,BreezeCsrPipelineSpec.scala:67 via :72,20,19,1,1,publish previous attributed event; defer current event
21,4,0xb04,BreezeCsrPipelineSpec.scala:67 via :71,19,18,1,1,publish previous attributed event; defer current event
21,4,0xc04,BreezeCsrPipelineSpec.scala:67 via :72,19,18,1,1,publish previous attributed event; defer current event
21,5,0xb05,BreezeCsrPipelineSpec.scala:67 via :71,18,17,1,1,publish previous attributed event; defer current event
21,5,0xc05,BreezeCsrPipelineSpec.scala:67 via :72,18,17,1,1,publish previous attributed event; defer current event
21,6,0xb06,BreezeCsrPipelineSpec.scala:67 via :71,17,16,1,1,publish previous attributed event; defer current event
21,6,0xc06,BreezeCsrPipelineSpec.scala:67 via :72,17,16,1,1,publish previous attributed event; defer current event
21,7,0xb07,BreezeCsrPipelineSpec.scala:67 via :71,16,15,1,1,publish previous attributed event; defer current event
21,7,0xc07,BreezeCsrPipelineSpec.scala:67 via :72,16,15,1,1,publish previous attributed event; defer current event
21,8,0xb08,BreezeCsrPipelineSpec.scala:67 via :71,15,14,1,1,publish previous attributed event; defer current event
21,8,0xc08,BreezeCsrPipelineSpec.scala:67 via :72,15,14,1,1,publish previous attributed event; defer current event
21,9,0xb09,BreezeCsrPipelineSpec.scala:67 via :71,14,13,1,1,publish previous attributed event; defer current event
21,9,0xc09,BreezeCsrPipelineSpec.scala:67 via :72,14,13,1,1,publish previous attributed event; defer current event
21,10,0xb0a,BreezeCsrPipelineSpec.scala:67 via :71,13,12,1,1,publish previous attributed event; defer current event
21,10,0xc0a,BreezeCsrPipelineSpec.scala:67 via :72,13,12,1,1,publish previous attributed event; defer current event
22,3,0xb03,BreezeCsrPipelineSpec.scala:67 via :71,21,20,1,1,publish previous attributed event; defer current event
22,3,0xc03,BreezeCsrPipelineSpec.scala:67 via :72,21,20,1,1,publish previous attributed event; defer current event
22,4,0xb04,BreezeCsrPipelineSpec.scala:67 via :71,20,19,1,1,publish previous attributed event; defer current event
22,4,0xc04,BreezeCsrPipelineSpec.scala:67 via :72,20,19,1,1,publish previous attributed event; defer current event
22,5,0xb05,BreezeCsrPipelineSpec.scala:67 via :71,19,18,1,1,publish previous attributed event; defer current event
22,5,0xc05,BreezeCsrPipelineSpec.scala:67 via :72,19,18,1,1,publish previous attributed event; defer current event
22,6,0xb06,BreezeCsrPipelineSpec.scala:67 via :71,18,17,1,1,publish previous attributed event; defer current event
22,6,0xc06,BreezeCsrPipelineSpec.scala:67 via :72,18,17,1,1,publish previous attributed event; defer current event
22,7,0xb07,BreezeCsrPipelineSpec.scala:67 via :71,17,16,1,1,publish previous attributed event; defer current event
22,7,0xc07,BreezeCsrPipelineSpec.scala:67 via :72,17,16,1,1,publish previous attributed event; defer current event
22,8,0xb08,BreezeCsrPipelineSpec.scala:67 via :71,16,15,1,1,publish previous attributed event; defer current event
22,8,0xc08,BreezeCsrPipelineSpec.scala:67 via :72,16,15,1,1,publish previous attributed event; defer current event
22,9,0xb09,BreezeCsrPipelineSpec.scala:67 via :71,15,14,1,1,publish previous attributed event; defer current event
22,9,0xc09,BreezeCsrPipelineSpec.scala:67 via :72,15,14,1,1,publish previous attributed event; defer current event
22,10,0xb0a,BreezeCsrPipelineSpec.scala:67 via :71,14,13,1,1,publish previous attributed event; defer current event
22,10,0xc0a,BreezeCsrPipelineSpec.scala:67 via :72,14,13,1,1,publish previous attributed event; defer current event
23,3,0xb03,BreezeCsrPipelineSpec.scala:67 via :71,22,21,1,1,publish previous attributed event; defer current event
23,3,0xc03,BreezeCsrPipelineSpec.scala:67 via :72,22,21,1,1,publish previous attributed event; defer current event
23,4,0xb04,BreezeCsrPipelineSpec.scala:67 via :71,21,20,1,1,publish previous attributed event; defer current event
23,4,0xc04,BreezeCsrPipelineSpec.scala:67 via :72,21,20,1,1,publish previous attributed event; defer current event
23,5,0xb05,BreezeCsrPipelineSpec.scala:67 via :71,20,19,1,1,publish previous attributed event; defer current event
23,5,0xc05,BreezeCsrPipelineSpec.scala:67 via :72,20,19,1,1,publish previous attributed event; defer current event
23,6,0xb06,BreezeCsrPipelineSpec.scala:67 via :71,19,18,1,1,publish previous attributed event; defer current event
23,6,0xc06,BreezeCsrPipelineSpec.scala:67 via :72,19,18,1,1,publish previous attributed event; defer current event
23,7,0xb07,BreezeCsrPipelineSpec.scala:67 via :71,18,17,1,1,publish previous attributed event; defer current event
23,7,0xc07,BreezeCsrPipelineSpec.scala:67 via :72,18,17,1,1,publish previous attributed event; defer current event
23,8,0xb08,BreezeCsrPipelineSpec.scala:67 via :71,17,16,1,1,publish previous attributed event; defer current event
23,8,0xc08,BreezeCsrPipelineSpec.scala:67 via :72,17,16,1,1,publish previous attributed event; defer current event
23,9,0xb09,BreezeCsrPipelineSpec.scala:67 via :71,16,15,1,1,publish previous attributed event; defer current event
23,9,0xc09,BreezeCsrPipelineSpec.scala:67 via :72,16,15,1,1,publish previous attributed event; defer current event
23,10,0xb0a,BreezeCsrPipelineSpec.scala:67 via :71,15,14,1,1,publish previous attributed event; defer current event
23,10,0xc0a,BreezeCsrPipelineSpec.scala:67 via :72,15,14,1,1,publish previous attributed event; defer current event
24,3,0xb03,BreezeCsrPipelineSpec.scala:67 via :71,23,22,1,1,publish previous attributed event; defer current event
24,3,0xc03,BreezeCsrPipelineSpec.scala:67 via :72,23,22,1,1,publish previous attributed event; defer current event
24,4,0xb04,BreezeCsrPipelineSpec.scala:67 via :71,22,21,1,1,publish previous attributed event; defer current event
24,4,0xc04,BreezeCsrPipelineSpec.scala:67 via :72,22,21,1,1,publish previous attributed event; defer current event
24,5,0xb05,BreezeCsrPipelineSpec.scala:67 via :71,21,20,1,1,publish previous attributed event; defer current event
24,5,0xc05,BreezeCsrPipelineSpec.scala:67 via :72,21,20,1,1,publish previous attributed event; defer current event
24,6,0xb06,BreezeCsrPipelineSpec.scala:67 via :71,20,19,1,1,publish previous attributed event; defer current event
24,6,0xc06,BreezeCsrPipelineSpec.scala:67 via :72,20,19,1,1,publish previous attributed event; defer current event
24,7,0xb07,BreezeCsrPipelineSpec.scala:67 via :71,19,18,1,1,publish previous attributed event; defer current event
24,7,0xc07,BreezeCsrPipelineSpec.scala:67 via :72,19,18,1,1,publish previous attributed event; defer current event
24,8,0xb08,BreezeCsrPipelineSpec.scala:67 via :71,18,17,1,1,publish previous attributed event; defer current event
24,8,0xc08,BreezeCsrPipelineSpec.scala:67 via :72,18,17,1,1,publish previous attributed event; defer current event
24,9,0xb09,BreezeCsrPipelineSpec.scala:67 via :71,17,16,1,1,publish previous attributed event; defer current event
24,9,0xc09,BreezeCsrPipelineSpec.scala:67 via :72,17,16,1,1,publish previous attributed event; defer current event
24,10,0xb0a,BreezeCsrPipelineSpec.scala:67 via :71,16,15,1,1,publish previous attributed event; defer current event
24,10,0xc0a,BreezeCsrPipelineSpec.scala:67 via :72,16,15,1,1,publish previous attributed event; defer current event
25,3,0xb03,BreezeCsrPipelineSpec.scala:67 via :71,24,23,1,1,publish previous attributed event; defer current event
25,3,0xc03,BreezeCsrPipelineSpec.scala:67 via :72,24,23,1,1,publish previous attributed event; defer current event
25,4,0xb04,BreezeCsrPipelineSpec.scala:67 via :71,23,22,1,1,publish previous attributed event; defer current event
25,4,0xc04,BreezeCsrPipelineSpec.scala:67 via :72,23,22,1,1,publish previous attributed event; defer current event
25,5,0xb05,BreezeCsrPipelineSpec.scala:67 via :71,22,21,1,1,publish previous attributed event; defer current event
25,5,0xc05,BreezeCsrPipelineSpec.scala:67 via :72,22,21,1,1,publish previous attributed event; defer current event
25,6,0xb06,BreezeCsrPipelineSpec.scala:67 via :71,21,20,1,1,publish previous attributed event; defer current event
25,6,0xc06,BreezeCsrPipelineSpec.scala:67 via :72,21,20,1,1,publish previous attributed event; defer current event
25,7,0xb07,BreezeCsrPipelineSpec.scala:67 via :71,20,19,1,1,publish previous attributed event; defer current event
25,7,0xc07,BreezeCsrPipelineSpec.scala:67 via :72,20,19,1,1,publish previous attributed event; defer current event
25,8,0xb08,BreezeCsrPipelineSpec.scala:67 via :71,19,18,1,1,publish previous attributed event; defer current event
25,8,0xc08,BreezeCsrPipelineSpec.scala:67 via :72,19,18,1,1,publish previous attributed event; defer current event
25,9,0xb09,BreezeCsrPipelineSpec.scala:67 via :71,18,17,1,1,publish previous attributed event; defer current event
25,9,0xc09,BreezeCsrPipelineSpec.scala:67 via :72,18,17,1,1,publish previous attributed event; defer current event
25,10,0xb0a,BreezeCsrPipelineSpec.scala:67 via :71,17,16,1,1,publish previous attributed event; defer current event
25,10,0xc0a,BreezeCsrPipelineSpec.scala:67 via :72,17,16,1,1,publish previous attributed event; defer current event
26,3,0xb03,BreezeCsrPipelineSpec.scala:67 via :71,25,24,1,1,publish previous attributed event; defer current event
26,3,0xc03,BreezeCsrPipelineSpec.scala:67 via :72,25,24,1,1,publish previous attributed event; defer current event
26,4,0xb04,BreezeCsrPipelineSpec.scala:67 via :71,24,23,1,1,publish previous attributed event; defer current event
26,4,0xc04,BreezeCsrPipelineSpec.scala:67 via :72,24,23,1,1,publish previous attributed event; defer current event
26,5,0xb05,BreezeCsrPipelineSpec.scala:67 via :71,23,22,1,1,publish previous attributed event; defer current event
26,5,0xc05,BreezeCsrPipelineSpec.scala:67 via :72,23,22,1,1,publish previous attributed event; defer current event
26,6,0xb06,BreezeCsrPipelineSpec.scala:67 via :71,22,21,1,1,publish previous attributed event; defer current event
26,6,0xc06,BreezeCsrPipelineSpec.scala:67 via :72,22,21,1,1,publish previous attributed event; defer current event
26,7,0xb07,BreezeCsrPipelineSpec.scala:67 via :71,21,20,1,1,publish previous attributed event; defer current event
26,7,0xc07,BreezeCsrPipelineSpec.scala:67 via :72,21,20,1,1,publish previous attributed event; defer current event
26,8,0xb08,BreezeCsrPipelineSpec.scala:67 via :71,20,19,1,1,publish previous attributed event; defer current event
26,8,0xc08,BreezeCsrPipelineSpec.scala:67 via :72,20,19,1,1,publish previous attributed event; defer current event
26,9,0xb09,BreezeCsrPipelineSpec.scala:67 via :71,19,18,1,1,publish previous attributed event; defer current event
26,9,0xc09,BreezeCsrPipelineSpec.scala:67 via :72,19,18,1,1,publish previous attributed event; defer current event
26,10,0xb0a,BreezeCsrPipelineSpec.scala:67 via :71,18,17,1,1,publish previous attributed event; defer current event
26,10,0xc0a,BreezeCsrPipelineSpec.scala:67 via :72,18,17,1,1,publish previous attributed event; defer current event
27,3,0xb03,BreezeCsrPipelineSpec.scala:67 via :71,26,25,1,1,publish previous attributed event; defer current event
27,3,0xc03,BreezeCsrPipelineSpec.scala:67 via :72,26,25,1,1,publish previous attributed event; defer current event
27,4,0xb04,BreezeCsrPipelineSpec.scala:67 via :71,25,24,1,1,publish previous attributed event; defer current event
27,4,0xc04,BreezeCsrPipelineSpec.scala:67 via :72,25,24,1,1,publish previous attributed event; defer current event
27,5,0xb05,BreezeCsrPipelineSpec.scala:67 via :71,24,23,1,1,publish previous attributed event; defer current event
27,5,0xc05,BreezeCsrPipelineSpec.scala:67 via :72,24,23,1,1,publish previous attributed event; defer current event
27,6,0xb06,BreezeCsrPipelineSpec.scala:67 via :71,23,22,1,1,publish previous attributed event; defer current event
27,6,0xc06,BreezeCsrPipelineSpec.scala:67 via :72,23,22,1,1,publish previous attributed event; defer current event
27,7,0xb07,BreezeCsrPipelineSpec.scala:67 via :71,22,21,1,1,publish previous attributed event; defer current event
27,7,0xc07,BreezeCsrPipelineSpec.scala:67 via :72,22,21,1,1,publish previous attributed event; defer current event
27,8,0xb08,BreezeCsrPipelineSpec.scala:67 via :71,21,20,1,1,publish previous attributed event; defer current event
27,8,0xc08,BreezeCsrPipelineSpec.scala:67 via :72,21,20,1,1,publish previous attributed event; defer current event
27,9,0xb09,BreezeCsrPipelineSpec.scala:67 via :71,20,19,1,1,publish previous attributed event; defer current event
27,9,0xc09,BreezeCsrPipelineSpec.scala:67 via :72,20,19,1,1,publish previous attributed event; defer current event
27,10,0xb0a,BreezeCsrPipelineSpec.scala:67 via :71,19,18,1,1,publish previous attributed event; defer current event
27,10,0xc0a,BreezeCsrPipelineSpec.scala:67 via :72,19,18,1,1,publish previous attributed event; defer current event
28,3,0xb03,BreezeCsrPipelineSpec.scala:67 via :71,27,26,1,1,publish previous attributed event; defer current event
28,3,0xc03,BreezeCsrPipelineSpec.scala:67 via :72,27,26,1,1,publish previous attributed event; defer current event
28,4,0xb04,BreezeCsrPipelineSpec.scala:67 via :71,26,25,1,1,publish previous attributed event; defer current event
28,4,0xc04,BreezeCsrPipelineSpec.scala:67 via :72,26,25,1,1,publish previous attributed event; defer current event
28,5,0xb05,BreezeCsrPipelineSpec.scala:67 via :71,25,24,1,1,publish previous attributed event; defer current event
28,5,0xc05,BreezeCsrPipelineSpec.scala:67 via :72,25,24,1,1,publish previous attributed event; defer current event
28,6,0xb06,BreezeCsrPipelineSpec.scala:67 via :71,24,23,1,1,publish previous attributed event; defer current event
28,6,0xc06,BreezeCsrPipelineSpec.scala:67 via :72,24,23,1,1,publish previous attributed event; defer current event
28,7,0xb07,BreezeCsrPipelineSpec.scala:67 via :71,23,22,1,1,publish previous attributed event; defer current event
28,7,0xc07,BreezeCsrPipelineSpec.scala:67 via :72,23,22,1,1,publish previous attributed event; defer current event
28,8,0xb08,BreezeCsrPipelineSpec.scala:67 via :71,22,21,1,1,publish previous attributed event; defer current event
28,8,0xc08,BreezeCsrPipelineSpec.scala:67 via :72,22,21,1,1,publish previous attributed event; defer current event
28,9,0xb09,BreezeCsrPipelineSpec.scala:67 via :71,21,20,1,1,publish previous attributed event; defer current event
28,9,0xc09,BreezeCsrPipelineSpec.scala:67 via :72,21,20,1,1,publish previous attributed event; defer current event
28,10,0xb0a,BreezeCsrPipelineSpec.scala:67 via :71,20,19,1,1,publish previous attributed event; defer current event
28,10,0xc0a,BreezeCsrPipelineSpec.scala:67 via :72,20,19,1,1,publish previous attributed event; defer current event
29,3,0xb03,BreezeCsrPipelineSpec.scala:67 via :71,28,27,1,1,publish previous attributed event; defer current event
29,3,0xc03,BreezeCsrPipelineSpec.scala:67 via :72,28,27,1,1,publish previous attributed event; defer current event
29,4,0xb04,BreezeCsrPipelineSpec.scala:67 via :71,27,26,1,1,publish previous attributed event; defer current event
29,4,0xc04,BreezeCsrPipelineSpec.scala:67 via :72,27,26,1,1,publish previous attributed event; defer current event
29,5,0xb05,BreezeCsrPipelineSpec.scala:67 via :71,26,25,1,1,publish previous attributed event; defer current event
29,5,0xc05,BreezeCsrPipelineSpec.scala:67 via :72,26,25,1,1,publish previous attributed event; defer current event
29,6,0xb06,BreezeCsrPipelineSpec.scala:67 via :71,25,24,1,1,publish previous attributed event; defer current event
29,6,0xc06,BreezeCsrPipelineSpec.scala:67 via :72,25,24,1,1,publish previous attributed event; defer current event
29,7,0xb07,BreezeCsrPipelineSpec.scala:67 via :71,24,23,1,1,publish previous attributed event; defer current event
29,7,0xc07,BreezeCsrPipelineSpec.scala:67 via :72,24,23,1,1,publish previous attributed event; defer current event
29,8,0xb08,BreezeCsrPipelineSpec.scala:67 via :71,23,22,1,1,publish previous attributed event; defer current event
29,8,0xc08,BreezeCsrPipelineSpec.scala:67 via :72,23,22,1,1,publish previous attributed event; defer current event
29,9,0xb09,BreezeCsrPipelineSpec.scala:67 via :71,22,21,1,1,publish previous attributed event; defer current event
29,9,0xc09,BreezeCsrPipelineSpec.scala:67 via :72,22,21,1,1,publish previous attributed event; defer current event
29,10,0xb0a,BreezeCsrPipelineSpec.scala:67 via :71,21,20,1,1,publish previous attributed event; defer current event
29,10,0xc0a,BreezeCsrPipelineSpec.scala:67 via :72,21,20,1,1,publish previous attributed event; defer current event
30,3,0xb03,BreezeCsrPipelineSpec.scala:67 via :71,29,28,1,1,publish previous attributed event; defer current event
30,3,0xc03,BreezeCsrPipelineSpec.scala:67 via :72,29,28,1,1,publish previous attributed event; defer current event
30,4,0xb04,BreezeCsrPipelineSpec.scala:67 via :71,28,27,1,1,publish previous attributed event; defer current event
30,4,0xc04,BreezeCsrPipelineSpec.scala:67 via :72,28,27,1,1,publish previous attributed event; defer current event
30,5,0xb05,BreezeCsrPipelineSpec.scala:67 via :71,27,26,1,1,publish previous attributed event; defer current event
30,5,0xc05,BreezeCsrPipelineSpec.scala:67 via :72,27,26,1,1,publish previous attributed event; defer current event
30,6,0xb06,BreezeCsrPipelineSpec.scala:67 via :71,26,25,1,1,publish previous attributed event; defer current event
30,6,0xc06,BreezeCsrPipelineSpec.scala:67 via :72,26,25,1,1,publish previous attributed event; defer current event
30,7,0xb07,BreezeCsrPipelineSpec.scala:67 via :71,25,24,1,1,publish previous attributed event; defer current event
30,7,0xc07,BreezeCsrPipelineSpec.scala:67 via :72,25,24,1,1,publish previous attributed event; defer current event
30,8,0xb08,BreezeCsrPipelineSpec.scala:67 via :71,24,23,1,1,publish previous attributed event; defer current event
30,8,0xc08,BreezeCsrPipelineSpec.scala:67 via :72,24,23,1,1,publish previous attributed event; defer current event
30,9,0xb09,BreezeCsrPipelineSpec.scala:67 via :71,23,22,1,1,publish previous attributed event; defer current event
30,9,0xc09,BreezeCsrPipelineSpec.scala:67 via :72,23,22,1,1,publish previous attributed event; defer current event
30,10,0xb0a,BreezeCsrPipelineSpec.scala:67 via :71,22,21,1,1,publish previous attributed event; defer current event
30,10,0xc0a,BreezeCsrPipelineSpec.scala:67 via :72,22,21,1,1,publish previous attributed event; defer current event
31,3,0xb03,BreezeCsrPipelineSpec.scala:67 via :71,30,29,1,1,publish previous attributed event; defer current event
31,3,0xc03,BreezeCsrPipelineSpec.scala:67 via :72,30,29,1,1,publish previous attributed event; defer current event
31,4,0xb04,BreezeCsrPipelineSpec.scala:67 via :71,29,28,1,1,publish previous attributed event; defer current event
31,4,0xc04,BreezeCsrPipelineSpec.scala:67 via :72,29,28,1,1,publish previous attributed event; defer current event
31,5,0xb05,BreezeCsrPipelineSpec.scala:67 via :71,28,27,1,1,publish previous attributed event; defer current event
31,5,0xc05,BreezeCsrPipelineSpec.scala:67 via :72,28,27,1,1,publish previous attributed event; defer current event
31,6,0xb06,BreezeCsrPipelineSpec.scala:67 via :71,27,26,1,1,publish previous attributed event; defer current event
31,6,0xc06,BreezeCsrPipelineSpec.scala:67 via :72,27,26,1,1,publish previous attributed event; defer current event
31,7,0xb07,BreezeCsrPipelineSpec.scala:67 via :71,26,25,1,1,publish previous attributed event; defer current event
31,7,0xc07,BreezeCsrPipelineSpec.scala:67 via :72,26,25,1,1,publish previous attributed event; defer current event
31,8,0xb08,BreezeCsrPipelineSpec.scala:67 via :71,25,24,1,1,publish previous attributed event; defer current event
31,8,0xc08,BreezeCsrPipelineSpec.scala:67 via :72,25,24,1,1,publish previous attributed event; defer current event
31,9,0xb09,BreezeCsrPipelineSpec.scala:67 via :71,24,23,1,1,publish previous attributed event; defer current event
31,9,0xc09,BreezeCsrPipelineSpec.scala:67 via :72,24,23,1,1,publish previous attributed event; defer current event
31,10,0xb0a,BreezeCsrPipelineSpec.scala:67 via :71,23,22,1,1,publish previous attributed event; defer current event
31,10,0xc0a,BreezeCsrPipelineSpec.scala:67 via :72,23,22,1,1,publish previous attributed event; defer current event
32,3,0xb03,BreezeCsrPipelineSpec.scala:67 via :71,31,30,1,1,publish previous attributed event; defer current event
32,3,0xc03,BreezeCsrPipelineSpec.scala:67 via :72,31,30,1,1,publish previous attributed event; defer current event
32,4,0xb04,BreezeCsrPipelineSpec.scala:67 via :71,30,29,1,1,publish previous attributed event; defer current event
32,4,0xc04,BreezeCsrPipelineSpec.scala:67 via :72,30,29,1,1,publish previous attributed event; defer current event
32,5,0xb05,BreezeCsrPipelineSpec.scala:67 via :71,29,28,1,1,publish previous attributed event; defer current event
32,5,0xc05,BreezeCsrPipelineSpec.scala:67 via :72,29,28,1,1,publish previous attributed event; defer current event
32,6,0xb06,BreezeCsrPipelineSpec.scala:67 via :71,28,27,1,1,publish previous attributed event; defer current event
32,6,0xc06,BreezeCsrPipelineSpec.scala:67 via :72,28,27,1,1,publish previous attributed event; defer current event
32,7,0xb07,BreezeCsrPipelineSpec.scala:67 via :71,27,26,1,1,publish previous attributed event; defer current event
32,7,0xc07,BreezeCsrPipelineSpec.scala:67 via :72,27,26,1,1,publish previous attributed event; defer current event
32,8,0xb08,BreezeCsrPipelineSpec.scala:67 via :71,26,25,1,1,publish previous attributed event; defer current event
32,8,0xc08,BreezeCsrPipelineSpec.scala:67 via :72,26,25,1,1,publish previous attributed event; defer current event
32,9,0xb09,BreezeCsrPipelineSpec.scala:67 via :71,25,24,1,1,publish previous attributed event; defer current event
32,9,0xc09,BreezeCsrPipelineSpec.scala:67 via :72,25,24,1,1,publish previous attributed event; defer current event
32,10,0xb0a,BreezeCsrPipelineSpec.scala:67 via :71,24,23,1,1,publish previous attributed event; defer current event
32,10,0xc0a,BreezeCsrPipelineSpec.scala:67 via :72,24,23,1,1,publish previous attributed event; defer current event
33,3,0xb03,BreezeCsrPipelineSpec.scala:67 via :71,32,31,1,1,publish previous attributed event; defer current event
33,3,0xc03,BreezeCsrPipelineSpec.scala:67 via :72,32,31,1,1,publish previous attributed event; defer current event
33,4,0xb04,BreezeCsrPipelineSpec.scala:67 via :71,31,30,1,1,publish previous attributed event; defer current event
33,4,0xc04,BreezeCsrPipelineSpec.scala:67 via :72,31,30,1,1,publish previous attributed event; defer current event
33,5,0xb05,BreezeCsrPipelineSpec.scala:67 via :71,30,29,1,1,publish previous attributed event; defer current event
33,5,0xc05,BreezeCsrPipelineSpec.scala:67 via :72,30,29,1,1,publish previous attributed event; defer current event
33,6,0xb06,BreezeCsrPipelineSpec.scala:67 via :71,29,28,1,1,publish previous attributed event; defer current event
33,6,0xc06,BreezeCsrPipelineSpec.scala:67 via :72,29,28,1,1,publish previous attributed event; defer current event
33,7,0xb07,BreezeCsrPipelineSpec.scala:67 via :71,28,27,1,1,publish previous attributed event; defer current event
33,7,0xc07,BreezeCsrPipelineSpec.scala:67 via :72,28,27,1,1,publish previous attributed event; defer current event
33,8,0xb08,BreezeCsrPipelineSpec.scala:67 via :71,27,26,1,1,publish previous attributed event; defer current event
33,8,0xc08,BreezeCsrPipelineSpec.scala:67 via :72,27,26,1,1,publish previous attributed event; defer current event
33,9,0xb09,BreezeCsrPipelineSpec.scala:67 via :71,26,25,1,1,publish previous attributed event; defer current event
33,9,0xc09,BreezeCsrPipelineSpec.scala:67 via :72,26,25,1,1,publish previous attributed event; defer current event
33,10,0xb0a,BreezeCsrPipelineSpec.scala:67 via :71,25,24,1,1,publish previous attributed event; defer current event
33,10,0xc0a,BreezeCsrPipelineSpec.scala:67 via :72,25,24,1,1,publish previous attributed event; defer current event
34,3,0xb03,BreezeCsrPipelineSpec.scala:67 via :71,33,32,1,1,publish previous attributed event; defer current event
34,3,0xc03,BreezeCsrPipelineSpec.scala:67 via :72,33,32,1,1,publish previous attributed event; defer current event
34,4,0xb04,BreezeCsrPipelineSpec.scala:67 via :71,32,31,1,1,publish previous attributed event; defer current event
34,4,0xc04,BreezeCsrPipelineSpec.scala:67 via :72,32,31,1,1,publish previous attributed event; defer current event
34,5,0xb05,BreezeCsrPipelineSpec.scala:67 via :71,31,30,1,1,publish previous attributed event; defer current event
34,5,0xc05,BreezeCsrPipelineSpec.scala:67 via :72,31,30,1,1,publish previous attributed event; defer current event
34,6,0xb06,BreezeCsrPipelineSpec.scala:67 via :71,30,29,1,1,publish previous attributed event; defer current event
34,6,0xc06,BreezeCsrPipelineSpec.scala:67 via :72,30,29,1,1,publish previous attributed event; defer current event
34,7,0xb07,BreezeCsrPipelineSpec.scala:67 via :71,29,28,1,1,publish previous attributed event; defer current event
34,7,0xc07,BreezeCsrPipelineSpec.scala:67 via :72,29,28,1,1,publish previous attributed event; defer current event
34,8,0xb08,BreezeCsrPipelineSpec.scala:67 via :71,28,27,1,1,publish previous attributed event; defer current event
34,8,0xc08,BreezeCsrPipelineSpec.scala:67 via :72,28,27,1,1,publish previous attributed event; defer current event
34,9,0xb09,BreezeCsrPipelineSpec.scala:67 via :71,27,26,1,1,publish previous attributed event; defer current event
34,9,0xc09,BreezeCsrPipelineSpec.scala:67 via :72,27,26,1,1,publish previous attributed event; defer current event
34,10,0xb0a,BreezeCsrPipelineSpec.scala:67 via :71,26,25,1,1,publish previous attributed event; defer current event
34,10,0xc0a,BreezeCsrPipelineSpec.scala:67 via :72,26,25,1,1,publish previous attributed event; defer current event
35,3,0xb03,BreezeCsrPipelineSpec.scala:67 via :71,34,33,1,1,publish previous attributed event; defer current event
35,3,0xc03,BreezeCsrPipelineSpec.scala:67 via :72,34,33,1,1,publish previous attributed event; defer current event
35,4,0xb04,BreezeCsrPipelineSpec.scala:67 via :71,33,32,1,1,publish previous attributed event; defer current event
35,4,0xc04,BreezeCsrPipelineSpec.scala:67 via :72,33,32,1,1,publish previous attributed event; defer current event
35,5,0xb05,BreezeCsrPipelineSpec.scala:67 via :71,32,31,1,1,publish previous attributed event; defer current event
35,5,0xc05,BreezeCsrPipelineSpec.scala:67 via :72,32,31,1,1,publish previous attributed event; defer current event
35,6,0xb06,BreezeCsrPipelineSpec.scala:67 via :71,31,30,1,1,publish previous attributed event; defer current event
35,6,0xc06,BreezeCsrPipelineSpec.scala:67 via :72,31,30,1,1,publish previous attributed event; defer current event
35,7,0xb07,BreezeCsrPipelineSpec.scala:67 via :71,30,29,1,1,publish previous attributed event; defer current event
35,7,0xc07,BreezeCsrPipelineSpec.scala:67 via :72,30,29,1,1,publish previous attributed event; defer current event
35,8,0xb08,BreezeCsrPipelineSpec.scala:67 via :71,29,28,1,1,publish previous attributed event; defer current event
35,8,0xc08,BreezeCsrPipelineSpec.scala:67 via :72,29,28,1,1,publish previous attributed event; defer current event
35,9,0xb09,BreezeCsrPipelineSpec.scala:67 via :71,28,27,1,1,publish previous attributed event; defer current event
35,9,0xc09,BreezeCsrPipelineSpec.scala:67 via :72,28,27,1,1,publish previous attributed event; defer current event
35,10,0xb0a,BreezeCsrPipelineSpec.scala:67 via :71,27,26,1,1,publish previous attributed event; defer current event
35,10,0xc0a,BreezeCsrPipelineSpec.scala:67 via :72,27,26,1,1,publish previous attributed event; defer current event
36,3,0xb03,BreezeCsrPipelineSpec.scala:67 via :71,35,34,1,1,publish previous attributed event; defer current event
36,3,0xc03,BreezeCsrPipelineSpec.scala:67 via :72,35,34,1,1,publish previous attributed event; defer current event
36,4,0xb04,BreezeCsrPipelineSpec.scala:67 via :71,34,33,1,1,publish previous attributed event; defer current event
36,4,0xc04,BreezeCsrPipelineSpec.scala:67 via :72,34,33,1,1,publish previous attributed event; defer current event
36,5,0xb05,BreezeCsrPipelineSpec.scala:67 via :71,33,32,1,1,publish previous attributed event; defer current event
36,5,0xc05,BreezeCsrPipelineSpec.scala:67 via :72,33,32,1,1,publish previous attributed event; defer current event
36,6,0xb06,BreezeCsrPipelineSpec.scala:67 via :71,32,31,1,1,publish previous attributed event; defer current event
36,6,0xc06,BreezeCsrPipelineSpec.scala:67 via :72,32,31,1,1,publish previous attributed event; defer current event
36,7,0xb07,BreezeCsrPipelineSpec.scala:67 via :71,31,30,1,1,publish previous attributed event; defer current event
36,7,0xc07,BreezeCsrPipelineSpec.scala:67 via :72,31,30,1,1,publish previous attributed event; defer current event
36,8,0xb08,BreezeCsrPipelineSpec.scala:67 via :71,30,29,1,1,publish previous attributed event; defer current event
36,8,0xc08,BreezeCsrPipelineSpec.scala:67 via :72,30,29,1,1,publish previous attributed event; defer current event
36,9,0xb09,BreezeCsrPipelineSpec.scala:67 via :71,29,28,1,1,publish previous attributed event; defer current event
36,9,0xc09,BreezeCsrPipelineSpec.scala:67 via :72,29,28,1,1,publish previous attributed event; defer current event
36,10,0xb0a,BreezeCsrPipelineSpec.scala:67 via :71,28,27,1,1,publish previous attributed event; defer current event
36,10,0xc0a,BreezeCsrPipelineSpec.scala:67 via :72,28,27,1,1,publish previous attributed event; defer current event
37,3,0xb03,BreezeCsrPipelineSpec.scala:67 via :71,36,35,1,1,publish previous attributed event; defer current event
37,3,0xc03,BreezeCsrPipelineSpec.scala:67 via :72,36,35,1,1,publish previous attributed event; defer current event
37,4,0xb04,BreezeCsrPipelineSpec.scala:67 via :71,35,34,1,1,publish previous attributed event; defer current event
37,4,0xc04,BreezeCsrPipelineSpec.scala:67 via :72,35,34,1,1,publish previous attributed event; defer current event
37,5,0xb05,BreezeCsrPipelineSpec.scala:67 via :71,34,33,1,1,publish previous attributed event; defer current event
37,5,0xc05,BreezeCsrPipelineSpec.scala:67 via :72,34,33,1,1,publish previous attributed event; defer current event
37,6,0xb06,BreezeCsrPipelineSpec.scala:67 via :71,33,32,1,1,publish previous attributed event; defer current event
37,6,0xc06,BreezeCsrPipelineSpec.scala:67 via :72,33,32,1,1,publish previous attributed event; defer current event
37,7,0xb07,BreezeCsrPipelineSpec.scala:67 via :71,32,31,1,1,publish previous attributed event; defer current event
37,7,0xc07,BreezeCsrPipelineSpec.scala:67 via :72,32,31,1,1,publish previous attributed event; defer current event
37,8,0xb08,BreezeCsrPipelineSpec.scala:67 via :71,31,30,1,1,publish previous attributed event; defer current event
37,8,0xc08,BreezeCsrPipelineSpec.scala:67 via :72,31,30,1,1,publish previous attributed event; defer current event
37,9,0xb09,BreezeCsrPipelineSpec.scala:67 via :71,30,29,1,1,publish previous attributed event; defer current event
37,9,0xc09,BreezeCsrPipelineSpec.scala:67 via :72,30,29,1,1,publish previous attributed event; defer current event
37,10,0xb0a,BreezeCsrPipelineSpec.scala:67 via :71,29,28,1,1,publish previous attributed event; defer current event
37,10,0xc0a,BreezeCsrPipelineSpec.scala:67 via :72,29,28,1,1,publish previous attributed event; defer current event
38,3,0xb03,BreezeCsrPipelineSpec.scala:67 via :71,37,36,1,1,publish previous attributed event; defer current event
38,3,0xc03,BreezeCsrPipelineSpec.scala:67 via :72,37,36,1,1,publish previous attributed event; defer current event
38,4,0xb04,BreezeCsrPipelineSpec.scala:67 via :71,36,35,1,1,publish previous attributed event; defer current event
38,4,0xc04,BreezeCsrPipelineSpec.scala:67 via :72,36,35,1,1,publish previous attributed event; defer current event
38,5,0xb05,BreezeCsrPipelineSpec.scala:67 via :71,35,34,1,1,publish previous attributed event; defer current event
38,5,0xc05,BreezeCsrPipelineSpec.scala:67 via :72,35,34,1,1,publish previous attributed event; defer current event
38,6,0xb06,BreezeCsrPipelineSpec.scala:67 via :71,34,33,1,1,publish previous attributed event; defer current event
38,6,0xc06,BreezeCsrPipelineSpec.scala:67 via :72,34,33,1,1,publish previous attributed event; defer current event
38,7,0xb07,BreezeCsrPipelineSpec.scala:67 via :71,33,32,1,1,publish previous attributed event; defer current event
38,7,0xc07,BreezeCsrPipelineSpec.scala:67 via :72,33,32,1,1,publish previous attributed event; defer current event
38,8,0xb08,BreezeCsrPipelineSpec.scala:67 via :71,32,31,1,1,publish previous attributed event; defer current event
38,8,0xc08,BreezeCsrPipelineSpec.scala:67 via :72,32,31,1,1,publish previous attributed event; defer current event
38,9,0xb09,BreezeCsrPipelineSpec.scala:67 via :71,31,30,1,1,publish previous attributed event; defer current event
38,9,0xc09,BreezeCsrPipelineSpec.scala:67 via :72,31,30,1,1,publish previous attributed event; defer current event
38,10,0xb0a,BreezeCsrPipelineSpec.scala:67 via :71,30,29,1,1,publish previous attributed event; defer current event
38,10,0xc0a,BreezeCsrPipelineSpec.scala:67 via :72,30,29,1,1,publish previous attributed event; defer current event
39,3,0xb03,BreezeCsrPipelineSpec.scala:67 via :71,38,37,1,1,publish previous attributed event; defer current event
39,3,0xc03,BreezeCsrPipelineSpec.scala:67 via :72,38,37,1,1,publish previous attributed event; defer current event
39,4,0xb04,BreezeCsrPipelineSpec.scala:67 via :71,37,36,1,1,publish previous attributed event; defer current event
39,4,0xc04,BreezeCsrPipelineSpec.scala:67 via :72,37,36,1,1,publish previous attributed event; defer current event
39,5,0xb05,BreezeCsrPipelineSpec.scala:67 via :71,36,35,1,1,publish previous attributed event; defer current event
39,5,0xc05,BreezeCsrPipelineSpec.scala:67 via :72,36,35,1,1,publish previous attributed event; defer current event
39,6,0xb06,BreezeCsrPipelineSpec.scala:67 via :71,35,34,1,1,publish previous attributed event; defer current event
39,6,0xc06,BreezeCsrPipelineSpec.scala:67 via :72,35,34,1,1,publish previous attributed event; defer current event
39,7,0xb07,BreezeCsrPipelineSpec.scala:67 via :71,34,33,1,1,publish previous attributed event; defer current event
39,7,0xc07,BreezeCsrPipelineSpec.scala:67 via :72,34,33,1,1,publish previous attributed event; defer current event
39,8,0xb08,BreezeCsrPipelineSpec.scala:67 via :71,33,32,1,1,publish previous attributed event; defer current event
39,8,0xc08,BreezeCsrPipelineSpec.scala:67 via :72,33,32,1,1,publish previous attributed event; defer current event
39,9,0xb09,BreezeCsrPipelineSpec.scala:67 via :71,32,31,1,1,publish previous attributed event; defer current event
39,9,0xc09,BreezeCsrPipelineSpec.scala:67 via :72,32,31,1,1,publish previous attributed event; defer current event
39,10,0xb0a,BreezeCsrPipelineSpec.scala:67 via :71,31,30,1,1,publish previous attributed event; defer current event
39,10,0xc0a,BreezeCsrPipelineSpec.scala:67 via :72,31,30,1,1,publish previous attributed event; defer current event
40,3,0xb03,BreezeCsrPipelineSpec.scala:67 via :71,39,38,1,1,publish previous attributed event; defer current event
40,3,0xc03,BreezeCsrPipelineSpec.scala:67 via :72,39,38,1,1,publish previous attributed event; defer current event
40,4,0xb04,BreezeCsrPipelineSpec.scala:67 via :71,38,37,1,1,publish previous attributed event; defer current event
40,4,0xc04,BreezeCsrPipelineSpec.scala:67 via :72,38,37,1,1,publish previous attributed event; defer current event
40,5,0xb05,BreezeCsrPipelineSpec.scala:67 via :71,37,36,1,1,publish previous attributed event; defer current event
40,5,0xc05,BreezeCsrPipelineSpec.scala:67 via :72,37,36,1,1,publish previous attributed event; defer current event
40,6,0xb06,BreezeCsrPipelineSpec.scala:67 via :71,36,35,1,1,publish previous attributed event; defer current event
40,6,0xc06,BreezeCsrPipelineSpec.scala:67 via :72,36,35,1,1,publish previous attributed event; defer current event
40,7,0xb07,BreezeCsrPipelineSpec.scala:67 via :71,35,34,1,1,publish previous attributed event; defer current event
40,7,0xc07,BreezeCsrPipelineSpec.scala:67 via :72,35,34,1,1,publish previous attributed event; defer current event
40,8,0xb08,BreezeCsrPipelineSpec.scala:67 via :71,34,33,1,1,publish previous attributed event; defer current event
40,8,0xc08,BreezeCsrPipelineSpec.scala:67 via :72,34,33,1,1,publish previous attributed event; defer current event
40,9,0xb09,BreezeCsrPipelineSpec.scala:67 via :71,33,32,1,1,publish previous attributed event; defer current event
40,9,0xc09,BreezeCsrPipelineSpec.scala:67 via :72,33,32,1,1,publish previous attributed event; defer current event
40,10,0xb0a,BreezeCsrPipelineSpec.scala:67 via :71,32,31,1,1,publish previous attributed event; defer current event
40,10,0xc0a,BreezeCsrPipelineSpec.scala:67 via :72,32,31,1,1,publish previous attributed event; defer current event
41,3,0xb03,BreezeCsrPipelineSpec.scala:67 via :71,40,39,1,1,publish previous attributed event; defer current event
41,3,0xc03,BreezeCsrPipelineSpec.scala:67 via :72,40,39,1,1,publish previous attributed event; defer current event
41,4,0xb04,BreezeCsrPipelineSpec.scala:67 via :71,39,38,1,1,publish previous attributed event; defer current event
41,4,0xc04,BreezeCsrPipelineSpec.scala:67 via :72,39,38,1,1,publish previous attributed event; defer current event
41,5,0xb05,BreezeCsrPipelineSpec.scala:67 via :71,38,37,1,1,publish previous attributed event; defer current event
41,5,0xc05,BreezeCsrPipelineSpec.scala:67 via :72,38,37,1,1,publish previous attributed event; defer current event
41,6,0xb06,BreezeCsrPipelineSpec.scala:67 via :71,37,36,1,1,publish previous attributed event; defer current event
41,6,0xc06,BreezeCsrPipelineSpec.scala:67 via :72,37,36,1,1,publish previous attributed event; defer current event
41,7,0xb07,BreezeCsrPipelineSpec.scala:67 via :71,36,35,1,1,publish previous attributed event; defer current event
41,7,0xc07,BreezeCsrPipelineSpec.scala:67 via :72,36,35,1,1,publish previous attributed event; defer current event
41,8,0xb08,BreezeCsrPipelineSpec.scala:67 via :71,35,34,1,1,publish previous attributed event; defer current event
41,8,0xc08,BreezeCsrPipelineSpec.scala:67 via :72,35,34,1,1,publish previous attributed event; defer current event
41,9,0xb09,BreezeCsrPipelineSpec.scala:67 via :71,34,33,1,1,publish previous attributed event; defer current event
41,9,0xc09,BreezeCsrPipelineSpec.scala:67 via :72,34,33,1,1,publish previous attributed event; defer current event
41,10,0xb0a,BreezeCsrPipelineSpec.scala:67 via :71,33,32,1,1,publish previous attributed event; defer current event
41,10,0xc0a,BreezeCsrPipelineSpec.scala:67 via :72,33,32,1,1,publish previous attributed event; defer current event
42,3,0xb03,BreezeCsrPipelineSpec.scala:67 via :71,41,40,1,1,publish previous attributed event; defer current event
42,3,0xc03,BreezeCsrPipelineSpec.scala:67 via :72,41,40,1,1,publish previous attributed event; defer current event
42,4,0xb04,BreezeCsrPipelineSpec.scala:67 via :71,40,39,1,1,publish previous attributed event; defer current event
42,4,0xc04,BreezeCsrPipelineSpec.scala:67 via :72,40,39,1,1,publish previous attributed event; defer current event
42,5,0xb05,BreezeCsrPipelineSpec.scala:67 via :71,39,38,1,1,publish previous attributed event; defer current event
42,5,0xc05,BreezeCsrPipelineSpec.scala:67 via :72,39,38,1,1,publish previous attributed event; defer current event
42,6,0xb06,BreezeCsrPipelineSpec.scala:67 via :71,38,37,1,1,publish previous attributed event; defer current event
42,6,0xc06,BreezeCsrPipelineSpec.scala:67 via :72,38,37,1,1,publish previous attributed event; defer current event
42,7,0xb07,BreezeCsrPipelineSpec.scala:67 via :71,37,36,1,1,publish previous attributed event; defer current event
42,7,0xc07,BreezeCsrPipelineSpec.scala:67 via :72,37,36,1,1,publish previous attributed event; defer current event
42,8,0xb08,BreezeCsrPipelineSpec.scala:67 via :71,36,35,1,1,publish previous attributed event; defer current event
42,8,0xc08,BreezeCsrPipelineSpec.scala:67 via :72,36,35,1,1,publish previous attributed event; defer current event
42,9,0xb09,BreezeCsrPipelineSpec.scala:67 via :71,35,34,1,1,publish previous attributed event; defer current event
42,9,0xc09,BreezeCsrPipelineSpec.scala:67 via :72,35,34,1,1,publish previous attributed event; defer current event
42,10,0xb0a,BreezeCsrPipelineSpec.scala:67 via :71,34,33,1,1,publish previous attributed event; defer current event
42,10,0xc0a,BreezeCsrPipelineSpec.scala:67 via :72,34,33,1,1,publish previous attributed event; defer current event
43,3,0xb03,BreezeCsrPipelineSpec.scala:67 via :71,42,41,1,1,publish previous attributed event; defer current event
43,3,0xc03,BreezeCsrPipelineSpec.scala:67 via :72,42,41,1,1,publish previous attributed event; defer current event
43,4,0xb04,BreezeCsrPipelineSpec.scala:67 via :71,41,40,1,1,publish previous attributed event; defer current event
43,4,0xc04,BreezeCsrPipelineSpec.scala:67 via :72,41,40,1,1,publish previous attributed event; defer current event
43,5,0xb05,BreezeCsrPipelineSpec.scala:67 via :71,40,39,1,1,publish previous attributed event; defer current event
43,5,0xc05,BreezeCsrPipelineSpec.scala:67 via :72,40,39,1,1,publish previous attributed event; defer current event
43,6,0xb06,BreezeCsrPipelineSpec.scala:67 via :71,39,38,1,1,publish previous attributed event; defer current event
43,6,0xc06,BreezeCsrPipelineSpec.scala:67 via :72,39,38,1,1,publish previous attributed event; defer current event
43,7,0xb07,BreezeCsrPipelineSpec.scala:67 via :71,38,37,1,1,publish previous attributed event; defer current event
43,7,0xc07,BreezeCsrPipelineSpec.scala:67 via :72,38,37,1,1,publish previous attributed event; defer current event
43,8,0xb08,BreezeCsrPipelineSpec.scala:67 via :71,37,36,1,1,publish previous attributed event; defer current event
43,8,0xc08,BreezeCsrPipelineSpec.scala:67 via :72,37,36,1,1,publish previous attributed event; defer current event
43,9,0xb09,BreezeCsrPipelineSpec.scala:67 via :71,36,35,1,1,publish previous attributed event; defer current event
43,9,0xc09,BreezeCsrPipelineSpec.scala:67 via :72,36,35,1,1,publish previous attributed event; defer current event
43,10,0xb0a,BreezeCsrPipelineSpec.scala:67 via :71,35,34,1,1,publish previous attributed event; defer current event
43,10,0xc0a,BreezeCsrPipelineSpec.scala:67 via :72,35,34,1,1,publish previous attributed event; defer current event
44,3,0xb03,BreezeCsrPipelineSpec.scala:67 via :71,43,42,1,1,publish previous attributed event; defer current event
44,3,0xc03,BreezeCsrPipelineSpec.scala:67 via :72,43,42,1,1,publish previous attributed event; defer current event
44,4,0xb04,BreezeCsrPipelineSpec.scala:67 via :71,42,41,1,1,publish previous attributed event; defer current event
44,4,0xc04,BreezeCsrPipelineSpec.scala:67 via :72,42,41,1,1,publish previous attributed event; defer current event
44,5,0xb05,BreezeCsrPipelineSpec.scala:67 via :71,41,40,1,1,publish previous attributed event; defer current event
44,5,0xc05,BreezeCsrPipelineSpec.scala:67 via :72,41,40,1,1,publish previous attributed event; defer current event
44,6,0xb06,BreezeCsrPipelineSpec.scala:67 via :71,40,39,1,1,publish previous attributed event; defer current event
44,6,0xc06,BreezeCsrPipelineSpec.scala:67 via :72,40,39,1,1,publish previous attributed event; defer current event
44,7,0xb07,BreezeCsrPipelineSpec.scala:67 via :71,39,38,1,1,publish previous attributed event; defer current event
44,7,0xc07,BreezeCsrPipelineSpec.scala:67 via :72,39,38,1,1,publish previous attributed event; defer current event
44,8,0xb08,BreezeCsrPipelineSpec.scala:67 via :71,38,37,1,1,publish previous attributed event; defer current event
44,8,0xc08,BreezeCsrPipelineSpec.scala:67 via :72,38,37,1,1,publish previous attributed event; defer current event
44,9,0xb09,BreezeCsrPipelineSpec.scala:67 via :71,37,36,1,1,publish previous attributed event; defer current event
44,9,0xc09,BreezeCsrPipelineSpec.scala:67 via :72,37,36,1,1,publish previous attributed event; defer current event
44,10,0xb0a,BreezeCsrPipelineSpec.scala:67 via :71,36,35,1,1,publish previous attributed event; defer current event
44,10,0xc0a,BreezeCsrPipelineSpec.scala:67 via :72,36,35,1,1,publish previous attributed event; defer current event
45,3,0xb03,BreezeCsrPipelineSpec.scala:67 via :71,44,43,1,1,publish previous attributed event; defer current event
45,3,0xc03,BreezeCsrPipelineSpec.scala:67 via :72,44,43,1,1,publish previous attributed event; defer current event
45,4,0xb04,BreezeCsrPipelineSpec.scala:67 via :71,43,42,1,1,publish previous attributed event; defer current event
45,4,0xc04,BreezeCsrPipelineSpec.scala:67 via :72,43,42,1,1,publish previous attributed event; defer current event
45,5,0xb05,BreezeCsrPipelineSpec.scala:67 via :71,42,41,1,1,publish previous attributed event; defer current event
45,5,0xc05,BreezeCsrPipelineSpec.scala:67 via :72,42,41,1,1,publish previous attributed event; defer current event
45,6,0xb06,BreezeCsrPipelineSpec.scala:67 via :71,41,40,1,1,publish previous attributed event; defer current event
45,6,0xc06,BreezeCsrPipelineSpec.scala:67 via :72,41,40,1,1,publish previous attributed event; defer current event
45,7,0xb07,BreezeCsrPipelineSpec.scala:67 via :71,40,39,1,1,publish previous attributed event; defer current event
45,7,0xc07,BreezeCsrPipelineSpec.scala:67 via :72,40,39,1,1,publish previous attributed event; defer current event
45,8,0xb08,BreezeCsrPipelineSpec.scala:67 via :71,39,38,1,1,publish previous attributed event; defer current event
45,8,0xc08,BreezeCsrPipelineSpec.scala:67 via :72,39,38,1,1,publish previous attributed event; defer current event
45,9,0xb09,BreezeCsrPipelineSpec.scala:67 via :71,38,37,1,1,publish previous attributed event; defer current event
45,9,0xc09,BreezeCsrPipelineSpec.scala:67 via :72,38,37,1,1,publish previous attributed event; defer current event
45,10,0xb0a,BreezeCsrPipelineSpec.scala:67 via :71,37,36,1,1,publish previous attributed event; defer current event
45,10,0xc0a,BreezeCsrPipelineSpec.scala:67 via :72,37,36,1,1,publish previous attributed event; defer current event
46,3,0xb03,BreezeCsrPipelineSpec.scala:67 via :71,45,44,1,1,publish previous attributed event; defer current event
46,3,0xc03,BreezeCsrPipelineSpec.scala:67 via :72,45,44,1,1,publish previous attributed event; defer current event
46,4,0xb04,BreezeCsrPipelineSpec.scala:67 via :71,44,43,1,1,publish previous attributed event; defer current event
46,4,0xc04,BreezeCsrPipelineSpec.scala:67 via :72,44,43,1,1,publish previous attributed event; defer current event
46,5,0xb05,BreezeCsrPipelineSpec.scala:67 via :71,43,42,1,1,publish previous attributed event; defer current event
46,5,0xc05,BreezeCsrPipelineSpec.scala:67 via :72,43,42,1,1,publish previous attributed event; defer current event
46,6,0xb06,BreezeCsrPipelineSpec.scala:67 via :71,42,41,1,1,publish previous attributed event; defer current event
46,6,0xc06,BreezeCsrPipelineSpec.scala:67 via :72,42,41,1,1,publish previous attributed event; defer current event
46,7,0xb07,BreezeCsrPipelineSpec.scala:67 via :71,41,40,1,1,publish previous attributed event; defer current event
46,7,0xc07,BreezeCsrPipelineSpec.scala:67 via :72,41,40,1,1,publish previous attributed event; defer current event
46,8,0xb08,BreezeCsrPipelineSpec.scala:67 via :71,40,39,1,1,publish previous attributed event; defer current event
46,8,0xc08,BreezeCsrPipelineSpec.scala:67 via :72,40,39,1,1,publish previous attributed event; defer current event
46,9,0xb09,BreezeCsrPipelineSpec.scala:67 via :71,39,38,1,1,publish previous attributed event; defer current event
46,9,0xc09,BreezeCsrPipelineSpec.scala:67 via :72,39,38,1,1,publish previous attributed event; defer current event
46,10,0xb0a,BreezeCsrPipelineSpec.scala:67 via :71,38,37,1,1,publish previous attributed event; defer current event
46,10,0xc0a,BreezeCsrPipelineSpec.scala:67 via :72,38,37,1,1,publish previous attributed event; defer current event
47,3,0xb03,BreezeCsrPipelineSpec.scala:67 via :71,46,45,1,1,publish previous attributed event; defer current event
47,3,0xc03,BreezeCsrPipelineSpec.scala:67 via :72,46,45,1,1,publish previous attributed event; defer current event
47,4,0xb04,BreezeCsrPipelineSpec.scala:67 via :71,45,44,1,1,publish previous attributed event; defer current event
47,4,0xc04,BreezeCsrPipelineSpec.scala:67 via :72,45,44,1,1,publish previous attributed event; defer current event
47,5,0xb05,BreezeCsrPipelineSpec.scala:67 via :71,44,43,1,1,publish previous attributed event; defer current event
47,5,0xc05,BreezeCsrPipelineSpec.scala:67 via :72,44,43,1,1,publish previous attributed event; defer current event
47,6,0xb06,BreezeCsrPipelineSpec.scala:67 via :71,43,42,1,1,publish previous attributed event; defer current event
47,6,0xc06,BreezeCsrPipelineSpec.scala:67 via :72,43,42,1,1,publish previous attributed event; defer current event
47,7,0xb07,BreezeCsrPipelineSpec.scala:67 via :71,42,41,1,1,publish previous attributed event; defer current event
47,7,0xc07,BreezeCsrPipelineSpec.scala:67 via :72,42,41,1,1,publish previous attributed event; defer current event
47,8,0xb08,BreezeCsrPipelineSpec.scala:67 via :71,41,40,1,1,publish previous attributed event; defer current event
47,8,0xc08,BreezeCsrPipelineSpec.scala:67 via :72,41,40,1,1,publish previous attributed event; defer current event
47,9,0xb09,BreezeCsrPipelineSpec.scala:67 via :71,40,39,1,1,publish previous attributed event; defer current event
47,9,0xc09,BreezeCsrPipelineSpec.scala:67 via :72,40,39,1,1,publish previous attributed event; defer current event
47,10,0xb0a,BreezeCsrPipelineSpec.scala:67 via :71,39,38,1,1,publish previous attributed event; defer current event
47,10,0xc0a,BreezeCsrPipelineSpec.scala:67 via :72,39,38,1,1,publish previous attributed event; defer current event
48,3,0xb03,BreezeCsrPipelineSpec.scala:67 via :71,47,46,1,1,publish previous attributed event; defer current event
48,3,0xc03,BreezeCsrPipelineSpec.scala:67 via :72,47,46,1,1,publish previous attributed event; defer current event
48,4,0xb04,BreezeCsrPipelineSpec.scala:67 via :71,46,45,1,1,publish previous attributed event; defer current event
48,4,0xc04,BreezeCsrPipelineSpec.scala:67 via :72,46,45,1,1,publish previous attributed event; defer current event
48,5,0xb05,BreezeCsrPipelineSpec.scala:67 via :71,45,44,1,1,publish previous attributed event; defer current event
48,5,0xc05,BreezeCsrPipelineSpec.scala:67 via :72,45,44,1,1,publish previous attributed event; defer current event
48,6,0xb06,BreezeCsrPipelineSpec.scala:67 via :71,44,43,1,1,publish previous attributed event; defer current event
48,6,0xc06,BreezeCsrPipelineSpec.scala:67 via :72,44,43,1,1,publish previous attributed event; defer current event
48,7,0xb07,BreezeCsrPipelineSpec.scala:67 via :71,43,42,1,1,publish previous attributed event; defer current event
48,7,0xc07,BreezeCsrPipelineSpec.scala:67 via :72,43,42,1,1,publish previous attributed event; defer current event
48,8,0xb08,BreezeCsrPipelineSpec.scala:67 via :71,42,41,1,1,publish previous attributed event; defer current event
48,8,0xc08,BreezeCsrPipelineSpec.scala:67 via :72,42,41,1,1,publish previous attributed event; defer current event
48,9,0xb09,BreezeCsrPipelineSpec.scala:67 via :71,41,40,1,1,publish previous attributed event; defer current event
48,9,0xc09,BreezeCsrPipelineSpec.scala:67 via :72,41,40,1,1,publish previous attributed event; defer current event
48,10,0xb0a,BreezeCsrPipelineSpec.scala:67 via :71,40,39,1,1,publish previous attributed event; defer current event
48,10,0xc0a,BreezeCsrPipelineSpec.scala:67 via :72,40,39,1,1,publish previous attributed event; defer current event
49,3,0xb03,BreezeCsrPipelineSpec.scala:67 via :71,48,47,1,1,publish previous attributed event; defer current event
49,3,0xc03,BreezeCsrPipelineSpec.scala:67 via :72,48,47,1,1,publish previous attributed event; defer current event
49,4,0xb04,BreezeCsrPipelineSpec.scala:67 via :71,47,46,1,1,publish previous attributed event; defer current event
49,4,0xc04,BreezeCsrPipelineSpec.scala:67 via :72,47,46,1,1,publish previous attributed event; defer current event
49,5,0xb05,BreezeCsrPipelineSpec.scala:67 via :71,46,45,1,1,publish previous attributed event; defer current event
49,5,0xc05,BreezeCsrPipelineSpec.scala:67 via :72,46,45,1,1,publish previous attributed event; defer current event
49,6,0xb06,BreezeCsrPipelineSpec.scala:67 via :71,45,44,1,1,publish previous attributed event; defer current event
49,6,0xc06,BreezeCsrPipelineSpec.scala:67 via :72,45,44,1,1,publish previous attributed event; defer current event
49,7,0xb07,BreezeCsrPipelineSpec.scala:67 via :71,44,43,1,1,publish previous attributed event; defer current event
49,7,0xc07,BreezeCsrPipelineSpec.scala:67 via :72,44,43,1,1,publish previous attributed event; defer current event
49,8,0xb08,BreezeCsrPipelineSpec.scala:67 via :71,43,42,1,1,publish previous attributed event; defer current event
49,8,0xc08,BreezeCsrPipelineSpec.scala:67 via :72,43,42,1,1,publish previous attributed event; defer current event
49,9,0xb09,BreezeCsrPipelineSpec.scala:67 via :71,42,41,1,1,publish previous attributed event; defer current event
49,9,0xc09,BreezeCsrPipelineSpec.scala:67 via :72,42,41,1,1,publish previous attributed event; defer current event
49,10,0xb0a,BreezeCsrPipelineSpec.scala:67 via :71,41,40,1,1,publish previous attributed event; defer current event
49,10,0xc0a,BreezeCsrPipelineSpec.scala:67 via :72,41,40,1,1,publish previous attributed event; defer current event
50,3,0xb03,BreezeCsrPipelineSpec.scala:67 via :71,49,48,1,1,publish previous attributed event; defer current event
50,3,0xc03,BreezeCsrPipelineSpec.scala:67 via :72,49,48,1,1,publish previous attributed event; defer current event
50,4,0xb04,BreezeCsrPipelineSpec.scala:67 via :71,48,47,1,1,publish previous attributed event; defer current event
50,4,0xc04,BreezeCsrPipelineSpec.scala:67 via :72,48,47,1,1,publish previous attributed event; defer current event
50,5,0xb05,BreezeCsrPipelineSpec.scala:67 via :71,47,46,1,1,publish previous attributed event; defer current event
50,5,0xc05,BreezeCsrPipelineSpec.scala:67 via :72,47,46,1,1,publish previous attributed event; defer current event
50,6,0xb06,BreezeCsrPipelineSpec.scala:67 via :71,46,45,1,1,publish previous attributed event; defer current event
50,6,0xc06,BreezeCsrPipelineSpec.scala:67 via :72,46,45,1,1,publish previous attributed event; defer current event
50,7,0xb07,BreezeCsrPipelineSpec.scala:67 via :71,45,44,1,1,publish previous attributed event; defer current event
50,7,0xc07,BreezeCsrPipelineSpec.scala:67 via :72,45,44,1,1,publish previous attributed event; defer current event
50,8,0xb08,BreezeCsrPipelineSpec.scala:67 via :71,44,43,1,1,publish previous attributed event; defer current event
50,8,0xc08,BreezeCsrPipelineSpec.scala:67 via :72,44,43,1,1,publish previous attributed event; defer current event
50,9,0xb09,BreezeCsrPipelineSpec.scala:67 via :71,43,42,1,1,publish previous attributed event; defer current event
50,9,0xc09,BreezeCsrPipelineSpec.scala:67 via :72,43,42,1,1,publish previous attributed event; defer current event
50,10,0xb0a,BreezeCsrPipelineSpec.scala:67 via :71,42,41,1,1,publish previous attributed event; defer current event
50,10,0xc0a,BreezeCsrPipelineSpec.scala:67 via :72,42,41,1,1,publish previous attributed event; defer current event
51,3,0xb03,BreezeCsrPipelineSpec.scala:67 via :71,50,49,1,1,publish previous attributed event; defer current event
51,3,0xc03,BreezeCsrPipelineSpec.scala:67 via :72,50,49,1,1,publish previous attributed event; defer current event
51,4,0xb04,BreezeCsrPipelineSpec.scala:67 via :71,49,48,1,1,publish previous attributed event; defer current event
51,4,0xc04,BreezeCsrPipelineSpec.scala:67 via :72,49,48,1,1,publish previous attributed event; defer current event
51,5,0xb05,BreezeCsrPipelineSpec.scala:67 via :71,48,47,1,1,publish previous attributed event; defer current event
51,5,0xc05,BreezeCsrPipelineSpec.scala:67 via :72,48,47,1,1,publish previous attributed event; defer current event
51,6,0xb06,BreezeCsrPipelineSpec.scala:67 via :71,47,46,1,1,publish previous attributed event; defer current event
51,6,0xc06,BreezeCsrPipelineSpec.scala:67 via :72,47,46,1,1,publish previous attributed event; defer current event
51,7,0xb07,BreezeCsrPipelineSpec.scala:67 via :71,46,45,1,1,publish previous attributed event; defer current event
51,7,0xc07,BreezeCsrPipelineSpec.scala:67 via :72,46,45,1,1,publish previous attributed event; defer current event
51,8,0xb08,BreezeCsrPipelineSpec.scala:67 via :71,45,44,1,1,publish previous attributed event; defer current event
51,8,0xc08,BreezeCsrPipelineSpec.scala:67 via :72,45,44,1,1,publish previous attributed event; defer current event
51,9,0xb09,BreezeCsrPipelineSpec.scala:67 via :71,44,43,1,1,publish previous attributed event; defer current event
51,9,0xc09,BreezeCsrPipelineSpec.scala:67 via :72,44,43,1,1,publish previous attributed event; defer current event
51,10,0xb0a,BreezeCsrPipelineSpec.scala:67 via :71,43,42,1,1,publish previous attributed event; defer current event
51,10,0xc0a,BreezeCsrPipelineSpec.scala:67 via :72,43,42,1,1,publish previous attributed event; defer current event
52,3,0xb03,BreezeCsrPipelineSpec.scala:67 via :71,51,50,1,1,publish previous attributed event; defer current event
52,3,0xc03,BreezeCsrPipelineSpec.scala:67 via :72,51,50,1,1,publish previous attributed event; defer current event
52,4,0xb04,BreezeCsrPipelineSpec.scala:67 via :71,50,49,1,1,publish previous attributed event; defer current event
52,4,0xc04,BreezeCsrPipelineSpec.scala:67 via :72,50,49,1,1,publish previous attributed event; defer current event
52,5,0xb05,BreezeCsrPipelineSpec.scala:67 via :71,49,48,1,1,publish previous attributed event; defer current event
52,5,0xc05,BreezeCsrPipelineSpec.scala:67 via :72,49,48,1,1,publish previous attributed event; defer current event
52,6,0xb06,BreezeCsrPipelineSpec.scala:67 via :71,48,47,1,1,publish previous attributed event; defer current event
52,6,0xc06,BreezeCsrPipelineSpec.scala:67 via :72,48,47,1,1,publish previous attributed event; defer current event
52,7,0xb07,BreezeCsrPipelineSpec.scala:67 via :71,47,46,1,1,publish previous attributed event; defer current event
52,7,0xc07,BreezeCsrPipelineSpec.scala:67 via :72,47,46,1,1,publish previous attributed event; defer current event
52,8,0xb08,BreezeCsrPipelineSpec.scala:67 via :71,46,45,1,1,publish previous attributed event; defer current event
52,8,0xc08,BreezeCsrPipelineSpec.scala:67 via :72,46,45,1,1,publish previous attributed event; defer current event
52,9,0xb09,BreezeCsrPipelineSpec.scala:67 via :71,45,44,1,1,publish previous attributed event; defer current event
52,9,0xc09,BreezeCsrPipelineSpec.scala:67 via :72,45,44,1,1,publish previous attributed event; defer current event
52,10,0xb0a,BreezeCsrPipelineSpec.scala:67 via :71,44,43,1,1,publish previous attributed event; defer current event
52,10,0xc0a,BreezeCsrPipelineSpec.scala:67 via :72,44,43,1,1,publish previous attributed event; defer current event
53,3,0xb03,BreezeCsrPipelineSpec.scala:67 via :71,52,51,1,1,publish previous attributed event; defer current event
53,3,0xc03,BreezeCsrPipelineSpec.scala:67 via :72,52,51,1,1,publish previous attributed event; defer current event
53,4,0xb04,BreezeCsrPipelineSpec.scala:67 via :71,51,50,1,1,publish previous attributed event; defer current event
53,4,0xc04,BreezeCsrPipelineSpec.scala:67 via :72,51,50,1,1,publish previous attributed event; defer current event
53,5,0xb05,BreezeCsrPipelineSpec.scala:67 via :71,50,49,1,1,publish previous attributed event; defer current event
53,5,0xc05,BreezeCsrPipelineSpec.scala:67 via :72,50,49,1,1,publish previous attributed event; defer current event
53,6,0xb06,BreezeCsrPipelineSpec.scala:67 via :71,49,48,1,1,publish previous attributed event; defer current event
53,6,0xc06,BreezeCsrPipelineSpec.scala:67 via :72,49,48,1,1,publish previous attributed event; defer current event
53,7,0xb07,BreezeCsrPipelineSpec.scala:67 via :71,48,47,1,1,publish previous attributed event; defer current event
53,7,0xc07,BreezeCsrPipelineSpec.scala:67 via :72,48,47,1,1,publish previous attributed event; defer current event
53,8,0xb08,BreezeCsrPipelineSpec.scala:67 via :71,47,46,1,1,publish previous attributed event; defer current event
53,8,0xc08,BreezeCsrPipelineSpec.scala:67 via :72,47,46,1,1,publish previous attributed event; defer current event
53,9,0xb09,BreezeCsrPipelineSpec.scala:67 via :71,46,45,1,1,publish previous attributed event; defer current event
53,9,0xc09,BreezeCsrPipelineSpec.scala:67 via :72,46,45,1,1,publish previous attributed event; defer current event
53,10,0xb0a,BreezeCsrPipelineSpec.scala:67 via :71,45,44,1,1,publish previous attributed event; defer current event
53,10,0xc0a,BreezeCsrPipelineSpec.scala:67 via :72,45,44,1,1,publish previous attributed event; defer current event
54,3,0xb03,BreezeCsrPipelineSpec.scala:67 via :71,53,52,1,1,publish previous attributed event; defer current event
54,3,0xc03,BreezeCsrPipelineSpec.scala:67 via :72,53,52,1,1,publish previous attributed event; defer current event
54,4,0xb04,BreezeCsrPipelineSpec.scala:67 via :71,52,51,1,1,publish previous attributed event; defer current event
54,4,0xc04,BreezeCsrPipelineSpec.scala:67 via :72,52,51,1,1,publish previous attributed event; defer current event
54,5,0xb05,BreezeCsrPipelineSpec.scala:67 via :71,51,50,1,1,publish previous attributed event; defer current event
54,5,0xc05,BreezeCsrPipelineSpec.scala:67 via :72,51,50,1,1,publish previous attributed event; defer current event
54,6,0xb06,BreezeCsrPipelineSpec.scala:67 via :71,50,49,1,1,publish previous attributed event; defer current event
54,6,0xc06,BreezeCsrPipelineSpec.scala:67 via :72,50,49,1,1,publish previous attributed event; defer current event
54,7,0xb07,BreezeCsrPipelineSpec.scala:67 via :71,49,48,1,1,publish previous attributed event; defer current event
54,7,0xc07,BreezeCsrPipelineSpec.scala:67 via :72,49,48,1,1,publish previous attributed event; defer current event
54,8,0xb08,BreezeCsrPipelineSpec.scala:67 via :71,48,47,1,1,publish previous attributed event; defer current event
54,8,0xc08,BreezeCsrPipelineSpec.scala:67 via :72,48,47,1,1,publish previous attributed event; defer current event
54,9,0xb09,BreezeCsrPipelineSpec.scala:67 via :71,47,46,1,1,publish previous attributed event; defer current event
54,9,0xc09,BreezeCsrPipelineSpec.scala:67 via :72,47,46,1,1,publish previous attributed event; defer current event
54,10,0xb0a,BreezeCsrPipelineSpec.scala:67 via :71,46,45,1,1,publish previous attributed event; defer current event
54,10,0xc0a,BreezeCsrPipelineSpec.scala:67 via :72,46,45,1,1,publish previous attributed event; defer current event
55,3,0xb03,BreezeCsrPipelineSpec.scala:67 via :71,54,53,1,1,publish previous attributed event; defer current event
55,3,0xc03,BreezeCsrPipelineSpec.scala:67 via :72,54,53,1,1,publish previous attributed event; defer current event
55,4,0xb04,BreezeCsrPipelineSpec.scala:67 via :71,53,52,1,1,publish previous attributed event; defer current event
55,4,0xc04,BreezeCsrPipelineSpec.scala:67 via :72,53,52,1,1,publish previous attributed event; defer current event
55,5,0xb05,BreezeCsrPipelineSpec.scala:67 via :71,52,51,1,1,publish previous attributed event; defer current event
55,5,0xc05,BreezeCsrPipelineSpec.scala:67 via :72,52,51,1,1,publish previous attributed event; defer current event
55,6,0xb06,BreezeCsrPipelineSpec.scala:67 via :71,51,50,1,1,publish previous attributed event; defer current event
55,6,0xc06,BreezeCsrPipelineSpec.scala:67 via :72,51,50,1,1,publish previous attributed event; defer current event
55,7,0xb07,BreezeCsrPipelineSpec.scala:67 via :71,50,49,1,1,publish previous attributed event; defer current event
55,7,0xc07,BreezeCsrPipelineSpec.scala:67 via :72,50,49,1,1,publish previous attributed event; defer current event
55,8,0xb08,BreezeCsrPipelineSpec.scala:67 via :71,49,48,1,1,publish previous attributed event; defer current event
55,8,0xc08,BreezeCsrPipelineSpec.scala:67 via :72,49,48,1,1,publish previous attributed event; defer current event
55,9,0xb09,BreezeCsrPipelineSpec.scala:67 via :71,48,47,1,1,publish previous attributed event; defer current event
55,9,0xc09,BreezeCsrPipelineSpec.scala:67 via :72,48,47,1,1,publish previous attributed event; defer current event
55,10,0xb0a,BreezeCsrPipelineSpec.scala:67 via :71,47,46,1,1,publish previous attributed event; defer current event
55,10,0xc0a,BreezeCsrPipelineSpec.scala:67 via :72,47,46,1,1,publish previous attributed event; defer current event
56,3,0xb03,BreezeCsrPipelineSpec.scala:67 via :71,55,54,1,1,publish previous attributed event; defer current event
56,3,0xc03,BreezeCsrPipelineSpec.scala:67 via :72,55,54,1,1,publish previous attributed event; defer current event
56,4,0xb04,BreezeCsrPipelineSpec.scala:67 via :71,54,53,1,1,publish previous attributed event; defer current event
56,4,0xc04,BreezeCsrPipelineSpec.scala:67 via :72,54,53,1,1,publish previous attributed event; defer current event
56,5,0xb05,BreezeCsrPipelineSpec.scala:67 via :71,53,52,1,1,publish previous attributed event; defer current event
56,5,0xc05,BreezeCsrPipelineSpec.scala:67 via :72,53,52,1,1,publish previous attributed event; defer current event
56,6,0xb06,BreezeCsrPipelineSpec.scala:67 via :71,52,51,1,1,publish previous attributed event; defer current event
56,6,0xc06,BreezeCsrPipelineSpec.scala:67 via :72,52,51,1,1,publish previous attributed event; defer current event
56,7,0xb07,BreezeCsrPipelineSpec.scala:67 via :71,51,50,1,1,publish previous attributed event; defer current event
56,7,0xc07,BreezeCsrPipelineSpec.scala:67 via :72,51,50,1,1,publish previous attributed event; defer current event
56,8,0xb08,BreezeCsrPipelineSpec.scala:67 via :71,50,49,1,1,publish previous attributed event; defer current event
56,8,0xc08,BreezeCsrPipelineSpec.scala:67 via :72,50,49,1,1,publish previous attributed event; defer current event
56,9,0xb09,BreezeCsrPipelineSpec.scala:67 via :71,49,48,1,1,publish previous attributed event; defer current event
56,9,0xc09,BreezeCsrPipelineSpec.scala:67 via :72,49,48,1,1,publish previous attributed event; defer current event
56,10,0xb0a,BreezeCsrPipelineSpec.scala:67 via :71,48,47,1,1,publish previous attributed event; defer current event
56,10,0xc0a,BreezeCsrPipelineSpec.scala:67 via :72,48,47,1,1,publish previous attributed event; defer current event
57,3,0xb03,BreezeCsrPipelineSpec.scala:67 via :71,56,55,1,1,publish previous attributed event; defer current event
57,3,0xc03,BreezeCsrPipelineSpec.scala:67 via :72,56,55,1,1,publish previous attributed event; defer current event
57,4,0xb04,BreezeCsrPipelineSpec.scala:67 via :71,55,54,1,1,publish previous attributed event; defer current event
57,4,0xc04,BreezeCsrPipelineSpec.scala:67 via :72,55,54,1,1,publish previous attributed event; defer current event
57,5,0xb05,BreezeCsrPipelineSpec.scala:67 via :71,54,53,1,1,publish previous attributed event; defer current event
57,5,0xc05,BreezeCsrPipelineSpec.scala:67 via :72,54,53,1,1,publish previous attributed event; defer current event
57,6,0xb06,BreezeCsrPipelineSpec.scala:67 via :71,53,52,1,1,publish previous attributed event; defer current event
57,6,0xc06,BreezeCsrPipelineSpec.scala:67 via :72,53,52,1,1,publish previous attributed event; defer current event
57,7,0xb07,BreezeCsrPipelineSpec.scala:67 via :71,52,51,1,1,publish previous attributed event; defer current event
57,7,0xc07,BreezeCsrPipelineSpec.scala:67 via :72,52,51,1,1,publish previous attributed event; defer current event
57,8,0xb08,BreezeCsrPipelineSpec.scala:67 via :71,51,50,1,1,publish previous attributed event; defer current event
57,8,0xc08,BreezeCsrPipelineSpec.scala:67 via :72,51,50,1,1,publish previous attributed event; defer current event
57,9,0xb09,BreezeCsrPipelineSpec.scala:67 via :71,50,49,1,1,publish previous attributed event; defer current event
57,9,0xc09,BreezeCsrPipelineSpec.scala:67 via :72,50,49,1,1,publish previous attributed event; defer current event
57,10,0xb0a,BreezeCsrPipelineSpec.scala:67 via :71,49,48,1,1,publish previous attributed event; defer current event
57,10,0xc0a,BreezeCsrPipelineSpec.scala:67 via :72,49,48,1,1,publish previous attributed event; defer current event
58,3,0xb03,BreezeCsrPipelineSpec.scala:67 via :71,57,56,1,1,publish previous attributed event; defer current event
58,3,0xc03,BreezeCsrPipelineSpec.scala:67 via :72,57,56,1,1,publish previous attributed event; defer current event
58,4,0xb04,BreezeCsrPipelineSpec.scala:67 via :71,56,55,1,1,publish previous attributed event; defer current event
58,4,0xc04,BreezeCsrPipelineSpec.scala:67 via :72,56,55,1,1,publish previous attributed event; defer current event
58,5,0xb05,BreezeCsrPipelineSpec.scala:67 via :71,55,54,1,1,publish previous attributed event; defer current event
58,5,0xc05,BreezeCsrPipelineSpec.scala:67 via :72,55,54,1,1,publish previous attributed event; defer current event
58,6,0xb06,BreezeCsrPipelineSpec.scala:67 via :71,54,53,1,1,publish previous attributed event; defer current event
58,6,0xc06,BreezeCsrPipelineSpec.scala:67 via :72,54,53,1,1,publish previous attributed event; defer current event
58,7,0xb07,BreezeCsrPipelineSpec.scala:67 via :71,53,52,1,1,publish previous attributed event; defer current event
58,7,0xc07,BreezeCsrPipelineSpec.scala:67 via :72,53,52,1,1,publish previous attributed event; defer current event
58,8,0xb08,BreezeCsrPipelineSpec.scala:67 via :71,52,51,1,1,publish previous attributed event; defer current event
58,8,0xc08,BreezeCsrPipelineSpec.scala:67 via :72,52,51,1,1,publish previous attributed event; defer current event
58,9,0xb09,BreezeCsrPipelineSpec.scala:67 via :71,51,50,1,1,publish previous attributed event; defer current event
58,9,0xc09,BreezeCsrPipelineSpec.scala:67 via :72,51,50,1,1,publish previous attributed event; defer current event
58,10,0xb0a,BreezeCsrPipelineSpec.scala:67 via :71,50,49,1,1,publish previous attributed event; defer current event
58,10,0xc0a,BreezeCsrPipelineSpec.scala:67 via :72,50,49,1,1,publish previous attributed event; defer current event
59,3,0xb03,BreezeCsrPipelineSpec.scala:67 via :71,58,57,1,1,publish previous attributed event; defer current event
59,3,0xc03,BreezeCsrPipelineSpec.scala:67 via :72,58,57,1,1,publish previous attributed event; defer current event
59,4,0xb04,BreezeCsrPipelineSpec.scala:67 via :71,57,56,1,1,publish previous attributed event; defer current event
59,4,0xc04,BreezeCsrPipelineSpec.scala:67 via :72,57,56,1,1,publish previous attributed event; defer current event
59,5,0xb05,BreezeCsrPipelineSpec.scala:67 via :71,56,55,1,1,publish previous attributed event; defer current event
59,5,0xc05,BreezeCsrPipelineSpec.scala:67 via :72,56,55,1,1,publish previous attributed event; defer current event
59,6,0xb06,BreezeCsrPipelineSpec.scala:67 via :71,55,54,1,1,publish previous attributed event; defer current event
59,6,0xc06,BreezeCsrPipelineSpec.scala:67 via :72,55,54,1,1,publish previous attributed event; defer current event
59,7,0xb07,BreezeCsrPipelineSpec.scala:67 via :71,54,53,1,1,publish previous attributed event; defer current event
59,7,0xc07,BreezeCsrPipelineSpec.scala:67 via :72,54,53,1,1,publish previous attributed event; defer current event
59,8,0xb08,BreezeCsrPipelineSpec.scala:67 via :71,53,52,1,1,publish previous attributed event; defer current event
59,8,0xc08,BreezeCsrPipelineSpec.scala:67 via :72,53,52,1,1,publish previous attributed event; defer current event
59,9,0xb09,BreezeCsrPipelineSpec.scala:67 via :71,52,51,1,1,publish previous attributed event; defer current event
59,9,0xc09,BreezeCsrPipelineSpec.scala:67 via :72,52,51,1,1,publish previous attributed event; defer current event
59,10,0xb0a,BreezeCsrPipelineSpec.scala:67 via :71,51,50,1,1,publish previous attributed event; defer current event
59,10,0xc0a,BreezeCsrPipelineSpec.scala:67 via :72,51,50,1,1,publish previous attributed event; defer current event
60,3,0xb03,BreezeCsrPipelineSpec.scala:67 via :71,59,58,1,1,publish previous attributed event; defer current event
60,3,0xc03,BreezeCsrPipelineSpec.scala:67 via :72,59,58,1,1,publish previous attributed event; defer current event
60,4,0xb04,BreezeCsrPipelineSpec.scala:67 via :71,58,57,1,1,publish previous attributed event; defer current event
60,4,0xc04,BreezeCsrPipelineSpec.scala:67 via :72,58,57,1,1,publish previous attributed event; defer current event
60,5,0xb05,BreezeCsrPipelineSpec.scala:67 via :71,57,56,1,1,publish previous attributed event; defer current event
60,5,0xc05,BreezeCsrPipelineSpec.scala:67 via :72,57,56,1,1,publish previous attributed event; defer current event
60,6,0xb06,BreezeCsrPipelineSpec.scala:67 via :71,56,55,1,1,publish previous attributed event; defer current event
60,6,0xc06,BreezeCsrPipelineSpec.scala:67 via :72,56,55,1,1,publish previous attributed event; defer current event
60,7,0xb07,BreezeCsrPipelineSpec.scala:67 via :71,55,54,1,1,publish previous attributed event; defer current event
60,7,0xc07,BreezeCsrPipelineSpec.scala:67 via :72,55,54,1,1,publish previous attributed event; defer current event
60,8,0xb08,BreezeCsrPipelineSpec.scala:67 via :71,54,53,1,1,publish previous attributed event; defer current event
60,8,0xc08,BreezeCsrPipelineSpec.scala:67 via :72,54,53,1,1,publish previous attributed event; defer current event
60,9,0xb09,BreezeCsrPipelineSpec.scala:67 via :71,53,52,1,1,publish previous attributed event; defer current event
60,9,0xc09,BreezeCsrPipelineSpec.scala:67 via :72,53,52,1,1,publish previous attributed event; defer current event
60,10,0xb0a,BreezeCsrPipelineSpec.scala:67 via :71,52,51,1,1,publish previous attributed event; defer current event
60,10,0xc0a,BreezeCsrPipelineSpec.scala:67 via :72,52,51,1,1,publish previous attributed event; defer current event
61,3,0xb03,BreezeCsrPipelineSpec.scala:67 via :71,60,59,1,1,publish previous attributed event; defer current event
61,3,0xc03,BreezeCsrPipelineSpec.scala:67 via :72,60,59,1,1,publish previous attributed event; defer current event
61,4,0xb04,BreezeCsrPipelineSpec.scala:67 via :71,59,58,1,1,publish previous attributed event; defer current event
61,4,0xc04,BreezeCsrPipelineSpec.scala:67 via :72,59,58,1,1,publish previous attributed event; defer current event
61,5,0xb05,BreezeCsrPipelineSpec.scala:67 via :71,58,57,1,1,publish previous attributed event; defer current event
61,5,0xc05,BreezeCsrPipelineSpec.scala:67 via :72,58,57,1,1,publish previous attributed event; defer current event
61,6,0xb06,BreezeCsrPipelineSpec.scala:67 via :71,57,56,1,1,publish previous attributed event; defer current event
61,6,0xc06,BreezeCsrPipelineSpec.scala:67 via :72,57,56,1,1,publish previous attributed event; defer current event
61,7,0xb07,BreezeCsrPipelineSpec.scala:67 via :71,56,55,1,1,publish previous attributed event; defer current event
61,7,0xc07,BreezeCsrPipelineSpec.scala:67 via :72,56,55,1,1,publish previous attributed event; defer current event
61,8,0xb08,BreezeCsrPipelineSpec.scala:67 via :71,55,54,1,1,publish previous attributed event; defer current event
61,8,0xc08,BreezeCsrPipelineSpec.scala:67 via :72,55,54,1,1,publish previous attributed event; defer current event
61,9,0xb09,BreezeCsrPipelineSpec.scala:67 via :71,54,53,1,1,publish previous attributed event; defer current event
61,9,0xc09,BreezeCsrPipelineSpec.scala:67 via :72,54,53,1,1,publish previous attributed event; defer current event
61,10,0xb0a,BreezeCsrPipelineSpec.scala:67 via :71,53,52,1,1,publish previous attributed event; defer current event
61,10,0xc0a,BreezeCsrPipelineSpec.scala:67 via :72,53,52,1,1,publish previous attributed event; defer current event
62,3,0xb03,BreezeCsrPipelineSpec.scala:67 via :71,61,60,1,1,publish previous attributed event; defer current event
62,3,0xc03,BreezeCsrPipelineSpec.scala:67 via :72,61,60,1,1,publish previous attributed event; defer current event
62,4,0xb04,BreezeCsrPipelineSpec.scala:67 via :71,60,59,1,1,publish previous attributed event; defer current event
62,4,0xc04,BreezeCsrPipelineSpec.scala:67 via :72,60,59,1,1,publish previous attributed event; defer current event
62,5,0xb05,BreezeCsrPipelineSpec.scala:67 via :71,59,58,1,1,publish previous attributed event; defer current event
62,5,0xc05,BreezeCsrPipelineSpec.scala:67 via :72,59,58,1,1,publish previous attributed event; defer current event
62,6,0xb06,BreezeCsrPipelineSpec.scala:67 via :71,58,57,1,1,publish previous attributed event; defer current event
62,6,0xc06,BreezeCsrPipelineSpec.scala:67 via :72,58,57,1,1,publish previous attributed event; defer current event
62,7,0xb07,BreezeCsrPipelineSpec.scala:67 via :71,57,56,1,1,publish previous attributed event; defer current event
62,7,0xc07,BreezeCsrPipelineSpec.scala:67 via :72,57,56,1,1,publish previous attributed event; defer current event
62,8,0xb08,BreezeCsrPipelineSpec.scala:67 via :71,56,55,1,1,publish previous attributed event; defer current event
62,8,0xc08,BreezeCsrPipelineSpec.scala:67 via :72,56,55,1,1,publish previous attributed event; defer current event
62,9,0xb09,BreezeCsrPipelineSpec.scala:67 via :71,55,54,1,1,publish previous attributed event; defer current event
62,9,0xc09,BreezeCsrPipelineSpec.scala:67 via :72,55,54,1,1,publish previous attributed event; defer current event
62,10,0xb0a,BreezeCsrPipelineSpec.scala:67 via :71,54,53,1,1,publish previous attributed event; defer current event
62,10,0xc0a,BreezeCsrPipelineSpec.scala:67 via :72,54,53,1,1,publish previous attributed event; defer current event
63,3,0xb03,BreezeCsrPipelineSpec.scala:67 via :71,62,61,1,1,publish previous attributed event; defer current event
63,3,0xc03,BreezeCsrPipelineSpec.scala:67 via :72,62,61,1,1,publish previous attributed event; defer current event
63,4,0xb04,BreezeCsrPipelineSpec.scala:67 via :71,61,60,1,1,publish previous attributed event; defer current event
63,4,0xc04,BreezeCsrPipelineSpec.scala:67 via :72,61,60,1,1,publish previous attributed event; defer current event
63,5,0xb05,BreezeCsrPipelineSpec.scala:67 via :71,60,59,1,1,publish previous attributed event; defer current event
63,5,0xc05,BreezeCsrPipelineSpec.scala:67 via :72,60,59,1,1,publish previous attributed event; defer current event
63,6,0xb06,BreezeCsrPipelineSpec.scala:67 via :71,59,58,1,1,publish previous attributed event; defer current event
63,6,0xc06,BreezeCsrPipelineSpec.scala:67 via :72,59,58,1,1,publish previous attributed event; defer current event
63,7,0xb07,BreezeCsrPipelineSpec.scala:67 via :71,58,57,1,1,publish previous attributed event; defer current event
63,7,0xc07,BreezeCsrPipelineSpec.scala:67 via :72,58,57,1,1,publish previous attributed event; defer current event
63,8,0xb08,BreezeCsrPipelineSpec.scala:67 via :71,57,56,1,1,publish previous attributed event; defer current event
63,8,0xc08,BreezeCsrPipelineSpec.scala:67 via :72,57,56,1,1,publish previous attributed event; defer current event
63,9,0xb09,BreezeCsrPipelineSpec.scala:67 via :71,56,55,1,1,publish previous attributed event; defer current event
63,9,0xc09,BreezeCsrPipelineSpec.scala:67 via :72,56,55,1,1,publish previous attributed event; defer current event
63,10,0xb0a,BreezeCsrPipelineSpec.scala:67 via :71,55,54,1,1,publish previous attributed event; defer current event
63,10,0xc0a,BreezeCsrPipelineSpec.scala:67 via :72,55,54,1,1,publish previous attributed event; defer current event
64,3,0xb03,BreezeCsrPipelineSpec.scala:67 via :71,63,62,1,1,publish previous attributed event; defer current event
64,3,0xc03,BreezeCsrPipelineSpec.scala:67 via :72,63,62,1,1,publish previous attributed event; defer current event
64,4,0xb04,BreezeCsrPipelineSpec.scala:67 via :71,62,61,1,1,publish previous attributed event; defer current event
64,4,0xc04,BreezeCsrPipelineSpec.scala:67 via :72,62,61,1,1,publish previous attributed event; defer current event
64,5,0xb05,BreezeCsrPipelineSpec.scala:67 via :71,61,60,1,1,publish previous attributed event; defer current event
64,5,0xc05,BreezeCsrPipelineSpec.scala:67 via :72,61,60,1,1,publish previous attributed event; defer current event
64,6,0xb06,BreezeCsrPipelineSpec.scala:67 via :71,60,59,1,1,publish previous attributed event; defer current event
64,6,0xc06,BreezeCsrPipelineSpec.scala:67 via :72,60,59,1,1,publish previous attributed event; defer current event
64,7,0xb07,BreezeCsrPipelineSpec.scala:67 via :71,59,58,1,1,publish previous attributed event; defer current event
64,7,0xc07,BreezeCsrPipelineSpec.scala:67 via :72,59,58,1,1,publish previous attributed event; defer current event
64,8,0xb08,BreezeCsrPipelineSpec.scala:67 via :71,58,57,1,1,publish previous attributed event; defer current event
64,8,0xc08,BreezeCsrPipelineSpec.scala:67 via :72,58,57,1,1,publish previous attributed event; defer current event
64,9,0xb09,BreezeCsrPipelineSpec.scala:67 via :71,57,56,1,1,publish previous attributed event; defer current event
64,9,0xc09,BreezeCsrPipelineSpec.scala:67 via :72,57,56,1,1,publish previous attributed event; defer current event
64,10,0xb0a,BreezeCsrPipelineSpec.scala:67 via :71,56,55,1,1,publish previous attributed event; defer current event
64,10,0xc0a,BreezeCsrPipelineSpec.scala:67 via :72,56,55,1,1,publish previous attributed event; defer current event
65,3,0xb03,BreezeCsrPipelineSpec.scala:67 via :71,64,63,1,1,publish previous attributed event; defer current event
65,3,0xc03,BreezeCsrPipelineSpec.scala:67 via :72,64,63,1,1,publish previous attributed event; defer current event
65,4,0xb04,BreezeCsrPipelineSpec.scala:67 via :71,63,62,1,1,publish previous attributed event; defer current event
65,4,0xc04,BreezeCsrPipelineSpec.scala:67 via :72,63,62,1,1,publish previous attributed event; defer current event
65,5,0xb05,BreezeCsrPipelineSpec.scala:67 via :71,62,61,1,1,publish previous attributed event; defer current event
65,5,0xc05,BreezeCsrPipelineSpec.scala:67 via :72,62,61,1,1,publish previous attributed event; defer current event
65,6,0xb06,BreezeCsrPipelineSpec.scala:67 via :71,61,60,1,1,publish previous attributed event; defer current event
65,6,0xc06,BreezeCsrPipelineSpec.scala:67 via :72,61,60,1,1,publish previous attributed event; defer current event
65,7,0xb07,BreezeCsrPipelineSpec.scala:67 via :71,60,59,1,1,publish previous attributed event; defer current event
65,7,0xc07,BreezeCsrPipelineSpec.scala:67 via :72,60,59,1,1,publish previous attributed event; defer current event
65,8,0xb08,BreezeCsrPipelineSpec.scala:67 via :71,59,58,1,1,publish previous attributed event; defer current event
65,8,0xc08,BreezeCsrPipelineSpec.scala:67 via :72,59,58,1,1,publish previous attributed event; defer current event
65,9,0xb09,BreezeCsrPipelineSpec.scala:67 via :71,58,57,1,1,publish previous attributed event; defer current event
65,9,0xc09,BreezeCsrPipelineSpec.scala:67 via :72,58,57,1,1,publish previous attributed event; defer current event
65,10,0xb0a,BreezeCsrPipelineSpec.scala:67 via :71,57,56,1,1,publish previous attributed event; defer current event
65,10,0xc0a,BreezeCsrPipelineSpec.scala:67 via :72,57,56,1,1,publish previous attributed event; defer current event
66,3,0xb03,BreezeCsrPipelineSpec.scala:67 via :71,65,64,1,1,publish previous attributed event; defer current event
66,3,0xc03,BreezeCsrPipelineSpec.scala:67 via :72,65,64,1,1,publish previous attributed event; defer current event
66,4,0xb04,BreezeCsrPipelineSpec.scala:67 via :71,64,63,1,1,publish previous attributed event; defer current event
66,4,0xc04,BreezeCsrPipelineSpec.scala:67 via :72,64,63,1,1,publish previous attributed event; defer current event
66,5,0xb05,BreezeCsrPipelineSpec.scala:67 via :71,63,62,1,1,publish previous attributed event; defer current event
66,5,0xc05,BreezeCsrPipelineSpec.scala:67 via :72,63,62,1,1,publish previous attributed event; defer current event
66,6,0xb06,BreezeCsrPipelineSpec.scala:67 via :71,62,61,1,1,publish previous attributed event; defer current event
66,6,0xc06,BreezeCsrPipelineSpec.scala:67 via :72,62,61,1,1,publish previous attributed event; defer current event
66,7,0xb07,BreezeCsrPipelineSpec.scala:67 via :71,61,60,1,1,publish previous attributed event; defer current event
66,7,0xc07,BreezeCsrPipelineSpec.scala:67 via :72,61,60,1,1,publish previous attributed event; defer current event
66,8,0xb08,BreezeCsrPipelineSpec.scala:67 via :71,60,59,1,1,publish previous attributed event; defer current event
66,8,0xc08,BreezeCsrPipelineSpec.scala:67 via :72,60,59,1,1,publish previous attributed event; defer current event
66,9,0xb09,BreezeCsrPipelineSpec.scala:67 via :71,59,58,1,1,publish previous attributed event; defer current event
66,9,0xc09,BreezeCsrPipelineSpec.scala:67 via :72,59,58,1,1,publish previous attributed event; defer current event
66,10,0xb0a,BreezeCsrPipelineSpec.scala:67 via :71,58,57,1,1,publish previous attributed event; defer current event
66,10,0xc0a,BreezeCsrPipelineSpec.scala:67 via :72,58,57,1,1,publish previous attributed event; defer current event
67,3,0xb03,BreezeCsrPipelineSpec.scala:67 via :71,66,65,1,1,publish previous attributed event; defer current event
67,3,0xc03,BreezeCsrPipelineSpec.scala:67 via :72,66,65,1,1,publish previous attributed event; defer current event
67,4,0xb04,BreezeCsrPipelineSpec.scala:67 via :71,65,64,1,1,publish previous attributed event; defer current event
67,4,0xc04,BreezeCsrPipelineSpec.scala:67 via :72,65,64,1,1,publish previous attributed event; defer current event
67,5,0xb05,BreezeCsrPipelineSpec.scala:67 via :71,64,63,1,1,publish previous attributed event; defer current event
67,5,0xc05,BreezeCsrPipelineSpec.scala:67 via :72,64,63,1,1,publish previous attributed event; defer current event
67,6,0xb06,BreezeCsrPipelineSpec.scala:67 via :71,63,62,1,1,publish previous attributed event; defer current event
67,6,0xc06,BreezeCsrPipelineSpec.scala:67 via :72,63,62,1,1,publish previous attributed event; defer current event
67,7,0xb07,BreezeCsrPipelineSpec.scala:67 via :71,62,61,1,1,publish previous attributed event; defer current event
67,7,0xc07,BreezeCsrPipelineSpec.scala:67 via :72,62,61,1,1,publish previous attributed event; defer current event
67,8,0xb08,BreezeCsrPipelineSpec.scala:67 via :71,61,60,1,1,publish previous attributed event; defer current event
67,8,0xc08,BreezeCsrPipelineSpec.scala:67 via :72,61,60,1,1,publish previous attributed event; defer current event
67,9,0xb09,BreezeCsrPipelineSpec.scala:67 via :71,60,59,1,1,publish previous attributed event; defer current event
67,9,0xc09,BreezeCsrPipelineSpec.scala:67 via :72,60,59,1,1,publish previous attributed event; defer current event
67,10,0xb0a,BreezeCsrPipelineSpec.scala:67 via :71,59,58,1,1,publish previous attributed event; defer current event
67,10,0xc0a,BreezeCsrPipelineSpec.scala:67 via :72,59,58,1,1,publish previous attributed event; defer current event
68,3,0xb03,BreezeCsrPipelineSpec.scala:67 via :71,67,66,1,1,publish previous attributed event; defer current event
68,3,0xc03,BreezeCsrPipelineSpec.scala:67 via :72,67,66,1,1,publish previous attributed event; defer current event
68,4,0xb04,BreezeCsrPipelineSpec.scala:67 via :71,66,65,1,1,publish previous attributed event; defer current event
68,4,0xc04,BreezeCsrPipelineSpec.scala:67 via :72,66,65,1,1,publish previous attributed event; defer current event
68,5,0xb05,BreezeCsrPipelineSpec.scala:67 via :71,65,64,1,1,publish previous attributed event; defer current event
68,5,0xc05,BreezeCsrPipelineSpec.scala:67 via :72,65,64,1,1,publish previous attributed event; defer current event
68,6,0xb06,BreezeCsrPipelineSpec.scala:67 via :71,64,63,1,1,publish previous attributed event; defer current event
68,6,0xc06,BreezeCsrPipelineSpec.scala:67 via :72,64,63,1,1,publish previous attributed event; defer current event
68,7,0xb07,BreezeCsrPipelineSpec.scala:67 via :71,63,62,1,1,publish previous attributed event; defer current event
68,7,0xc07,BreezeCsrPipelineSpec.scala:67 via :72,63,62,1,1,publish previous attributed event; defer current event
68,8,0xb08,BreezeCsrPipelineSpec.scala:67 via :71,62,61,1,1,publish previous attributed event; defer current event
68,8,0xc08,BreezeCsrPipelineSpec.scala:67 via :72,62,61,1,1,publish previous attributed event; defer current event
68,9,0xb09,BreezeCsrPipelineSpec.scala:67 via :71,61,60,1,1,publish previous attributed event; defer current event
68,9,0xc09,BreezeCsrPipelineSpec.scala:67 via :72,61,60,1,1,publish previous attributed event; defer current event
68,10,0xb0a,BreezeCsrPipelineSpec.scala:67 via :71,60,59,1,1,publish previous attributed event; defer current event
68,10,0xc0a,BreezeCsrPipelineSpec.scala:67 via :72,60,59,1,1,publish previous attributed event; defer current event
69,3,0xb03,BreezeCsrPipelineSpec.scala:67 via :71,68,67,1,1,publish previous attributed event; defer current event
69,3,0xc03,BreezeCsrPipelineSpec.scala:67 via :72,68,67,1,1,publish previous attributed event; defer current event
69,4,0xb04,BreezeCsrPipelineSpec.scala:67 via :71,67,66,1,1,publish previous attributed event; defer current event
69,4,0xc04,BreezeCsrPipelineSpec.scala:67 via :72,67,66,1,1,publish previous attributed event; defer current event
69,5,0xb05,BreezeCsrPipelineSpec.scala:67 via :71,66,65,1,1,publish previous attributed event; defer current event
69,5,0xc05,BreezeCsrPipelineSpec.scala:67 via :72,66,65,1,1,publish previous attributed event; defer current event
69,6,0xb06,BreezeCsrPipelineSpec.scala:67 via :71,65,64,1,1,publish previous attributed event; defer current event
69,6,0xc06,BreezeCsrPipelineSpec.scala:67 via :72,65,64,1,1,publish previous attributed event; defer current event
69,7,0xb07,BreezeCsrPipelineSpec.scala:67 via :71,64,63,1,1,publish previous attributed event; defer current event
69,7,0xc07,BreezeCsrPipelineSpec.scala:67 via :72,64,63,1,1,publish previous attributed event; defer current event
69,8,0xb08,BreezeCsrPipelineSpec.scala:67 via :71,63,62,1,1,publish previous attributed event; defer current event
69,8,0xc08,BreezeCsrPipelineSpec.scala:67 via :72,63,62,1,1,publish previous attributed event; defer current event
69,9,0xb09,BreezeCsrPipelineSpec.scala:67 via :71,62,61,1,1,publish previous attributed event; defer current event
69,9,0xc09,BreezeCsrPipelineSpec.scala:67 via :72,62,61,1,1,publish previous attributed event; defer current event
69,10,0xb0a,BreezeCsrPipelineSpec.scala:67 via :71,61,60,1,1,publish previous attributed event; defer current event
69,10,0xc0a,BreezeCsrPipelineSpec.scala:67 via :72,61,60,1,1,publish previous attributed event; defer current event
70,3,0xb03,BreezeCsrPipelineSpec.scala:67 via :71,69,68,1,1,publish previous attributed event; defer current event
70,3,0xc03,BreezeCsrPipelineSpec.scala:67 via :72,69,68,1,1,publish previous attributed event; defer current event
70,4,0xb04,BreezeCsrPipelineSpec.scala:67 via :71,68,67,1,1,publish previous attributed event; defer current event
70,4,0xc04,BreezeCsrPipelineSpec.scala:67 via :72,68,67,1,1,publish previous attributed event; defer current event
70,5,0xb05,BreezeCsrPipelineSpec.scala:67 via :71,67,66,1,1,publish previous attributed event; defer current event
70,5,0xc05,BreezeCsrPipelineSpec.scala:67 via :72,67,66,1,1,publish previous attributed event; defer current event
70,6,0xb06,BreezeCsrPipelineSpec.scala:67 via :71,66,65,1,1,publish previous attributed event; defer current event
70,6,0xc06,BreezeCsrPipelineSpec.scala:67 via :72,66,65,1,1,publish previous attributed event; defer current event
70,7,0xb07,BreezeCsrPipelineSpec.scala:67 via :71,65,64,1,1,publish previous attributed event; defer current event
70,7,0xc07,BreezeCsrPipelineSpec.scala:67 via :72,65,64,1,1,publish previous attributed event; defer current event
70,8,0xb08,BreezeCsrPipelineSpec.scala:67 via :71,64,63,1,1,publish previous attributed event; defer current event
70,8,0xc08,BreezeCsrPipelineSpec.scala:67 via :72,64,63,1,1,publish previous attributed event; defer current event
70,9,0xb09,BreezeCsrPipelineSpec.scala:67 via :71,63,62,1,1,publish previous attributed event; defer current event
70,9,0xc09,BreezeCsrPipelineSpec.scala:67 via :72,63,62,1,1,publish previous attributed event; defer current event
70,10,0xb0a,BreezeCsrPipelineSpec.scala:67 via :71,62,61,1,1,publish previous attributed event; defer current event
70,10,0xc0a,BreezeCsrPipelineSpec.scala:67 via :72,62,61,1,1,publish previous attributed event; defer current event
71,3,0xb03,BreezeCsrPipelineSpec.scala:67 via :71,70,69,1,1,publish previous attributed event; defer current event
71,3,0xc03,BreezeCsrPipelineSpec.scala:67 via :72,70,69,1,1,publish previous attributed event; defer current event
71,4,0xb04,BreezeCsrPipelineSpec.scala:67 via :71,69,68,1,1,publish previous attributed event; defer current event
71,4,0xc04,BreezeCsrPipelineSpec.scala:67 via :72,69,68,1,1,publish previous attributed event; defer current event
71,5,0xb05,BreezeCsrPipelineSpec.scala:67 via :71,68,67,1,1,publish previous attributed event; defer current event
71,5,0xc05,BreezeCsrPipelineSpec.scala:67 via :72,68,67,1,1,publish previous attributed event; defer current event
71,6,0xb06,BreezeCsrPipelineSpec.scala:67 via :71,67,66,1,1,publish previous attributed event; defer current event
71,6,0xc06,BreezeCsrPipelineSpec.scala:67 via :72,67,66,1,1,publish previous attributed event; defer current event
71,7,0xb07,BreezeCsrPipelineSpec.scala:67 via :71,66,65,1,1,publish previous attributed event; defer current event
71,7,0xc07,BreezeCsrPipelineSpec.scala:67 via :72,66,65,1,1,publish previous attributed event; defer current event
71,8,0xb08,BreezeCsrPipelineSpec.scala:67 via :71,65,64,1,1,publish previous attributed event; defer current event
71,8,0xc08,BreezeCsrPipelineSpec.scala:67 via :72,65,64,1,1,publish previous attributed event; defer current event
71,9,0xb09,BreezeCsrPipelineSpec.scala:67 via :71,64,63,1,1,publish previous attributed event; defer current event
71,9,0xc09,BreezeCsrPipelineSpec.scala:67 via :72,64,63,1,1,publish previous attributed event; defer current event
71,10,0xb0a,BreezeCsrPipelineSpec.scala:67 via :71,63,62,1,1,publish previous attributed event; defer current event
71,10,0xc0a,BreezeCsrPipelineSpec.scala:67 via :72,63,62,1,1,publish previous attributed event; defer current event
72,3,0xb03,BreezeCsrPipelineSpec.scala:67 via :71,71,70,1,1,publish previous attributed event; defer current event
72,3,0xc03,BreezeCsrPipelineSpec.scala:67 via :72,71,70,1,1,publish previous attributed event; defer current event
72,4,0xb04,BreezeCsrPipelineSpec.scala:67 via :71,70,69,1,1,publish previous attributed event; defer current event
72,4,0xc04,BreezeCsrPipelineSpec.scala:67 via :72,70,69,1,1,publish previous attributed event; defer current event
72,5,0xb05,BreezeCsrPipelineSpec.scala:67 via :71,69,68,1,1,publish previous attributed event; defer current event
72,5,0xc05,BreezeCsrPipelineSpec.scala:67 via :72,69,68,1,1,publish previous attributed event; defer current event
72,6,0xb06,BreezeCsrPipelineSpec.scala:67 via :71,68,67,1,1,publish previous attributed event; defer current event
72,6,0xc06,BreezeCsrPipelineSpec.scala:67 via :72,68,67,1,1,publish previous attributed event; defer current event
72,7,0xb07,BreezeCsrPipelineSpec.scala:67 via :71,67,66,1,1,publish previous attributed event; defer current event
72,7,0xc07,BreezeCsrPipelineSpec.scala:67 via :72,67,66,1,1,publish previous attributed event; defer current event
72,8,0xb08,BreezeCsrPipelineSpec.scala:67 via :71,66,65,1,1,publish previous attributed event; defer current event
72,8,0xc08,BreezeCsrPipelineSpec.scala:67 via :72,66,65,1,1,publish previous attributed event; defer current event
72,9,0xb09,BreezeCsrPipelineSpec.scala:67 via :71,65,64,1,1,publish previous attributed event; defer current event
72,9,0xc09,BreezeCsrPipelineSpec.scala:67 via :72,65,64,1,1,publish previous attributed event; defer current event
72,10,0xb0a,BreezeCsrPipelineSpec.scala:67 via :71,64,63,1,1,publish previous attributed event; defer current event
72,10,0xc0a,BreezeCsrPipelineSpec.scala:67 via :72,64,63,1,1,publish previous attributed event; defer current event
73,3,0xb03,BreezeCsrPipelineSpec.scala:67 via :71,72,71,1,1,publish previous attributed event; defer current event
73,3,0xc03,BreezeCsrPipelineSpec.scala:67 via :72,72,71,1,1,publish previous attributed event; defer current event
73,4,0xb04,BreezeCsrPipelineSpec.scala:67 via :71,71,70,1,1,publish previous attributed event; defer current event
73,4,0xc04,BreezeCsrPipelineSpec.scala:67 via :72,71,70,1,1,publish previous attributed event; defer current event
73,5,0xb05,BreezeCsrPipelineSpec.scala:67 via :71,70,69,1,1,publish previous attributed event; defer current event
73,5,0xc05,BreezeCsrPipelineSpec.scala:67 via :72,70,69,1,1,publish previous attributed event; defer current event
73,6,0xb06,BreezeCsrPipelineSpec.scala:67 via :71,69,68,1,1,publish previous attributed event; defer current event
73,6,0xc06,BreezeCsrPipelineSpec.scala:67 via :72,69,68,1,1,publish previous attributed event; defer current event
73,7,0xb07,BreezeCsrPipelineSpec.scala:67 via :71,68,67,1,1,publish previous attributed event; defer current event
73,7,0xc07,BreezeCsrPipelineSpec.scala:67 via :72,68,67,1,1,publish previous attributed event; defer current event
73,8,0xb08,BreezeCsrPipelineSpec.scala:67 via :71,67,66,1,1,publish previous attributed event; defer current event
73,8,0xc08,BreezeCsrPipelineSpec.scala:67 via :72,67,66,1,1,publish previous attributed event; defer current event
73,9,0xb09,BreezeCsrPipelineSpec.scala:67 via :71,66,65,1,1,publish previous attributed event; defer current event
73,9,0xc09,BreezeCsrPipelineSpec.scala:67 via :72,66,65,1,1,publish previous attributed event; defer current event
73,10,0xb0a,BreezeCsrPipelineSpec.scala:67 via :71,65,64,1,1,publish previous attributed event; defer current event
73,10,0xc0a,BreezeCsrPipelineSpec.scala:67 via :72,65,64,1,1,publish previous attributed event; defer current event
74,3,0xb03,BreezeCsrPipelineSpec.scala:67 via :71,73,72,1,1,publish previous attributed event; defer current event
74,3,0xc03,BreezeCsrPipelineSpec.scala:67 via :72,73,72,1,1,publish previous attributed event; defer current event
74,4,0xb04,BreezeCsrPipelineSpec.scala:67 via :71,72,71,1,1,publish previous attributed event; defer current event
74,4,0xc04,BreezeCsrPipelineSpec.scala:67 via :72,72,71,1,1,publish previous attributed event; defer current event
74,5,0xb05,BreezeCsrPipelineSpec.scala:67 via :71,71,70,1,1,publish previous attributed event; defer current event
74,5,0xc05,BreezeCsrPipelineSpec.scala:67 via :72,71,70,1,1,publish previous attributed event; defer current event
74,6,0xb06,BreezeCsrPipelineSpec.scala:67 via :71,70,69,1,1,publish previous attributed event; defer current event
74,6,0xc06,BreezeCsrPipelineSpec.scala:67 via :72,70,69,1,1,publish previous attributed event; defer current event
74,7,0xb07,BreezeCsrPipelineSpec.scala:67 via :71,69,68,1,1,publish previous attributed event; defer current event
74,7,0xc07,BreezeCsrPipelineSpec.scala:67 via :72,69,68,1,1,publish previous attributed event; defer current event
74,8,0xb08,BreezeCsrPipelineSpec.scala:67 via :71,68,67,1,1,publish previous attributed event; defer current event
74,8,0xc08,BreezeCsrPipelineSpec.scala:67 via :72,68,67,1,1,publish previous attributed event; defer current event
74,9,0xb09,BreezeCsrPipelineSpec.scala:67 via :71,67,66,1,1,publish previous attributed event; defer current event
74,9,0xc09,BreezeCsrPipelineSpec.scala:67 via :72,67,66,1,1,publish previous attributed event; defer current event
74,10,0xb0a,BreezeCsrPipelineSpec.scala:67 via :71,66,65,1,1,publish previous attributed event; defer current event
74,10,0xc0a,BreezeCsrPipelineSpec.scala:67 via :72,66,65,1,1,publish previous attributed event; defer current event
75,3,0xb03,BreezeCsrPipelineSpec.scala:67 via :71,74,73,1,1,publish previous attributed event; defer current event
75,3,0xc03,BreezeCsrPipelineSpec.scala:67 via :72,74,73,1,1,publish previous attributed event; defer current event
75,4,0xb04,BreezeCsrPipelineSpec.scala:67 via :71,73,72,1,1,publish previous attributed event; defer current event
75,4,0xc04,BreezeCsrPipelineSpec.scala:67 via :72,73,72,1,1,publish previous attributed event; defer current event
75,5,0xb05,BreezeCsrPipelineSpec.scala:67 via :71,72,71,1,1,publish previous attributed event; defer current event
75,5,0xc05,BreezeCsrPipelineSpec.scala:67 via :72,72,71,1,1,publish previous attributed event; defer current event
75,6,0xb06,BreezeCsrPipelineSpec.scala:67 via :71,71,70,1,1,publish previous attributed event; defer current event
75,6,0xc06,BreezeCsrPipelineSpec.scala:67 via :72,71,70,1,1,publish previous attributed event; defer current event
75,7,0xb07,BreezeCsrPipelineSpec.scala:67 via :71,70,69,1,1,publish previous attributed event; defer current event
75,7,0xc07,BreezeCsrPipelineSpec.scala:67 via :72,70,69,1,1,publish previous attributed event; defer current event
75,8,0xb08,BreezeCsrPipelineSpec.scala:67 via :71,69,68,1,1,publish previous attributed event; defer current event
75,8,0xc08,BreezeCsrPipelineSpec.scala:67 via :72,69,68,1,1,publish previous attributed event; defer current event
75,9,0xb09,BreezeCsrPipelineSpec.scala:67 via :71,68,67,1,1,publish previous attributed event; defer current event
75,9,0xc09,BreezeCsrPipelineSpec.scala:67 via :72,68,67,1,1,publish previous attributed event; defer current event
75,10,0xb0a,BreezeCsrPipelineSpec.scala:67 via :71,67,66,1,1,publish previous attributed event; defer current event
75,10,0xc0a,BreezeCsrPipelineSpec.scala:67 via :72,67,66,1,1,publish previous attributed event; defer current event
76,3,0xb03,BreezeCsrPipelineSpec.scala:67 via :71,75,74,1,1,publish previous attributed event; defer current event
76,3,0xc03,BreezeCsrPipelineSpec.scala:67 via :72,75,74,1,1,publish previous attributed event; defer current event
76,4,0xb04,BreezeCsrPipelineSpec.scala:67 via :71,74,73,1,1,publish previous attributed event; defer current event
76,4,0xc04,BreezeCsrPipelineSpec.scala:67 via :72,74,73,1,1,publish previous attributed event; defer current event
76,5,0xb05,BreezeCsrPipelineSpec.scala:67 via :71,73,72,1,1,publish previous attributed event; defer current event
76,5,0xc05,BreezeCsrPipelineSpec.scala:67 via :72,73,72,1,1,publish previous attributed event; defer current event
76,6,0xb06,BreezeCsrPipelineSpec.scala:67 via :71,72,71,1,1,publish previous attributed event; defer current event
76,6,0xc06,BreezeCsrPipelineSpec.scala:67 via :72,72,71,1,1,publish previous attributed event; defer current event
76,7,0xb07,BreezeCsrPipelineSpec.scala:67 via :71,71,70,1,1,publish previous attributed event; defer current event
76,7,0xc07,BreezeCsrPipelineSpec.scala:67 via :72,71,70,1,1,publish previous attributed event; defer current event
76,8,0xb08,BreezeCsrPipelineSpec.scala:67 via :71,70,69,1,1,publish previous attributed event; defer current event
76,8,0xc08,BreezeCsrPipelineSpec.scala:67 via :72,70,69,1,1,publish previous attributed event; defer current event
76,9,0xb09,BreezeCsrPipelineSpec.scala:67 via :71,69,68,1,1,publish previous attributed event; defer current event
76,9,0xc09,BreezeCsrPipelineSpec.scala:67 via :72,69,68,1,1,publish previous attributed event; defer current event
76,10,0xb0a,BreezeCsrPipelineSpec.scala:67 via :71,68,67,1,1,publish previous attributed event; defer current event
76,10,0xc0a,BreezeCsrPipelineSpec.scala:67 via :72,68,67,1,1,publish previous attributed event; defer current event
77,3,0xb03,BreezeCsrPipelineSpec.scala:67 via :71,76,75,1,1,publish previous attributed event; defer current event
77,3,0xc03,BreezeCsrPipelineSpec.scala:67 via :72,76,75,1,1,publish previous attributed event; defer current event
77,4,0xb04,BreezeCsrPipelineSpec.scala:67 via :71,75,74,1,1,publish previous attributed event; defer current event
77,4,0xc04,BreezeCsrPipelineSpec.scala:67 via :72,75,74,1,1,publish previous attributed event; defer current event
77,5,0xb05,BreezeCsrPipelineSpec.scala:67 via :71,74,73,1,1,publish previous attributed event; defer current event
77,5,0xc05,BreezeCsrPipelineSpec.scala:67 via :72,74,73,1,1,publish previous attributed event; defer current event
77,6,0xb06,BreezeCsrPipelineSpec.scala:67 via :71,73,72,1,1,publish previous attributed event; defer current event
77,6,0xc06,BreezeCsrPipelineSpec.scala:67 via :72,73,72,1,1,publish previous attributed event; defer current event
77,7,0xb07,BreezeCsrPipelineSpec.scala:67 via :71,72,71,1,1,publish previous attributed event; defer current event
77,7,0xc07,BreezeCsrPipelineSpec.scala:67 via :72,72,71,1,1,publish previous attributed event; defer current event
77,8,0xb08,BreezeCsrPipelineSpec.scala:67 via :71,71,70,1,1,publish previous attributed event; defer current event
77,8,0xc08,BreezeCsrPipelineSpec.scala:67 via :72,71,70,1,1,publish previous attributed event; defer current event
77,9,0xb09,BreezeCsrPipelineSpec.scala:67 via :71,70,69,1,1,publish previous attributed event; defer current event
77,9,0xc09,BreezeCsrPipelineSpec.scala:67 via :72,70,69,1,1,publish previous attributed event; defer current event
77,10,0xb0a,BreezeCsrPipelineSpec.scala:67 via :71,69,68,1,1,publish previous attributed event; defer current event
77,10,0xc0a,BreezeCsrPipelineSpec.scala:67 via :72,69,68,1,1,publish previous attributed event; defer current event
78,3,0xb03,BreezeCsrPipelineSpec.scala:67 via :71,77,76,1,1,publish previous attributed event; defer current event
78,3,0xc03,BreezeCsrPipelineSpec.scala:67 via :72,77,76,1,1,publish previous attributed event; defer current event
78,4,0xb04,BreezeCsrPipelineSpec.scala:67 via :71,76,75,1,1,publish previous attributed event; defer current event
78,4,0xc04,BreezeCsrPipelineSpec.scala:67 via :72,76,75,1,1,publish previous attributed event; defer current event
78,5,0xb05,BreezeCsrPipelineSpec.scala:67 via :71,75,74,1,1,publish previous attributed event; defer current event
78,5,0xc05,BreezeCsrPipelineSpec.scala:67 via :72,75,74,1,1,publish previous attributed event; defer current event
78,6,0xb06,BreezeCsrPipelineSpec.scala:67 via :71,74,73,1,1,publish previous attributed event; defer current event
78,6,0xc06,BreezeCsrPipelineSpec.scala:67 via :72,74,73,1,1,publish previous attributed event; defer current event
78,7,0xb07,BreezeCsrPipelineSpec.scala:67 via :71,73,72,1,1,publish previous attributed event; defer current event
78,7,0xc07,BreezeCsrPipelineSpec.scala:67 via :72,73,72,1,1,publish previous attributed event; defer current event
78,8,0xb08,BreezeCsrPipelineSpec.scala:67 via :71,72,71,1,1,publish previous attributed event; defer current event
78,8,0xc08,BreezeCsrPipelineSpec.scala:67 via :72,72,71,1,1,publish previous attributed event; defer current event
78,9,0xb09,BreezeCsrPipelineSpec.scala:67 via :71,71,70,1,1,publish previous attributed event; defer current event
78,9,0xc09,BreezeCsrPipelineSpec.scala:67 via :72,71,70,1,1,publish previous attributed event; defer current event
78,10,0xb0a,BreezeCsrPipelineSpec.scala:67 via :71,70,69,1,1,publish previous attributed event; defer current event
78,10,0xc0a,BreezeCsrPipelineSpec.scala:67 via :72,70,69,1,1,publish previous attributed event; defer current event
79,3,0xb03,BreezeCsrPipelineSpec.scala:67 via :71,78,77,1,1,publish previous attributed event; defer current event
79,3,0xc03,BreezeCsrPipelineSpec.scala:67 via :72,78,77,1,1,publish previous attributed event; defer current event
79,4,0xb04,BreezeCsrPipelineSpec.scala:67 via :71,77,76,1,1,publish previous attributed event; defer current event
79,4,0xc04,BreezeCsrPipelineSpec.scala:67 via :72,77,76,1,1,publish previous attributed event; defer current event
79,5,0xb05,BreezeCsrPipelineSpec.scala:67 via :71,76,75,1,1,publish previous attributed event; defer current event
79,5,0xc05,BreezeCsrPipelineSpec.scala:67 via :72,76,75,1,1,publish previous attributed event; defer current event
79,6,0xb06,BreezeCsrPipelineSpec.scala:67 via :71,75,74,1,1,publish previous attributed event; defer current event
79,6,0xc06,BreezeCsrPipelineSpec.scala:67 via :72,75,74,1,1,publish previous attributed event; defer current event
79,7,0xb07,BreezeCsrPipelineSpec.scala:67 via :71,74,73,1,1,publish previous attributed event; defer current event
79,7,0xc07,BreezeCsrPipelineSpec.scala:67 via :72,74,73,1,1,publish previous attributed event; defer current event
79,8,0xb08,BreezeCsrPipelineSpec.scala:67 via :71,73,72,1,1,publish previous attributed event; defer current event
79,8,0xc08,BreezeCsrPipelineSpec.scala:67 via :72,73,72,1,1,publish previous attributed event; defer current event
79,9,0xb09,BreezeCsrPipelineSpec.scala:67 via :71,72,71,1,1,publish previous attributed event; defer current event
79,9,0xc09,BreezeCsrPipelineSpec.scala:67 via :72,72,71,1,1,publish previous attributed event; defer current event
79,10,0xb0a,BreezeCsrPipelineSpec.scala:67 via :71,71,70,1,1,publish previous attributed event; defer current event
79,10,0xc0a,BreezeCsrPipelineSpec.scala:67 via :72,71,70,1,1,publish previous attributed event; defer current event
80,3,0xb03,BreezeCsrPipelineSpec.scala:67 via :71,79,78,1,1,publish previous attributed event; defer current event
80,3,0xc03,BreezeCsrPipelineSpec.scala:67 via :72,79,78,1,1,publish previous attributed event; defer current event
80,4,0xb04,BreezeCsrPipelineSpec.scala:67 via :71,78,77,1,1,publish previous attributed event; defer current event
80,4,0xc04,BreezeCsrPipelineSpec.scala:67 via :72,78,77,1,1,publish previous attributed event; defer current event
80,5,0xb05,BreezeCsrPipelineSpec.scala:67 via :71,77,76,1,1,publish previous attributed event; defer current event
80,5,0xc05,BreezeCsrPipelineSpec.scala:67 via :72,77,76,1,1,publish previous attributed event; defer current event
80,6,0xb06,BreezeCsrPipelineSpec.scala:67 via :71,76,75,1,1,publish previous attributed event; defer current event
80,6,0xc06,BreezeCsrPipelineSpec.scala:67 via :72,76,75,1,1,publish previous attributed event; defer current event
80,7,0xb07,BreezeCsrPipelineSpec.scala:67 via :71,75,74,1,1,publish previous attributed event; defer current event
80,7,0xc07,BreezeCsrPipelineSpec.scala:67 via :72,75,74,1,1,publish previous attributed event; defer current event
80,8,0xb08,BreezeCsrPipelineSpec.scala:67 via :71,74,73,1,1,publish previous attributed event; defer current event
80,8,0xc08,BreezeCsrPipelineSpec.scala:67 via :72,74,73,1,1,publish previous attributed event; defer current event
80,9,0xb09,BreezeCsrPipelineSpec.scala:67 via :71,73,72,1,1,publish previous attributed event; defer current event
80,9,0xc09,BreezeCsrPipelineSpec.scala:67 via :72,73,72,1,1,publish previous attributed event; defer current event
80,10,0xb0a,BreezeCsrPipelineSpec.scala:67 via :71,72,71,1,1,publish previous attributed event; defer current event
80,10,0xc0a,BreezeCsrPipelineSpec.scala:67 via :72,72,71,1,1,publish previous attributed event; defer current event
81,3,0xb03,BreezeCsrPipelineSpec.scala:67 via :71,80,79,1,1,publish previous attributed event; defer current event
81,3,0xc03,BreezeCsrPipelineSpec.scala:67 via :72,80,79,1,1,publish previous attributed event; defer current event
81,4,0xb04,BreezeCsrPipelineSpec.scala:67 via :71,79,78,1,1,publish previous attributed event; defer current event
81,4,0xc04,BreezeCsrPipelineSpec.scala:67 via :72,79,78,1,1,publish previous attributed event; defer current event
81,5,0xb05,BreezeCsrPipelineSpec.scala:67 via :71,78,77,1,1,publish previous attributed event; defer current event
81,5,0xc05,BreezeCsrPipelineSpec.scala:67 via :72,78,77,1,1,publish previous attributed event; defer current event
81,6,0xb06,BreezeCsrPipelineSpec.scala:67 via :71,77,76,1,1,publish previous attributed event; defer current event
81,6,0xc06,BreezeCsrPipelineSpec.scala:67 via :72,77,76,1,1,publish previous attributed event; defer current event
81,7,0xb07,BreezeCsrPipelineSpec.scala:67 via :71,76,75,1,1,publish previous attributed event; defer current event
81,7,0xc07,BreezeCsrPipelineSpec.scala:67 via :72,76,75,1,1,publish previous attributed event; defer current event
81,8,0xb08,BreezeCsrPipelineSpec.scala:67 via :71,75,74,1,1,publish previous attributed event; defer current event
81,8,0xc08,BreezeCsrPipelineSpec.scala:67 via :72,75,74,1,1,publish previous attributed event; defer current event
81,9,0xb09,BreezeCsrPipelineSpec.scala:67 via :71,74,73,1,1,publish previous attributed event; defer current event
81,9,0xc09,BreezeCsrPipelineSpec.scala:67 via :72,74,73,1,1,publish previous attributed event; defer current event
81,10,0xb0a,BreezeCsrPipelineSpec.scala:67 via :71,73,72,1,1,publish previous attributed event; defer current event
81,10,0xc0a,BreezeCsrPipelineSpec.scala:67 via :72,73,72,1,1,publish previous attributed event; defer current event
82,3,0xb03,BreezeCsrPipelineSpec.scala:67 via :71,81,80,1,1,publish previous attributed event; defer current event
82,3,0xc03,BreezeCsrPipelineSpec.scala:67 via :72,81,80,1,1,publish previous attributed event; defer current event
82,4,0xb04,BreezeCsrPipelineSpec.scala:67 via :71,80,79,1,1,publish previous attributed event; defer current event
82,4,0xc04,BreezeCsrPipelineSpec.scala:67 via :72,80,79,1,1,publish previous attributed event; defer current event
82,5,0xb05,BreezeCsrPipelineSpec.scala:67 via :71,79,78,1,1,publish previous attributed event; defer current event
82,5,0xc05,BreezeCsrPipelineSpec.scala:67 via :72,79,78,1,1,publish previous attributed event; defer current event
82,6,0xb06,BreezeCsrPipelineSpec.scala:67 via :71,78,77,1,1,publish previous attributed event; defer current event
82,6,0xc06,BreezeCsrPipelineSpec.scala:67 via :72,78,77,1,1,publish previous attributed event; defer current event
82,7,0xb07,BreezeCsrPipelineSpec.scala:67 via :71,77,76,1,1,publish previous attributed event; defer current event
82,7,0xc07,BreezeCsrPipelineSpec.scala:67 via :72,77,76,1,1,publish previous attributed event; defer current event
82,8,0xb08,BreezeCsrPipelineSpec.scala:67 via :71,76,75,1,1,publish previous attributed event; defer current event
82,8,0xc08,BreezeCsrPipelineSpec.scala:67 via :72,76,75,1,1,publish previous attributed event; defer current event
82,9,0xb09,BreezeCsrPipelineSpec.scala:67 via :71,75,74,1,1,publish previous attributed event; defer current event
82,9,0xc09,BreezeCsrPipelineSpec.scala:67 via :72,75,74,1,1,publish previous attributed event; defer current event
82,10,0xb0a,BreezeCsrPipelineSpec.scala:67 via :71,74,73,1,1,publish previous attributed event; defer current event
82,10,0xc0a,BreezeCsrPipelineSpec.scala:67 via :72,74,73,1,1,publish previous attributed event; defer current event
83,3,0xb03,BreezeCsrPipelineSpec.scala:67 via :71,82,81,1,1,publish previous attributed event; defer current event
83,3,0xc03,BreezeCsrPipelineSpec.scala:67 via :72,82,81,1,1,publish previous attributed event; defer current event
83,4,0xb04,BreezeCsrPipelineSpec.scala:67 via :71,81,80,1,1,publish previous attributed event; defer current event
83,4,0xc04,BreezeCsrPipelineSpec.scala:67 via :72,81,80,1,1,publish previous attributed event; defer current event
83,5,0xb05,BreezeCsrPipelineSpec.scala:67 via :71,80,79,1,1,publish previous attributed event; defer current event
83,5,0xc05,BreezeCsrPipelineSpec.scala:67 via :72,80,79,1,1,publish previous attributed event; defer current event
83,6,0xb06,BreezeCsrPipelineSpec.scala:67 via :71,79,78,1,1,publish previous attributed event; defer current event
83,6,0xc06,BreezeCsrPipelineSpec.scala:67 via :72,79,78,1,1,publish previous attributed event; defer current event
83,7,0xb07,BreezeCsrPipelineSpec.scala:67 via :71,78,77,1,1,publish previous attributed event; defer current event
83,7,0xc07,BreezeCsrPipelineSpec.scala:67 via :72,78,77,1,1,publish previous attributed event; defer current event
83,8,0xb08,BreezeCsrPipelineSpec.scala:67 via :71,77,76,1,1,publish previous attributed event; defer current event
83,8,0xc08,BreezeCsrPipelineSpec.scala:67 via :72,77,76,1,1,publish previous attributed event; defer current event
83,9,0xb09,BreezeCsrPipelineSpec.scala:67 via :71,76,75,1,1,publish previous attributed event; defer current event
83,9,0xc09,BreezeCsrPipelineSpec.scala:67 via :72,76,75,1,1,publish previous attributed event; defer current event
83,10,0xb0a,BreezeCsrPipelineSpec.scala:67 via :71,75,74,1,1,publish previous attributed event; defer current event
83,10,0xc0a,BreezeCsrPipelineSpec.scala:67 via :72,75,74,1,1,publish previous attributed event; defer current event
84,3,0xb03,BreezeCsrPipelineSpec.scala:67 via :71,83,82,1,1,publish previous attributed event; defer current event
84,3,0xc03,BreezeCsrPipelineSpec.scala:67 via :72,83,82,1,1,publish previous attributed event; defer current event
84,4,0xb04,BreezeCsrPipelineSpec.scala:67 via :71,82,81,1,1,publish previous attributed event; defer current event
84,4,0xc04,BreezeCsrPipelineSpec.scala:67 via :72,82,81,1,1,publish previous attributed event; defer current event
84,5,0xb05,BreezeCsrPipelineSpec.scala:67 via :71,81,80,1,1,publish previous attributed event; defer current event
84,5,0xc05,BreezeCsrPipelineSpec.scala:67 via :72,81,80,1,1,publish previous attributed event; defer current event
84,6,0xb06,BreezeCsrPipelineSpec.scala:67 via :71,80,79,1,1,publish previous attributed event; defer current event
84,6,0xc06,BreezeCsrPipelineSpec.scala:67 via :72,80,79,1,1,publish previous attributed event; defer current event
84,7,0xb07,BreezeCsrPipelineSpec.scala:67 via :71,79,78,1,1,publish previous attributed event; defer current event
84,7,0xc07,BreezeCsrPipelineSpec.scala:67 via :72,79,78,1,1,publish previous attributed event; defer current event
84,8,0xb08,BreezeCsrPipelineSpec.scala:67 via :71,78,77,1,1,publish previous attributed event; defer current event
84,8,0xc08,BreezeCsrPipelineSpec.scala:67 via :72,78,77,1,1,publish previous attributed event; defer current event
84,9,0xb09,BreezeCsrPipelineSpec.scala:67 via :71,77,76,1,1,publish previous attributed event; defer current event
84,9,0xc09,BreezeCsrPipelineSpec.scala:67 via :72,77,76,1,1,publish previous attributed event; defer current event
84,10,0xb0a,BreezeCsrPipelineSpec.scala:67 via :71,76,75,1,1,publish previous attributed event; defer current event
84,10,0xc0a,BreezeCsrPipelineSpec.scala:67 via :72,76,75,1,1,publish previous attributed event; defer current event
85,3,0xb03,BreezeCsrPipelineSpec.scala:67 via :71,84,83,1,1,publish previous attributed event; defer current event
85,3,0xc03,BreezeCsrPipelineSpec.scala:67 via :72,84,83,1,1,publish previous attributed event; defer current event
85,4,0xb04,BreezeCsrPipelineSpec.scala:67 via :71,83,82,1,1,publish previous attributed event; defer current event
85,4,0xc04,BreezeCsrPipelineSpec.scala:67 via :72,83,82,1,1,publish previous attributed event; defer current event
85,5,0xb05,BreezeCsrPipelineSpec.scala:67 via :71,82,81,1,1,publish previous attributed event; defer current event
85,5,0xc05,BreezeCsrPipelineSpec.scala:67 via :72,82,81,1,1,publish previous attributed event; defer current event
85,6,0xb06,BreezeCsrPipelineSpec.scala:67 via :71,81,80,1,1,publish previous attributed event; defer current event
85,6,0xc06,BreezeCsrPipelineSpec.scala:67 via :72,81,80,1,1,publish previous attributed event; defer current event
85,7,0xb07,BreezeCsrPipelineSpec.scala:67 via :71,80,79,1,1,publish previous attributed event; defer current event
85,7,0xc07,BreezeCsrPipelineSpec.scala:67 via :72,80,79,1,1,publish previous attributed event; defer current event
85,8,0xb08,BreezeCsrPipelineSpec.scala:67 via :71,79,78,1,1,publish previous attributed event; defer current event
85,8,0xc08,BreezeCsrPipelineSpec.scala:67 via :72,79,78,1,1,publish previous attributed event; defer current event
85,9,0xb09,BreezeCsrPipelineSpec.scala:67 via :71,78,77,1,1,publish previous attributed event; defer current event
85,9,0xc09,BreezeCsrPipelineSpec.scala:67 via :72,78,77,1,1,publish previous attributed event; defer current event
85,10,0xb0a,BreezeCsrPipelineSpec.scala:67 via :71,77,76,1,1,publish previous attributed event; defer current event
85,10,0xc0a,BreezeCsrPipelineSpec.scala:67 via :72,77,76,1,1,publish previous attributed event; defer current event
86,3,0xb03,BreezeCsrPipelineSpec.scala:67 via :71,85,84,1,1,publish previous attributed event; defer current event
86,3,0xc03,BreezeCsrPipelineSpec.scala:67 via :72,85,84,1,1,publish previous attributed event; defer current event
86,4,0xb04,BreezeCsrPipelineSpec.scala:67 via :71,84,83,1,1,publish previous attributed event; defer current event
86,4,0xc04,BreezeCsrPipelineSpec.scala:67 via :72,84,83,1,1,publish previous attributed event; defer current event
86,5,0xb05,BreezeCsrPipelineSpec.scala:67 via :71,83,82,1,1,publish previous attributed event; defer current event
86,5,0xc05,BreezeCsrPipelineSpec.scala:67 via :72,83,82,1,1,publish previous attributed event; defer current event
86,6,0xb06,BreezeCsrPipelineSpec.scala:67 via :71,82,81,1,1,publish previous attributed event; defer current event
86,6,0xc06,BreezeCsrPipelineSpec.scala:67 via :72,82,81,1,1,publish previous attributed event; defer current event
86,7,0xb07,BreezeCsrPipelineSpec.scala:67 via :71,81,80,1,1,publish previous attributed event; defer current event
86,7,0xc07,BreezeCsrPipelineSpec.scala:67 via :72,81,80,1,1,publish previous attributed event; defer current event
86,8,0xb08,BreezeCsrPipelineSpec.scala:67 via :71,80,79,1,1,publish previous attributed event; defer current event
86,8,0xc08,BreezeCsrPipelineSpec.scala:67 via :72,80,79,1,1,publish previous attributed event; defer current event
86,9,0xb09,BreezeCsrPipelineSpec.scala:67 via :71,79,78,1,1,publish previous attributed event; defer current event
86,9,0xc09,BreezeCsrPipelineSpec.scala:67 via :72,79,78,1,1,publish previous attributed event; defer current event
86,10,0xb0a,BreezeCsrPipelineSpec.scala:67 via :71,78,77,1,1,publish previous attributed event; defer current event
86,10,0xc0a,BreezeCsrPipelineSpec.scala:67 via :72,78,77,1,1,publish previous attributed event; defer current event
87,3,0xb03,BreezeCsrPipelineSpec.scala:67 via :71,86,85,1,1,publish previous attributed event; defer current event
87,3,0xc03,BreezeCsrPipelineSpec.scala:67 via :72,86,85,1,1,publish previous attributed event; defer current event
87,4,0xb04,BreezeCsrPipelineSpec.scala:67 via :71,85,84,1,1,publish previous attributed event; defer current event
87,4,0xc04,BreezeCsrPipelineSpec.scala:67 via :72,85,84,1,1,publish previous attributed event; defer current event
87,5,0xb05,BreezeCsrPipelineSpec.scala:67 via :71,84,83,1,1,publish previous attributed event; defer current event
87,5,0xc05,BreezeCsrPipelineSpec.scala:67 via :72,84,83,1,1,publish previous attributed event; defer current event
87,6,0xb06,BreezeCsrPipelineSpec.scala:67 via :71,83,82,1,1,publish previous attributed event; defer current event
87,6,0xc06,BreezeCsrPipelineSpec.scala:67 via :72,83,82,1,1,publish previous attributed event; defer current event
87,7,0xb07,BreezeCsrPipelineSpec.scala:67 via :71,82,81,1,1,publish previous attributed event; defer current event
87,7,0xc07,BreezeCsrPipelineSpec.scala:67 via :72,82,81,1,1,publish previous attributed event; defer current event
87,8,0xb08,BreezeCsrPipelineSpec.scala:67 via :71,81,80,1,1,publish previous attributed event; defer current event
87,8,0xc08,BreezeCsrPipelineSpec.scala:67 via :72,81,80,1,1,publish previous attributed event; defer current event
87,9,0xb09,BreezeCsrPipelineSpec.scala:67 via :71,80,79,1,1,publish previous attributed event; defer current event
87,9,0xc09,BreezeCsrPipelineSpec.scala:67 via :72,80,79,1,1,publish previous attributed event; defer current event
87,10,0xb0a,BreezeCsrPipelineSpec.scala:67 via :71,79,78,1,1,publish previous attributed event; defer current event
87,10,0xc0a,BreezeCsrPipelineSpec.scala:67 via :72,79,78,1,1,publish previous attributed event; defer current event
88,3,0xb03,BreezeCsrPipelineSpec.scala:67 via :71,87,86,1,1,publish previous attributed event; defer current event
88,3,0xc03,BreezeCsrPipelineSpec.scala:67 via :72,87,86,1,1,publish previous attributed event; defer current event
88,4,0xb04,BreezeCsrPipelineSpec.scala:67 via :71,86,85,1,1,publish previous attributed event; defer current event
88,4,0xc04,BreezeCsrPipelineSpec.scala:67 via :72,86,85,1,1,publish previous attributed event; defer current event
88,5,0xb05,BreezeCsrPipelineSpec.scala:67 via :71,85,84,1,1,publish previous attributed event; defer current event
88,5,0xc05,BreezeCsrPipelineSpec.scala:67 via :72,85,84,1,1,publish previous attributed event; defer current event
88,6,0xb06,BreezeCsrPipelineSpec.scala:67 via :71,84,83,1,1,publish previous attributed event; defer current event
88,6,0xc06,BreezeCsrPipelineSpec.scala:67 via :72,84,83,1,1,publish previous attributed event; defer current event
88,7,0xb07,BreezeCsrPipelineSpec.scala:67 via :71,83,82,1,1,publish previous attributed event; defer current event
88,7,0xc07,BreezeCsrPipelineSpec.scala:67 via :72,83,82,1,1,publish previous attributed event; defer current event
88,8,0xb08,BreezeCsrPipelineSpec.scala:67 via :71,82,81,1,1,publish previous attributed event; defer current event
88,8,0xc08,BreezeCsrPipelineSpec.scala:67 via :72,82,81,1,1,publish previous attributed event; defer current event
88,9,0xb09,BreezeCsrPipelineSpec.scala:67 via :71,81,80,1,1,publish previous attributed event; defer current event
88,9,0xc09,BreezeCsrPipelineSpec.scala:67 via :72,81,80,1,1,publish previous attributed event; defer current event
88,10,0xb0a,BreezeCsrPipelineSpec.scala:67 via :71,80,79,1,1,publish previous attributed event; defer current event
88,10,0xc0a,BreezeCsrPipelineSpec.scala:67 via :72,80,79,1,1,publish previous attributed event; defer current event
89,3,0xb03,BreezeCsrPipelineSpec.scala:67 via :71,88,87,1,1,publish previous attributed event; defer current event
89,3,0xc03,BreezeCsrPipelineSpec.scala:67 via :72,88,87,1,1,publish previous attributed event; defer current event
89,4,0xb04,BreezeCsrPipelineSpec.scala:67 via :71,87,86,1,1,publish previous attributed event; defer current event
89,4,0xc04,BreezeCsrPipelineSpec.scala:67 via :72,87,86,1,1,publish previous attributed event; defer current event
89,5,0xb05,BreezeCsrPipelineSpec.scala:67 via :71,86,85,1,1,publish previous attributed event; defer current event
89,5,0xc05,BreezeCsrPipelineSpec.scala:67 via :72,86,85,1,1,publish previous attributed event; defer current event
89,6,0xb06,BreezeCsrPipelineSpec.scala:67 via :71,85,84,1,1,publish previous attributed event; defer current event
89,6,0xc06,BreezeCsrPipelineSpec.scala:67 via :72,85,84,1,1,publish previous attributed event; defer current event
89,7,0xb07,BreezeCsrPipelineSpec.scala:67 via :71,84,83,1,1,publish previous attributed event; defer current event
89,7,0xc07,BreezeCsrPipelineSpec.scala:67 via :72,84,83,1,1,publish previous attributed event; defer current event
89,8,0xb08,BreezeCsrPipelineSpec.scala:67 via :71,83,82,1,1,publish previous attributed event; defer current event
89,8,0xc08,BreezeCsrPipelineSpec.scala:67 via :72,83,82,1,1,publish previous attributed event; defer current event
89,9,0xb09,BreezeCsrPipelineSpec.scala:67 via :71,82,81,1,1,publish previous attributed event; defer current event
89,9,0xc09,BreezeCsrPipelineSpec.scala:67 via :72,82,81,1,1,publish previous attributed event; defer current event
89,10,0xb0a,BreezeCsrPipelineSpec.scala:67 via :71,81,80,1,1,publish previous attributed event; defer current event
89,10,0xc0a,BreezeCsrPipelineSpec.scala:67 via :72,81,80,1,1,publish previous attributed event; defer current event
90,3,0xb03,BreezeCsrPipelineSpec.scala:67 via :71,89,88,1,1,publish previous attributed event; defer current event
90,3,0xc03,BreezeCsrPipelineSpec.scala:67 via :72,89,88,1,1,publish previous attributed event; defer current event
90,4,0xb04,BreezeCsrPipelineSpec.scala:67 via :71,88,87,1,1,publish previous attributed event; defer current event
90,4,0xc04,BreezeCsrPipelineSpec.scala:67 via :72,88,87,1,1,publish previous attributed event; defer current event
90,5,0xb05,BreezeCsrPipelineSpec.scala:67 via :71,87,86,1,1,publish previous attributed event; defer current event
90,5,0xc05,BreezeCsrPipelineSpec.scala:67 via :72,87,86,1,1,publish previous attributed event; defer current event
90,6,0xb06,BreezeCsrPipelineSpec.scala:67 via :71,86,85,1,1,publish previous attributed event; defer current event
90,6,0xc06,BreezeCsrPipelineSpec.scala:67 via :72,86,85,1,1,publish previous attributed event; defer current event
90,7,0xb07,BreezeCsrPipelineSpec.scala:67 via :71,85,84,1,1,publish previous attributed event; defer current event
90,7,0xc07,BreezeCsrPipelineSpec.scala:67 via :72,85,84,1,1,publish previous attributed event; defer current event
90,8,0xb08,BreezeCsrPipelineSpec.scala:67 via :71,84,83,1,1,publish previous attributed event; defer current event
90,8,0xc08,BreezeCsrPipelineSpec.scala:67 via :72,84,83,1,1,publish previous attributed event; defer current event
90,9,0xb09,BreezeCsrPipelineSpec.scala:67 via :71,83,82,1,1,publish previous attributed event; defer current event
90,9,0xc09,BreezeCsrPipelineSpec.scala:67 via :72,83,82,1,1,publish previous attributed event; defer current event
90,10,0xb0a,BreezeCsrPipelineSpec.scala:67 via :71,82,81,1,1,publish previous attributed event; defer current event
90,10,0xc0a,BreezeCsrPipelineSpec.scala:67 via :72,82,81,1,1,publish previous attributed event; defer current event
91,3,0xb03,BreezeCsrPipelineSpec.scala:67 via :71,90,89,1,1,publish previous attributed event; defer current event
91,3,0xc03,BreezeCsrPipelineSpec.scala:67 via :72,90,89,1,1,publish previous attributed event; defer current event
91,4,0xb04,BreezeCsrPipelineSpec.scala:67 via :71,89,88,1,1,publish previous attributed event; defer current event
91,4,0xc04,BreezeCsrPipelineSpec.scala:67 via :72,89,88,1,1,publish previous attributed event; defer current event
91,5,0xb05,BreezeCsrPipelineSpec.scala:67 via :71,88,87,1,1,publish previous attributed event; defer current event
91,5,0xc05,BreezeCsrPipelineSpec.scala:67 via :72,88,87,1,1,publish previous attributed event; defer current event
91,6,0xb06,BreezeCsrPipelineSpec.scala:67 via :71,87,86,1,1,publish previous attributed event; defer current event
91,6,0xc06,BreezeCsrPipelineSpec.scala:67 via :72,87,86,1,1,publish previous attributed event; defer current event
91,7,0xb07,BreezeCsrPipelineSpec.scala:67 via :71,86,85,1,1,publish previous attributed event; defer current event
91,7,0xc07,BreezeCsrPipelineSpec.scala:67 via :72,86,85,1,1,publish previous attributed event; defer current event
91,8,0xb08,BreezeCsrPipelineSpec.scala:67 via :71,85,84,1,1,publish previous attributed event; defer current event
91,8,0xc08,BreezeCsrPipelineSpec.scala:67 via :72,85,84,1,1,publish previous attributed event; defer current event
91,9,0xb09,BreezeCsrPipelineSpec.scala:67 via :71,84,83,1,1,publish previous attributed event; defer current event
91,9,0xc09,BreezeCsrPipelineSpec.scala:67 via :72,84,83,1,1,publish previous attributed event; defer current event
91,10,0xb0a,BreezeCsrPipelineSpec.scala:67 via :71,83,82,1,1,publish previous attributed event; defer current event
91,10,0xc0a,BreezeCsrPipelineSpec.scala:67 via :72,83,82,1,1,publish previous attributed event; defer current event
92,3,0xb03,BreezeCsrPipelineSpec.scala:67 via :71,91,90,1,1,publish previous attributed event; defer current event
92,3,0xc03,BreezeCsrPipelineSpec.scala:67 via :72,91,90,1,1,publish previous attributed event; defer current event
92,4,0xb04,BreezeCsrPipelineSpec.scala:67 via :71,90,89,1,1,publish previous attributed event; defer current event
92,4,0xc04,BreezeCsrPipelineSpec.scala:67 via :72,90,89,1,1,publish previous attributed event; defer current event
92,5,0xb05,BreezeCsrPipelineSpec.scala:67 via :71,89,88,1,1,publish previous attributed event; defer current event
92,5,0xc05,BreezeCsrPipelineSpec.scala:67 via :72,89,88,1,1,publish previous attributed event; defer current event
92,6,0xb06,BreezeCsrPipelineSpec.scala:67 via :71,88,87,1,1,publish previous attributed event; defer current event
92,6,0xc06,BreezeCsrPipelineSpec.scala:67 via :72,88,87,1,1,publish previous attributed event; defer current event
92,7,0xb07,BreezeCsrPipelineSpec.scala:67 via :71,87,86,1,1,publish previous attributed event; defer current event
92,7,0xc07,BreezeCsrPipelineSpec.scala:67 via :72,87,86,1,1,publish previous attributed event; defer current event
92,8,0xb08,BreezeCsrPipelineSpec.scala:67 via :71,86,85,1,1,publish previous attributed event; defer current event
92,8,0xc08,BreezeCsrPipelineSpec.scala:67 via :72,86,85,1,1,publish previous attributed event; defer current event
92,9,0xb09,BreezeCsrPipelineSpec.scala:67 via :71,85,84,1,1,publish previous attributed event; defer current event
92,9,0xc09,BreezeCsrPipelineSpec.scala:67 via :72,85,84,1,1,publish previous attributed event; defer current event
92,10,0xb0a,BreezeCsrPipelineSpec.scala:67 via :71,84,83,1,1,publish previous attributed event; defer current event
92,10,0xc0a,BreezeCsrPipelineSpec.scala:67 via :72,84,83,1,1,publish previous attributed event; defer current event
93,3,0xb03,BreezeCsrPipelineSpec.scala:67 via :71,92,91,1,1,publish previous attributed event; defer current event
93,3,0xc03,BreezeCsrPipelineSpec.scala:67 via :72,92,91,1,1,publish previous attributed event; defer current event
93,4,0xb04,BreezeCsrPipelineSpec.scala:67 via :71,91,90,1,1,publish previous attributed event; defer current event
93,4,0xc04,BreezeCsrPipelineSpec.scala:67 via :72,91,90,1,1,publish previous attributed event; defer current event
93,5,0xb05,BreezeCsrPipelineSpec.scala:67 via :71,90,89,1,1,publish previous attributed event; defer current event
93,5,0xc05,BreezeCsrPipelineSpec.scala:67 via :72,90,89,1,1,publish previous attributed event; defer current event
93,6,0xb06,BreezeCsrPipelineSpec.scala:67 via :71,89,88,1,1,publish previous attributed event; defer current event
93,6,0xc06,BreezeCsrPipelineSpec.scala:67 via :72,89,88,1,1,publish previous attributed event; defer current event
93,7,0xb07,BreezeCsrPipelineSpec.scala:67 via :71,88,87,1,1,publish previous attributed event; defer current event
93,7,0xc07,BreezeCsrPipelineSpec.scala:67 via :72,88,87,1,1,publish previous attributed event; defer current event
93,8,0xb08,BreezeCsrPipelineSpec.scala:67 via :71,87,86,1,1,publish previous attributed event; defer current event
93,8,0xc08,BreezeCsrPipelineSpec.scala:67 via :72,87,86,1,1,publish previous attributed event; defer current event
93,9,0xb09,BreezeCsrPipelineSpec.scala:67 via :71,86,85,1,1,publish previous attributed event; defer current event
93,9,0xc09,BreezeCsrPipelineSpec.scala:67 via :72,86,85,1,1,publish previous attributed event; defer current event
93,10,0xb0a,BreezeCsrPipelineSpec.scala:67 via :71,85,84,1,1,publish previous attributed event; defer current event
93,10,0xc0a,BreezeCsrPipelineSpec.scala:67 via :72,85,84,1,1,publish previous attributed event; defer current event
94,3,0xb03,BreezeCsrPipelineSpec.scala:67 via :71,93,92,1,1,publish previous attributed event; defer current event
94,3,0xc03,BreezeCsrPipelineSpec.scala:67 via :72,93,92,1,1,publish previous attributed event; defer current event
94,4,0xb04,BreezeCsrPipelineSpec.scala:67 via :71,92,91,1,1,publish previous attributed event; defer current event
94,4,0xc04,BreezeCsrPipelineSpec.scala:67 via :72,92,91,1,1,publish previous attributed event; defer current event
94,5,0xb05,BreezeCsrPipelineSpec.scala:67 via :71,91,90,1,1,publish previous attributed event; defer current event
94,5,0xc05,BreezeCsrPipelineSpec.scala:67 via :72,91,90,1,1,publish previous attributed event; defer current event
94,6,0xb06,BreezeCsrPipelineSpec.scala:67 via :71,90,89,1,1,publish previous attributed event; defer current event
94,6,0xc06,BreezeCsrPipelineSpec.scala:67 via :72,90,89,1,1,publish previous attributed event; defer current event
94,7,0xb07,BreezeCsrPipelineSpec.scala:67 via :71,89,88,1,1,publish previous attributed event; defer current event
94,7,0xc07,BreezeCsrPipelineSpec.scala:67 via :72,89,88,1,1,publish previous attributed event; defer current event
94,8,0xb08,BreezeCsrPipelineSpec.scala:67 via :71,88,87,1,1,publish previous attributed event; defer current event
94,8,0xc08,BreezeCsrPipelineSpec.scala:67 via :72,88,87,1,1,publish previous attributed event; defer current event
94,9,0xb09,BreezeCsrPipelineSpec.scala:67 via :71,87,86,1,1,publish previous attributed event; defer current event
94,9,0xc09,BreezeCsrPipelineSpec.scala:67 via :72,87,86,1,1,publish previous attributed event; defer current event
94,10,0xb0a,BreezeCsrPipelineSpec.scala:67 via :71,86,85,1,1,publish previous attributed event; defer current event
94,10,0xc0a,BreezeCsrPipelineSpec.scala:67 via :72,86,85,1,1,publish previous attributed event; defer current event
95,3,0xb03,BreezeCsrPipelineSpec.scala:67 via :71,94,93,1,1,publish previous attributed event; defer current event
95,3,0xc03,BreezeCsrPipelineSpec.scala:67 via :72,94,93,1,1,publish previous attributed event; defer current event
95,4,0xb04,BreezeCsrPipelineSpec.scala:67 via :71,93,92,1,1,publish previous attributed event; defer current event
95,4,0xc04,BreezeCsrPipelineSpec.scala:67 via :72,93,92,1,1,publish previous attributed event; defer current event
95,5,0xb05,BreezeCsrPipelineSpec.scala:67 via :71,92,91,1,1,publish previous attributed event; defer current event
95,5,0xc05,BreezeCsrPipelineSpec.scala:67 via :72,92,91,1,1,publish previous attributed event; defer current event
95,6,0xb06,BreezeCsrPipelineSpec.scala:67 via :71,91,90,1,1,publish previous attributed event; defer current event
95,6,0xc06,BreezeCsrPipelineSpec.scala:67 via :72,91,90,1,1,publish previous attributed event; defer current event
95,7,0xb07,BreezeCsrPipelineSpec.scala:67 via :71,90,89,1,1,publish previous attributed event; defer current event
95,7,0xc07,BreezeCsrPipelineSpec.scala:67 via :72,90,89,1,1,publish previous attributed event; defer current event
95,8,0xb08,BreezeCsrPipelineSpec.scala:67 via :71,89,88,1,1,publish previous attributed event; defer current event
95,8,0xc08,BreezeCsrPipelineSpec.scala:67 via :72,89,88,1,1,publish previous attributed event; defer current event
95,9,0xb09,BreezeCsrPipelineSpec.scala:67 via :71,88,87,1,1,publish previous attributed event; defer current event
95,9,0xc09,BreezeCsrPipelineSpec.scala:67 via :72,88,87,1,1,publish previous attributed event; defer current event
95,10,0xb0a,BreezeCsrPipelineSpec.scala:67 via :71,87,86,1,1,publish previous attributed event; defer current event
95,10,0xc0a,BreezeCsrPipelineSpec.scala:67 via :72,87,86,1,1,publish previous attributed event; defer current event
96,3,0xb03,BreezeCsrPipelineSpec.scala:67 via :71,95,94,1,1,publish previous attributed event; defer current event
96,3,0xc03,BreezeCsrPipelineSpec.scala:67 via :72,95,94,1,1,publish previous attributed event; defer current event
96,4,0xb04,BreezeCsrPipelineSpec.scala:67 via :71,94,93,1,1,publish previous attributed event; defer current event
96,4,0xc04,BreezeCsrPipelineSpec.scala:67 via :72,94,93,1,1,publish previous attributed event; defer current event
96,5,0xb05,BreezeCsrPipelineSpec.scala:67 via :71,93,92,1,1,publish previous attributed event; defer current event
96,5,0xc05,BreezeCsrPipelineSpec.scala:67 via :72,93,92,1,1,publish previous attributed event; defer current event
96,6,0xb06,BreezeCsrPipelineSpec.scala:67 via :71,92,91,1,1,publish previous attributed event; defer current event
96,6,0xc06,BreezeCsrPipelineSpec.scala:67 via :72,92,91,1,1,publish previous attributed event; defer current event
96,7,0xb07,BreezeCsrPipelineSpec.scala:67 via :71,91,90,1,1,publish previous attributed event; defer current event
96,7,0xc07,BreezeCsrPipelineSpec.scala:67 via :72,91,90,1,1,publish previous attributed event; defer current event
96,8,0xb08,BreezeCsrPipelineSpec.scala:67 via :71,90,89,1,1,publish previous attributed event; defer current event
96,8,0xc08,BreezeCsrPipelineSpec.scala:67 via :72,90,89,1,1,publish previous attributed event; defer current event
96,9,0xb09,BreezeCsrPipelineSpec.scala:67 via :71,89,88,1,1,publish previous attributed event; defer current event
96,9,0xc09,BreezeCsrPipelineSpec.scala:67 via :72,89,88,1,1,publish previous attributed event; defer current event
96,10,0xb0a,BreezeCsrPipelineSpec.scala:67 via :71,88,87,1,1,publish previous attributed event; defer current event
96,10,0xc0a,BreezeCsrPipelineSpec.scala:67 via :72,88,87,1,1,publish previous attributed event; defer current event
97,3,0xb03,BreezeCsrPipelineSpec.scala:67 via :71,96,95,1,1,publish previous attributed event; defer current event
97,3,0xc03,BreezeCsrPipelineSpec.scala:67 via :72,96,95,1,1,publish previous attributed event; defer current event
97,4,0xb04,BreezeCsrPipelineSpec.scala:67 via :71,95,94,1,1,publish previous attributed event; defer current event
97,4,0xc04,BreezeCsrPipelineSpec.scala:67 via :72,95,94,1,1,publish previous attributed event; defer current event
97,5,0xb05,BreezeCsrPipelineSpec.scala:67 via :71,94,93,1,1,publish previous attributed event; defer current event
97,5,0xc05,BreezeCsrPipelineSpec.scala:67 via :72,94,93,1,1,publish previous attributed event; defer current event
97,6,0xb06,BreezeCsrPipelineSpec.scala:67 via :71,93,92,1,1,publish previous attributed event; defer current event
97,6,0xc06,BreezeCsrPipelineSpec.scala:67 via :72,93,92,1,1,publish previous attributed event; defer current event
97,7,0xb07,BreezeCsrPipelineSpec.scala:67 via :71,92,91,1,1,publish previous attributed event; defer current event
97,7,0xc07,BreezeCsrPipelineSpec.scala:67 via :72,92,91,1,1,publish previous attributed event; defer current event
97,8,0xb08,BreezeCsrPipelineSpec.scala:67 via :71,91,90,1,1,publish previous attributed event; defer current event
97,8,0xc08,BreezeCsrPipelineSpec.scala:67 via :72,91,90,1,1,publish previous attributed event; defer current event
97,9,0xb09,BreezeCsrPipelineSpec.scala:67 via :71,90,89,1,1,publish previous attributed event; defer current event
97,9,0xc09,BreezeCsrPipelineSpec.scala:67 via :72,90,89,1,1,publish previous attributed event; defer current event
97,10,0xb0a,BreezeCsrPipelineSpec.scala:67 via :71,89,88,1,1,publish previous attributed event; defer current event
97,10,0xc0a,BreezeCsrPipelineSpec.scala:67 via :72,89,88,1,1,publish previous attributed event; defer current event
98,3,0xb03,BreezeCsrPipelineSpec.scala:67 via :71,98,96,1,2,publish previous attributed event; defer current event
98,3,0xc03,BreezeCsrPipelineSpec.scala:67 via :72,98,96,1,2,publish previous attributed event; defer current event
98,4,0xb04,BreezeCsrPipelineSpec.scala:67 via :71,96,95,1,1,publish previous attributed event; defer current event
98,4,0xc04,BreezeCsrPipelineSpec.scala:67 via :72,96,95,1,1,publish previous attributed event; defer current event
98,5,0xb05,BreezeCsrPipelineSpec.scala:67 via :71,95,94,1,1,publish previous attributed event; defer current event
98,5,0xc05,BreezeCsrPipelineSpec.scala:67 via :72,95,94,1,1,publish previous attributed event; defer current event
98,6,0xb06,BreezeCsrPipelineSpec.scala:67 via :71,94,93,1,1,publish previous attributed event; defer current event
98,6,0xc06,BreezeCsrPipelineSpec.scala:67 via :72,94,93,1,1,publish previous attributed event; defer current event
98,7,0xb07,BreezeCsrPipelineSpec.scala:67 via :71,93,92,1,1,publish previous attributed event; defer current event
98,7,0xc07,BreezeCsrPipelineSpec.scala:67 via :72,93,92,1,1,publish previous attributed event; defer current event
98,8,0xb08,BreezeCsrPipelineSpec.scala:67 via :71,92,91,1,1,publish previous attributed event; defer current event
98,8,0xc08,BreezeCsrPipelineSpec.scala:67 via :72,92,91,1,1,publish previous attributed event; defer current event
98,9,0xb09,BreezeCsrPipelineSpec.scala:67 via :71,91,90,1,1,publish previous attributed event; defer current event
98,9,0xc09,BreezeCsrPipelineSpec.scala:67 via :72,91,90,1,1,publish previous attributed event; defer current event
98,10,0xb0a,BreezeCsrPipelineSpec.scala:67 via :71,90,89,1,1,publish previous attributed event; defer current event
98,10,0xc0a,BreezeCsrPipelineSpec.scala:67 via :72,90,89,1,1,publish previous attributed event; defer current event
99,3,0xb03,BreezeCsrPipelineSpec.scala:67 via :71,100,98,2,2,publish previous attributed event; defer current event
99,3,0xc03,BreezeCsrPipelineSpec.scala:67 via :72,100,98,2,2,publish previous attributed event; defer current event
99,4,0xb04,BreezeCsrPipelineSpec.scala:67 via :71,98,96,1,2,publish previous attributed event; defer current event
99,4,0xc04,BreezeCsrPipelineSpec.scala:67 via :72,98,96,1,2,publish previous attributed event; defer current event
99,5,0xb05,BreezeCsrPipelineSpec.scala:67 via :71,96,95,1,1,publish previous attributed event; defer current event
99,5,0xc05,BreezeCsrPipelineSpec.scala:67 via :72,96,95,1,1,publish previous attributed event; defer current event
99,6,0xb06,BreezeCsrPipelineSpec.scala:67 via :71,95,94,1,1,publish previous attributed event; defer current event
99,6,0xc06,BreezeCsrPipelineSpec.scala:67 via :72,95,94,1,1,publish previous attributed event; defer current event
99,7,0xb07,BreezeCsrPipelineSpec.scala:67 via :71,94,93,1,1,publish previous attributed event; defer current event
99,7,0xc07,BreezeCsrPipelineSpec.scala:67 via :72,94,93,1,1,publish previous attributed event; defer current event
99,8,0xb08,BreezeCsrPipelineSpec.scala:67 via :71,93,92,1,1,publish previous attributed event; defer current event
99,8,0xc08,BreezeCsrPipelineSpec.scala:67 via :72,93,92,1,1,publish previous attributed event; defer current event
99,9,0xb09,BreezeCsrPipelineSpec.scala:67 via :71,92,91,1,1,publish previous attributed event; defer current event
99,9,0xc09,BreezeCsrPipelineSpec.scala:67 via :72,92,91,1,1,publish previous attributed event; defer current event
99,10,0xb0a,BreezeCsrPipelineSpec.scala:67 via :71,91,90,1,1,publish previous attributed event; defer current event
99,10,0xc0a,BreezeCsrPipelineSpec.scala:67 via :72,91,90,1,1,publish previous attributed event; defer current event
100,3,0xb03,BreezeCsrPipelineSpec.scala:67 via :71,102,100,2,2,publish previous attributed event; defer current event
100,3,0xc03,BreezeCsrPipelineSpec.scala:67 via :72,102,100,2,2,publish previous attributed event; defer current event
100,4,0xb04,BreezeCsrPipelineSpec.scala:67 via :71,100,98,2,2,publish previous attributed event; defer current event
100,4,0xc04,BreezeCsrPipelineSpec.scala:67 via :72,100,98,2,2,publish previous attributed event; defer current event
100,5,0xb05,BreezeCsrPipelineSpec.scala:67 via :71,98,96,1,2,publish previous attributed event; defer current event
100,5,0xc05,BreezeCsrPipelineSpec.scala:67 via :72,98,96,1,2,publish previous attributed event; defer current event
100,6,0xb06,BreezeCsrPipelineSpec.scala:67 via :71,96,95,1,1,publish previous attributed event; defer current event
100,6,0xc06,BreezeCsrPipelineSpec.scala:67 via :72,96,95,1,1,publish previous attributed event; defer current event
100,7,0xb07,BreezeCsrPipelineSpec.scala:67 via :71,95,94,1,1,publish previous attributed event; defer current event
100,7,0xc07,BreezeCsrPipelineSpec.scala:67 via :72,95,94,1,1,publish previous attributed event; defer current event
100,8,0xb08,BreezeCsrPipelineSpec.scala:67 via :71,94,93,1,1,publish previous attributed event; defer current event
100,8,0xc08,BreezeCsrPipelineSpec.scala:67 via :72,94,93,1,1,publish previous attributed event; defer current event
100,9,0xb09,BreezeCsrPipelineSpec.scala:67 via :71,93,92,1,1,publish previous attributed event; defer current event
100,9,0xc09,BreezeCsrPipelineSpec.scala:67 via :72,93,92,1,1,publish previous attributed event; defer current event
100,10,0xb0a,BreezeCsrPipelineSpec.scala:67 via :71,92,91,1,1,publish previous attributed event; defer current event
100,10,0xc0a,BreezeCsrPipelineSpec.scala:67 via :72,92,91,1,1,publish previous attributed event; defer current event
101,3,0xb03,BreezeCsrPipelineSpec.scala:67 via :71,104,102,2,2,publish previous attributed event; defer current event
101,3,0xc03,BreezeCsrPipelineSpec.scala:67 via :72,104,102,2,2,publish previous attributed event; defer current event
101,4,0xb04,BreezeCsrPipelineSpec.scala:67 via :71,102,100,2,2,publish previous attributed event; defer current event
101,4,0xc04,BreezeCsrPipelineSpec.scala:67 via :72,102,100,2,2,publish previous attributed event; defer current event
101,5,0xb05,BreezeCsrPipelineSpec.scala:67 via :71,100,98,2,2,publish previous attributed event; defer current event
101,5,0xc05,BreezeCsrPipelineSpec.scala:67 via :72,100,98,2,2,publish previous attributed event; defer current event
101,6,0xb06,BreezeCsrPipelineSpec.scala:67 via :71,98,96,1,2,publish previous attributed event; defer current event
101,6,0xc06,BreezeCsrPipelineSpec.scala:67 via :72,98,96,1,2,publish previous attributed event; defer current event
101,7,0xb07,BreezeCsrPipelineSpec.scala:67 via :71,96,95,1,1,publish previous attributed event; defer current event
101,7,0xc07,BreezeCsrPipelineSpec.scala:67 via :72,96,95,1,1,publish previous attributed event; defer current event
101,8,0xb08,BreezeCsrPipelineSpec.scala:67 via :71,95,94,1,1,publish previous attributed event; defer current event
101,8,0xc08,BreezeCsrPipelineSpec.scala:67 via :72,95,94,1,1,publish previous attributed event; defer current event
101,9,0xb09,BreezeCsrPipelineSpec.scala:67 via :71,94,93,1,1,publish previous attributed event; defer current event
101,9,0xc09,BreezeCsrPipelineSpec.scala:67 via :72,94,93,1,1,publish previous attributed event; defer current event
101,10,0xb0a,BreezeCsrPipelineSpec.scala:67 via :71,93,92,1,1,publish previous attributed event; defer current event
101,10,0xc0a,BreezeCsrPipelineSpec.scala:67 via :72,93,92,1,1,publish previous attributed event; defer current event
102,3,0xb03,BreezeCsrPipelineSpec.scala:67 via :71,106,104,2,2,publish previous attributed event; defer current event
102,3,0xc03,BreezeCsrPipelineSpec.scala:67 via :72,106,104,2,2,publish previous attributed event; defer current event
102,4,0xb04,BreezeCsrPipelineSpec.scala:67 via :71,104,102,2,2,publish previous attributed event; defer current event
102,4,0xc04,BreezeCsrPipelineSpec.scala:67 via :72,104,102,2,2,publish previous attributed event; defer current event
102,5,0xb05,BreezeCsrPipelineSpec.scala:67 via :71,102,100,2,2,publish previous attributed event; defer current event
102,5,0xc05,BreezeCsrPipelineSpec.scala:67 via :72,102,100,2,2,publish previous attributed event; defer current event
102,6,0xb06,BreezeCsrPipelineSpec.scala:67 via :71,100,98,2,2,publish previous attributed event; defer current event
102,6,0xc06,BreezeCsrPipelineSpec.scala:67 via :72,100,98,2,2,publish previous attributed event; defer current event
102,7,0xb07,BreezeCsrPipelineSpec.scala:67 via :71,98,96,1,2,publish previous attributed event; defer current event
102,7,0xc07,BreezeCsrPipelineSpec.scala:67 via :72,98,96,1,2,publish previous attributed event; defer current event
102,8,0xb08,BreezeCsrPipelineSpec.scala:67 via :71,96,95,1,1,publish previous attributed event; defer current event
102,8,0xc08,BreezeCsrPipelineSpec.scala:67 via :72,96,95,1,1,publish previous attributed event; defer current event
102,9,0xb09,BreezeCsrPipelineSpec.scala:67 via :71,95,94,1,1,publish previous attributed event; defer current event
102,9,0xc09,BreezeCsrPipelineSpec.scala:67 via :72,95,94,1,1,publish previous attributed event; defer current event
102,10,0xb0a,BreezeCsrPipelineSpec.scala:67 via :71,94,93,1,1,publish previous attributed event; defer current event
102,10,0xc0a,BreezeCsrPipelineSpec.scala:67 via :72,94,93,1,1,publish previous attributed event; defer current event
103,3,0xb03,BreezeCsrPipelineSpec.scala:67 via :71,108,106,2,2,publish previous attributed event; defer current event
103,3,0xc03,BreezeCsrPipelineSpec.scala:67 via :72,108,106,2,2,publish previous attributed event; defer current event
103,4,0xb04,BreezeCsrPipelineSpec.scala:67 via :71,106,104,2,2,publish previous attributed event; defer current event
103,4,0xc04,BreezeCsrPipelineSpec.scala:67 via :72,106,104,2,2,publish previous attributed event; defer current event
103,5,0xb05,BreezeCsrPipelineSpec.scala:67 via :71,104,102,2,2,publish previous attributed event; defer current event
103,5,0xc05,BreezeCsrPipelineSpec.scala:67 via :72,104,102,2,2,publish previous attributed event; defer current event
103,6,0xb06,BreezeCsrPipelineSpec.scala:67 via :71,102,100,2,2,publish previous attributed event; defer current event
103,6,0xc06,BreezeCsrPipelineSpec.scala:67 via :72,102,100,2,2,publish previous attributed event; defer current event
103,7,0xb07,BreezeCsrPipelineSpec.scala:67 via :71,100,98,2,2,publish previous attributed event; defer current event
103,7,0xc07,BreezeCsrPipelineSpec.scala:67 via :72,100,98,2,2,publish previous attributed event; defer current event
103,8,0xb08,BreezeCsrPipelineSpec.scala:67 via :71,98,96,1,2,publish previous attributed event; defer current event
103,8,0xc08,BreezeCsrPipelineSpec.scala:67 via :72,98,96,1,2,publish previous attributed event; defer current event
103,9,0xb09,BreezeCsrPipelineSpec.scala:67 via :71,96,95,1,1,publish previous attributed event; defer current event
103,9,0xc09,BreezeCsrPipelineSpec.scala:67 via :72,96,95,1,1,publish previous attributed event; defer current event
103,10,0xb0a,BreezeCsrPipelineSpec.scala:67 via :71,95,94,1,1,publish previous attributed event; defer current event
103,10,0xc0a,BreezeCsrPipelineSpec.scala:67 via :72,95,94,1,1,publish previous attributed event; defer current event
104,3,0xb03,BreezeCsrPipelineSpec.scala:67 via :71,110,108,2,2,publish previous attributed event; defer current event
104,3,0xc03,BreezeCsrPipelineSpec.scala:67 via :72,110,108,2,2,publish previous attributed event; defer current event
104,4,0xb04,BreezeCsrPipelineSpec.scala:67 via :71,108,106,2,2,publish previous attributed event; defer current event
104,4,0xc04,BreezeCsrPipelineSpec.scala:67 via :72,108,106,2,2,publish previous attributed event; defer current event
104,5,0xb05,BreezeCsrPipelineSpec.scala:67 via :71,106,104,2,2,publish previous attributed event; defer current event
104,5,0xc05,BreezeCsrPipelineSpec.scala:67 via :72,106,104,2,2,publish previous attributed event; defer current event
104,6,0xb06,BreezeCsrPipelineSpec.scala:67 via :71,104,102,2,2,publish previous attributed event; defer current event
104,6,0xc06,BreezeCsrPipelineSpec.scala:67 via :72,104,102,2,2,publish previous attributed event; defer current event
104,7,0xb07,BreezeCsrPipelineSpec.scala:67 via :71,102,100,2,2,publish previous attributed event; defer current event
104,7,0xc07,BreezeCsrPipelineSpec.scala:67 via :72,102,100,2,2,publish previous attributed event; defer current event
104,8,0xb08,BreezeCsrPipelineSpec.scala:67 via :71,100,98,2,2,publish previous attributed event; defer current event
104,8,0xc08,BreezeCsrPipelineSpec.scala:67 via :72,100,98,2,2,publish previous attributed event; defer current event
104,9,0xb09,BreezeCsrPipelineSpec.scala:67 via :71,98,96,1,2,publish previous attributed event; defer current event
104,9,0xc09,BreezeCsrPipelineSpec.scala:67 via :72,98,96,1,2,publish previous attributed event; defer current event
104,10,0xb0a,BreezeCsrPipelineSpec.scala:67 via :71,96,95,1,1,publish previous attributed event; defer current event
104,10,0xc0a,BreezeCsrPipelineSpec.scala:67 via :72,96,95,1,1,publish previous attributed event; defer current event
179,4,0xb04,BreezeCsrPipelineSpec.scala:67 via :71,43,42,0,1,publish previous attributed event; defer current event
179,4,0xc04,BreezeCsrPipelineSpec.scala:67 via :72,43,42,0,1,publish previous attributed event; defer current event
180,4,0xb04,BreezeCsrPipelineSpec.scala:67 via :71,44,43,1,1,publish previous attributed event; defer current event
180,4,0xc04,BreezeCsrPipelineSpec.scala:67 via :72,44,43,1,1,publish previous attributed event; defer current event
183,4,0xb04,BreezeCsrPipelineSpec.scala:67 via :71,45,44,0,1,publish previous attributed event; defer current event
183,4,0xc04,BreezeCsrPipelineSpec.scala:67 via :72,45,44,0,1,publish previous attributed event; defer current event
184,4,0xb04,BreezeCsrPipelineSpec.scala:67 via :71,46,45,1,1,publish previous attributed event; defer current event
184,4,0xc04,BreezeCsrPipelineSpec.scala:67 via :72,46,45,1,1,publish previous attributed event; defer current event
185,4,0xb04,BreezeCsrPipelineSpec.scala:67 via :71,47,46,1,1,publish previous attributed event; defer current event
185,4,0xc04,BreezeCsrPipelineSpec.scala:67 via :72,47,46,1,1,publish previous attributed event; defer current event
187,4,0xb04,BreezeCsrPipelineSpec.scala:67 via :71,48,47,0,1,publish previous attributed event; defer current event
187,4,0xc04,BreezeCsrPipelineSpec.scala:67 via :72,48,47,0,1,publish previous attributed event; defer current event
189,4,0xb04,BreezeCsrPipelineSpec.scala:67 via :71,49,48,0,1,publish previous attributed event; defer current event
189,4,0xc04,BreezeCsrPipelineSpec.scala:67 via :72,49,48,0,1,publish previous attributed event; defer current event
189,9,0xb09,BreezeCsrPipelineSpec.scala:67 via :71,43,42,0,1,publish previous attributed event; defer current event
189,9,0xc09,BreezeCsrPipelineSpec.scala:67 via :72,43,42,0,1,publish previous attributed event; defer current event
191,4,0xb04,BreezeCsrPipelineSpec.scala:67 via :71,50,49,0,1,publish previous attributed event; defer current event
191,4,0xc04,BreezeCsrPipelineSpec.scala:67 via :72,50,49,0,1,publish previous attributed event; defer current event
192,4,0xb04,BreezeCsrPipelineSpec.scala:67 via :71,51,50,1,1,publish previous attributed event; defer current event
192,4,0xc04,BreezeCsrPipelineSpec.scala:67 via :72,51,50,1,1,publish previous attributed event; defer current event
192,9,0xb09,BreezeCsrPipelineSpec.scala:67 via :71,44,43,0,1,publish previous attributed event; defer current event
192,9,0xc09,BreezeCsrPipelineSpec.scala:67 via :72,44,43,0,1,publish previous attributed event; defer current event
193,4,0xb04,BreezeCsrPipelineSpec.scala:67 via :71,52,51,1,1,publish previous attributed event; defer current event
193,4,0xc04,BreezeCsrPipelineSpec.scala:67 via :72,52,51,1,1,publish previous attributed event; defer current event
193,9,0xb09,BreezeCsrPipelineSpec.scala:67 via :71,45,44,1,1,publish previous attributed event; defer current event
193,9,0xc09,BreezeCsrPipelineSpec.scala:67 via :72,45,44,1,1,publish previous attributed event; defer current event
196,9,0xb09,BreezeCsrPipelineSpec.scala:67 via :71,46,45,0,1,publish previous attributed event; defer current event
196,9,0xc09,BreezeCsrPipelineSpec.scala:67 via :72,46,45,0,1,publish previous attributed event; defer current event
198,4,0xb04,BreezeCsrPipelineSpec.scala:67 via :71,53,52,0,1,publish previous attributed event; defer current event
198,4,0xc04,BreezeCsrPipelineSpec.scala:67 via :72,53,52,0,1,publish previous attributed event; defer current event
198,6,0xb06,BreezeCsrPipelineSpec.scala:67 via :71,43,42,0,1,publish previous attributed event; defer current event
198,6,0xc06,BreezeCsrPipelineSpec.scala:67 via :72,43,42,0,1,publish previous attributed event; defer current event
200,4,0xb04,BreezeCsrPipelineSpec.scala:67 via :71,54,53,0,1,publish previous attributed event; defer current event
200,4,0xc04,BreezeCsrPipelineSpec.scala:67 via :72,54,53,0,1,publish previous attributed event; defer current event
200,6,0xb06,BreezeCsrPipelineSpec.scala:67 via :71,44,43,0,1,publish previous attributed event; defer current event
200,6,0xc06,BreezeCsrPipelineSpec.scala:67 via :72,44,43,0,1,publish previous attributed event; defer current event
202,4,0xb04,BreezeCsrPipelineSpec.scala:67 via :71,55,54,0,1,publish previous attributed event; defer current event
202,4,0xc04,BreezeCsrPipelineSpec.scala:67 via :72,55,54,0,1,publish previous attributed event; defer current event
202,6,0xb06,BreezeCsrPipelineSpec.scala:67 via :71,45,44,0,1,publish previous attributed event; defer current event
202,6,0xc06,BreezeCsrPipelineSpec.scala:67 via :72,45,44,0,1,publish previous attributed event; defer current event
203,3,0xb03,BreezeCsrPipelineSpec.scala:67 via :71,43,42,0,1,publish previous attributed event; defer current event
203,3,0xc03,BreezeCsrPipelineSpec.scala:67 via :72,43,42,0,1,publish previous attributed event; defer current event
204,4,0xb04,BreezeCsrPipelineSpec.scala:67 via :71,56,55,0,1,publish previous attributed event; defer current event
204,4,0xc04,BreezeCsrPipelineSpec.scala:67 via :72,56,55,0,1,publish previous attributed event; defer current event
204,9,0xb09,BreezeCsrPipelineSpec.scala:67 via :71,47,46,0,1,publish previous attributed event; defer current event
204,9,0xc09,BreezeCsrPipelineSpec.scala:67 via :72,47,46,0,1,publish previous attributed event; defer current event
205,4,0xb04,BreezeCsrPipelineSpec.scala:67 via :71,57,56,1,1,publish previous attributed event; defer current event
205,4,0xc04,BreezeCsrPipelineSpec.scala:67 via :72,57,56,1,1,publish previous attributed event; defer current event
205,6,0xb06,BreezeCsrPipelineSpec.scala:67 via :71,46,45,0,1,publish previous attributed event; defer current event
205,6,0xc06,BreezeCsrPipelineSpec.scala:67 via :72,46,45,0,1,publish previous attributed event; defer current event
205,9,0xb09,BreezeCsrPipelineSpec.scala:67 via :71,48,47,1,1,publish previous attributed event; defer current event
205,9,0xc09,BreezeCsrPipelineSpec.scala:67 via :72,48,47,1,1,publish previous attributed event; defer current event
205,10,0xb0a,BreezeCsrPipelineSpec.scala:67 via :71,8660255351354195134,8660255351354195133,0,1,publish previous attributed event; defer current event
205,10,0xc0a,BreezeCsrPipelineSpec.scala:67 via :72,8660255351354195134,8660255351354195133,0,1,publish previous attributed event; defer current event
206,3,0xb03,BreezeCsrPipelineSpec.scala:67 via :71,44,43,0,1,publish previous attributed event; defer current event
206,3,0xc03,BreezeCsrPipelineSpec.scala:67 via :72,44,43,0,1,publish previous attributed event; defer current event
206,10,0xb0a,BreezeCsrPipelineSpec.scala:67 via :71,8660255351354195135,8660255351354195134,1,1,publish previous attributed event; defer current event
206,10,0xc0a,BreezeCsrPipelineSpec.scala:67 via :72,8660255351354195135,8660255351354195134,1,1,publish previous attributed event; defer current event
208,6,0xb06,BreezeCsrPipelineSpec.scala:67 via :71,47,46,0,1,publish previous attributed event; defer current event
208,6,0xc06,BreezeCsrPipelineSpec.scala:67 via :72,47,46,0,1,publish previous attributed event; defer current event
209,3,0xb03,BreezeCsrPipelineSpec.scala:67 via :71,45,44,0,1,publish previous attributed event; defer current event
209,3,0xc03,BreezeCsrPipelineSpec.scala:67 via :72,45,44,0,1,publish previous attributed event; defer current event
210,3,0xb03,BreezeCsrPipelineSpec.scala:67 via :71,46,45,1,1,publish previous attributed event; defer current event
210,3,0xc03,BreezeCsrPipelineSpec.scala:67 via :72,46,45,1,1,publish previous attributed event; defer current event
210,4,0xb04,BreezeCsrPipelineSpec.scala:67 via :71,2700148896052041769,2700148896052041768,0,1,publish previous attributed event; defer current event
210,4,0xc04,BreezeCsrPipelineSpec.scala:67 via :72,2700148896052041769,2700148896052041768,0,1,publish previous attributed event; defer current event
211,4,0xb04,BreezeCsrPipelineSpec.scala:67 via :71,2700148896052041770,2700148896052041769,1,1,publish previous attributed event; defer current event
211,4,0xc04,BreezeCsrPipelineSpec.scala:67 via :72,2700148896052041770,2700148896052041769,1,1,publish previous attributed event; defer current event
212,3,0xb03,BreezeCsrPipelineSpec.scala:67 via :71,47,46,0,1,publish previous attributed event; defer current event
212,3,0xc03,BreezeCsrPipelineSpec.scala:67 via :72,47,46,0,1,publish previous attributed event; defer current event
212,6,0xb06,BreezeCsrPipelineSpec.scala:67 via :71,48,47,0,1,publish previous attributed event; defer current event
212,6,0xc06,BreezeCsrPipelineSpec.scala:67 via :72,48,47,0,1,publish previous attributed event; defer current event
212,9,0xb09,BreezeCsrPipelineSpec.scala:67 via :71,9478771791596367257,9478771791596367256,0,1,publish previous attributed event; defer current event
212,9,0xc09,BreezeCsrPipelineSpec.scala:67 via :72,9478771791596367257,9478771791596367256,0,1,publish previous attributed event; defer current event
213,6,0xb06,BreezeCsrPipelineSpec.scala:67 via :71,49,48,1,1,publish previous attributed event; defer current event
213,6,0xc06,BreezeCsrPipelineSpec.scala:67 via :72,49,48,1,1,publish previous attributed event; defer current event
214,3,0xb03,BreezeCsrPipelineSpec.scala:67 via :71,48,47,0,1,publish previous attributed event; defer current event
214,3,0xc03,BreezeCsrPipelineSpec.scala:67 via :72,48,47,0,1,publish previous attributed event; defer current event
214,6,0xb06,BreezeCsrPipelineSpec.scala:67 via :71,50,49,1,1,publish previous attributed event; defer current event
214,6,0xc06,BreezeCsrPipelineSpec.scala:67 via :72,50,49,1,1,publish previous attributed event; defer current event
214,9,0xb09,BreezeCsrPipelineSpec.scala:67 via :71,6795536718337713492,6795536718337713491,0,1,publish previous attributed event; defer current event
214,9,0xc09,BreezeCsrPipelineSpec.scala:67 via :72,6795536718337713492,6795536718337713491,0,1,publish previous attributed event; defer current event
215,3,0xb03,BreezeCsrPipelineSpec.scala:67 via :71,49,48,1,1,publish previous attributed event; defer current event
215,3,0xc03,BreezeCsrPipelineSpec.scala:67 via :72,49,48,1,1,publish previous attributed event; defer current event
216,3,0xb03,BreezeCsrPipelineSpec.scala:67 via :71,50,49,1,1,publish previous attributed event; defer current event
216,3,0xc03,BreezeCsrPipelineSpec.scala:67 via :72,50,49,1,1,publish previous attributed event; defer current event
217,3,0xb03,BreezeCsrPipelineSpec.scala:67 via :71,51,50,1,1,publish previous attributed event; defer current event
217,3,0xc03,BreezeCsrPipelineSpec.scala:67 via :72,51,50,1,1,publish previous attributed event; defer current event
217,6,0xb06,BreezeCsrPipelineSpec.scala:67 via :71,51,50,0,1,publish previous attributed event; defer current event
217,6,0xc06,BreezeCsrPipelineSpec.scala:67 via :72,51,50,0,1,publish previous attributed event; defer current event
218,4,0xb04,BreezeCsrPipelineSpec.scala:67 via :71,2700148896052041771,2700148896052041770,0,1,publish previous attributed event; defer current event
218,4,0xc04,BreezeCsrPipelineSpec.scala:67 via :72,2700148896052041771,2700148896052041770,0,1,publish previous attributed event; defer current event
218,9,0xb09,BreezeCsrPipelineSpec.scala:67 via :71,6795536718337713493,6795536718337713492,0,1,publish previous attributed event; defer current event
218,9,0xc09,BreezeCsrPipelineSpec.scala:67 via :72,6795536718337713493,6795536718337713492,0,1,publish previous attributed event; defer current event
219,9,0xb09,BreezeCsrPipelineSpec.scala:67 via :71,6795536718337713494,6795536718337713493,1,1,publish previous attributed event; defer current event
219,9,0xc09,BreezeCsrPipelineSpec.scala:67 via :72,6795536718337713494,6795536718337713493,1,1,publish previous attributed event; defer current event
220,6,0xb06,BreezeCsrPipelineSpec.scala:67 via :71,52,51,0,1,publish previous attributed event; defer current event
220,6,0xc06,BreezeCsrPipelineSpec.scala:67 via :72,52,51,0,1,publish previous attributed event; defer current event
220,9,0xb09,BreezeCsrPipelineSpec.scala:67 via :71,6795536718337713495,6795536718337713494,1,1,publish previous attributed event; defer current event
220,9,0xc09,BreezeCsrPipelineSpec.scala:67 via :72,6795536718337713495,6795536718337713494,1,1,publish previous attributed event; defer current event
221,4,0xb04,BreezeCsrPipelineSpec.scala:67 via :71,2700148896052041772,2700148896052041771,0,1,publish previous attributed event; defer current event
221,4,0xc04,BreezeCsrPipelineSpec.scala:67 via :72,2700148896052041772,2700148896052041771,0,1,publish previous attributed event; defer current event
222,4,0xb04,BreezeCsrPipelineSpec.scala:67 via :71,2700148896052041773,2700148896052041772,1,1,publish previous attributed event; defer current event
222,4,0xc04,BreezeCsrPipelineSpec.scala:67 via :72,2700148896052041773,2700148896052041772,1,1,publish previous attributed event; defer current event
223,3,0xb03,BreezeCsrPipelineSpec.scala:67 via :71,3680379451189631358,3680379451189631357,0,1,publish previous attributed event; defer current event
223,3,0xc03,BreezeCsrPipelineSpec.scala:67 via :72,3680379451189631358,3680379451189631357,0,1,publish previous attributed event; defer current event
223,6,0xb06,BreezeCsrPipelineSpec.scala:67 via :71,53,52,0,1,publish previous attributed event; defer current event
223,6,0xc06,BreezeCsrPipelineSpec.scala:67 via :72,53,52,0,1,publish previous attributed event; defer current event
224,3,0xb03,BreezeCsrPipelineSpec.scala:67 via :71,3680379451189631359,3680379451189631358,1,1,publish previous attributed event; defer current event
224,3,0xc03,BreezeCsrPipelineSpec.scala:67 via :72,3680379451189631359,3680379451189631358,1,1,publish previous attributed event; defer current event
226,3,0xb03,BreezeCsrPipelineSpec.scala:67 via :71,3680379451189631360,3680379451189631359,0,1,publish previous attributed event; defer current event
226,3,0xc03,BreezeCsrPipelineSpec.scala:67 via :72,3680379451189631360,3680379451189631359,0,1,publish previous attributed event; defer current event
227,3,0xb03,BreezeCsrPipelineSpec.scala:67 via :71,3680379451189631361,3680379451189631360,1,1,publish previous attributed event; defer current event
227,3,0xc03,BreezeCsrPipelineSpec.scala:67 via :72,3680379451189631361,3680379451189631360,1,1,publish previous attributed event; defer current event
229,6,0xb06,BreezeCsrPipelineSpec.scala:67 via :71,54,53,0,1,publish previous attributed event; defer current event
229,6,0xc06,BreezeCsrPipelineSpec.scala:67 via :72,54,53,0,1,publish previous attributed event; defer current event
230,6,0xb06,BreezeCsrPipelineSpec.scala:67 via :71,55,54,1,1,publish previous attributed event; defer current event
230,6,0xc06,BreezeCsrPipelineSpec.scala:67 via :72,55,54,1,1,publish previous attributed event; defer current event
231,3,0xb03,BreezeCsrPipelineSpec.scala:67 via :71,10973966291801067135,10973966291801067134,0,1,publish previous attributed event; defer current event
231,3,0xc03,BreezeCsrPipelineSpec.scala:67 via :72,10973966291801067135,10973966291801067134,0,1,publish previous attributed event; defer current event
231,6,0xb06,BreezeCsrPipelineSpec.scala:67 via :71,56,55,1,1,publish previous attributed event; defer current event
231,6,0xc06,BreezeCsrPipelineSpec.scala:67 via :72,56,55,1,1,publish previous attributed event; defer current event
232,3,0xb03,BreezeCsrPipelineSpec.scala:67 via :71,10973966291801067136,10973966291801067135,1,1,publish previous attributed event; defer current event
232,3,0xc03,BreezeCsrPipelineSpec.scala:67 via :72,10973966291801067136,10973966291801067135,1,1,publish previous attributed event; defer current event
237,3,0xb03,BreezeCsrPipelineSpec.scala:67 via :71,10973966291801067137,10973966291801067136,0,1,publish previous attributed event; defer current event
237,3,0xc03,BreezeCsrPipelineSpec.scala:67 via :72,10973966291801067137,10973966291801067136,0,1,publish previous attributed event; defer current event
239,3,0xb03,BreezeCsrPipelineSpec.scala:67 via :71,10973966291801067138,10973966291801067137,0,1,publish previous attributed event; defer current event
239,3,0xc03,BreezeCsrPipelineSpec.scala:67 via :72,10973966291801067138,10973966291801067137,0,1,publish previous attributed event; defer current event
240,3,0xb03,BreezeCsrPipelineSpec.scala:67 via :71,10973966291801067139,10973966291801067138,1,1,publish previous attributed event; defer current event
240,3,0xc03,BreezeCsrPipelineSpec.scala:67 via :72,10973966291801067139,10973966291801067138,1,1,publish previous attributed event; defer current event
240,7,0xb07,BreezeCsrPipelineSpec.scala:67 via :71,8662609218676674363,8662609218676674362,0,1,publish previous attributed event; defer current event
240,7,0xc07,BreezeCsrPipelineSpec.scala:67 via :72,8662609218676674363,8662609218676674362,0,1,publish previous attributed event; defer current event
241,6,0xb06,BreezeCsrPipelineSpec.scala:67 via :71,57,56,0,1,publish previous attributed event; defer current event
241,6,0xc06,BreezeCsrPipelineSpec.scala:67 via :72,57,56,0,1,publish previous attributed event; defer current event
241,7,0xb07,BreezeCsrPipelineSpec.scala:67 via :71,8662609218676674364,8662609218676674363,1,1,publish previous attributed event; defer current event
241,7,0xc07,BreezeCsrPipelineSpec.scala:67 via :72,8662609218676674364,8662609218676674363,1,1,publish previous attributed event; defer current event
242,7,0xb07,BreezeCsrPipelineSpec.scala:67 via :71,8662609218676674365,8662609218676674364,1,1,publish previous attributed event; defer current event
242,7,0xc07,BreezeCsrPipelineSpec.scala:67 via :72,8662609218676674365,8662609218676674364,1,1,publish previous attributed event; defer current event
243,3,0xb03,BreezeCsrPipelineSpec.scala:67 via :71,10973966291801067140,10973966291801067139,0,1,publish previous attributed event; defer current event
243,3,0xc03,BreezeCsrPipelineSpec.scala:67 via :72,10973966291801067140,10973966291801067139,0,1,publish previous attributed event; defer current event
243,7,0xb07,BreezeCsrPipelineSpec.scala:67 via :71,8662609218676674366,8662609218676674365,1,1,publish previous attributed event; defer current event
243,7,0xc07,BreezeCsrPipelineSpec.scala:67 via :72,8662609218676674366,8662609218676674365,1,1,publish previous attributed event; defer current event
244,6,0xb06,BreezeCsrPipelineSpec.scala:67 via :71,58,57,0,1,publish previous attributed event; defer current event
244,6,0xc06,BreezeCsrPipelineSpec.scala:67 via :72,58,57,0,1,publish previous attributed event; defer current event
245,6,0xb06,BreezeCsrPipelineSpec.scala:67 via :71,59,58,1,1,publish previous attributed event; defer current event
245,6,0xc06,BreezeCsrPipelineSpec.scala:67 via :72,59,58,1,1,publish previous attributed event; defer current event
245,7,0xb07,BreezeCsrPipelineSpec.scala:67 via :71,8662609218676674367,8662609218676674366,0,1,publish previous attributed event; defer current event
245,7,0xc07,BreezeCsrPipelineSpec.scala:67 via :72,8662609218676674367,8662609218676674366,0,1,publish previous attributed event; defer current event
246,3,0xb03,BreezeCsrPipelineSpec.scala:67 via :71,10973966291801067141,10973966291801067140,0,1,publish previous attributed event; defer current event
246,3,0xc03,BreezeCsrPipelineSpec.scala:67 via :72,10973966291801067141,10973966291801067140,0,1,publish previous attributed event; defer current event
246,6,0xb06,BreezeCsrPipelineSpec.scala:67 via :71,60,59,1,1,publish previous attributed event; defer current event
246,6,0xc06,BreezeCsrPipelineSpec.scala:67 via :72,60,59,1,1,publish previous attributed event; defer current event
248,7,0xb07,BreezeCsrPipelineSpec.scala:67 via :71,8662609218676674368,8662609218676674367,0,1,publish previous attributed event; defer current event
248,7,0xc07,BreezeCsrPipelineSpec.scala:67 via :72,8662609218676674368,8662609218676674367,0,1,publish previous attributed event; defer current event
249,7,0xb07,BreezeCsrPipelineSpec.scala:67 via :71,8662609218676674369,8662609218676674368,1,1,publish previous attributed event; defer current event
249,7,0xc07,BreezeCsrPipelineSpec.scala:67 via :72,8662609218676674369,8662609218676674368,1,1,publish previous attributed event; defer current event
250,6,0xb06,BreezeCsrPipelineSpec.scala:67 via :71,61,60,0,1,publish previous attributed event; defer current event
250,6,0xc06,BreezeCsrPipelineSpec.scala:67 via :72,61,60,0,1,publish previous attributed event; defer current event
250,7,0xb07,BreezeCsrPipelineSpec.scala:67 via :71,8662609218676674370,8662609218676674369,1,1,publish previous attributed event; defer current event
250,7,0xc07,BreezeCsrPipelineSpec.scala:67 via :72,8662609218676674370,8662609218676674369,1,1,publish previous attributed event; defer current event
251,6,0xb06,BreezeCsrPipelineSpec.scala:67 via :71,62,61,1,1,publish previous attributed event; defer current event
251,6,0xc06,BreezeCsrPipelineSpec.scala:67 via :72,62,61,1,1,publish previous attributed event; defer current event
251,7,0xb07,BreezeCsrPipelineSpec.scala:67 via :71,8662609218676674371,8662609218676674370,1,1,publish previous attributed event; defer current event
251,7,0xc07,BreezeCsrPipelineSpec.scala:67 via :72,8662609218676674371,8662609218676674370,1,1,publish previous attributed event; defer current event
252,3,0xb03,BreezeCsrPipelineSpec.scala:67 via :71,5891078481686065432,5891078481686065431,0,1,publish previous attributed event; defer current event
252,3,0xc03,BreezeCsrPipelineSpec.scala:67 via :72,5891078481686065432,5891078481686065431,0,1,publish previous attributed event; defer current event
252,7,0xb07,BreezeCsrPipelineSpec.scala:67 via :71,8662609218676674372,8662609218676674371,1,1,publish previous attributed event; defer current event
252,7,0xc07,BreezeCsrPipelineSpec.scala:67 via :72,8662609218676674372,8662609218676674371,1,1,publish previous attributed event; defer current event
253,3,0xb03,BreezeCsrPipelineSpec.scala:67 via :71,5891078481686065433,5891078481686065432,1,1,publish previous attributed event; defer current event
253,3,0xc03,BreezeCsrPipelineSpec.scala:67 via :72,5891078481686065433,5891078481686065432,1,1,publish previous attributed event; defer current event
253,7,0xb07,BreezeCsrPipelineSpec.scala:67 via :71,8662609218676674373,8662609218676674372,1,1,publish previous attributed event; defer current event
253,7,0xc07,BreezeCsrPipelineSpec.scala:67 via :72,8662609218676674373,8662609218676674372,1,1,publish previous attributed event; defer current event
254,6,0xb06,BreezeCsrPipelineSpec.scala:67 via :71,63,62,0,1,publish previous attributed event; defer current event
254,6,0xc06,BreezeCsrPipelineSpec.scala:67 via :72,63,62,0,1,publish previous attributed event; defer current event
254,7,0xb07,BreezeCsrPipelineSpec.scala:67 via :71,8662609218676674374,8662609218676674373,1,1,publish previous attributed event; defer current event
254,7,0xc07,BreezeCsrPipelineSpec.scala:67 via :72,8662609218676674374,8662609218676674373,1,1,publish previous attributed event; defer current event
255,3,0xb03,BreezeCsrPipelineSpec.scala:67 via :71,5891078481686065434,5891078481686065433,0,1,publish previous attributed event; defer current event
255,3,0xc03,BreezeCsrPipelineSpec.scala:67 via :72,5891078481686065434,5891078481686065433,0,1,publish previous attributed event; defer current event
255,7,0xb07,BreezeCsrPipelineSpec.scala:67 via :71,8662609218676674375,8662609218676674374,1,1,publish previous attributed event; defer current event
255,7,0xc07,BreezeCsrPipelineSpec.scala:67 via :72,8662609218676674375,8662609218676674374,1,1,publish previous attributed event; defer current event
256,7,0xb07,BreezeCsrPipelineSpec.scala:67 via :71,8662609218676674376,8662609218676674375,1,1,publish previous attributed event; defer current event
256,7,0xc07,BreezeCsrPipelineSpec.scala:67 via :72,8662609218676674376,8662609218676674375,1,1,publish previous attributed event; defer current event
257,6,0xb06,BreezeCsrPipelineSpec.scala:67 via :71,64,63,0,1,publish previous attributed event; defer current event
257,6,0xc06,BreezeCsrPipelineSpec.scala:67 via :72,64,63,0,1,publish previous attributed event; defer current event
257,7,0xb07,BreezeCsrPipelineSpec.scala:67 via :71,8662609218676674377,8662609218676674376,1,1,publish previous attributed event; defer current event
257,7,0xc07,BreezeCsrPipelineSpec.scala:67 via :72,8662609218676674377,8662609218676674376,1,1,publish previous attributed event; defer current event
258,6,0xb06,BreezeCsrPipelineSpec.scala:67 via :71,65,64,1,1,publish previous attributed event; defer current event
258,6,0xc06,BreezeCsrPipelineSpec.scala:67 via :72,65,64,1,1,publish previous attributed event; defer current event
259,6,0xb06,BreezeCsrPipelineSpec.scala:67 via :71,66,65,1,1,publish previous attributed event; defer current event
259,6,0xc06,BreezeCsrPipelineSpec.scala:67 via :72,66,65,1,1,publish previous attributed event; defer current event
259,7,0xb07,BreezeCsrPipelineSpec.scala:67 via :71,8662609218676674378,8662609218676674377,0,1,publish previous attributed event; defer current event
259,7,0xc07,BreezeCsrPipelineSpec.scala:67 via :72,8662609218676674378,8662609218676674377,0,1,publish previous attributed event; defer current event
260,3,0xb03,BreezeCsrPipelineSpec.scala:67 via :71,2925851260497611675,2925851260497611674,0,1,publish previous attributed event; defer current event
260,3,0xc03,BreezeCsrPipelineSpec.scala:67 via :72,2925851260497611675,2925851260497611674,0,1,publish previous attributed event; defer current event
260,6,0xb06,BreezeCsrPipelineSpec.scala:67 via :71,67,66,1,1,publish previous attributed event; defer current event
260,6,0xc06,BreezeCsrPipelineSpec.scala:67 via :72,67,66,1,1,publish previous attributed event; defer current event
260,7,0xb07,BreezeCsrPipelineSpec.scala:67 via :71,8662609218676674379,8662609218676674378,1,1,publish previous attributed event; defer current event
260,7,0xc07,BreezeCsrPipelineSpec.scala:67 via :72,8662609218676674379,8662609218676674378,1,1,publish previous attributed event; defer current event
262,3,0xb03,BreezeCsrPipelineSpec.scala:67 via :71,2925851260497611676,2925851260497611675,0,1,publish previous attributed event; defer current event
262,3,0xc03,BreezeCsrPipelineSpec.scala:67 via :72,2925851260497611676,2925851260497611675,0,1,publish previous attributed event; defer current event
262,6,0xb06,BreezeCsrPipelineSpec.scala:67 via :71,68,67,0,1,publish previous attributed event; defer current event
262,6,0xc06,BreezeCsrPipelineSpec.scala:67 via :72,68,67,0,1,publish previous attributed event; defer current event
263,6,0xb06,BreezeCsrPipelineSpec.scala:67 via :71,69,68,1,1,publish previous attributed event; defer current event
263,6,0xc06,BreezeCsrPipelineSpec.scala:67 via :72,69,68,1,1,publish previous attributed event; defer current event
264,6,0xb06,BreezeCsrPipelineSpec.scala:67 via :71,70,69,1,1,publish previous attributed event; defer current event
264,6,0xc06,BreezeCsrPipelineSpec.scala:67 via :72,70,69,1,1,publish previous attributed event; defer current event
265,6,0xb06,BreezeCsrPipelineSpec.scala:67 via :71,71,70,1,1,publish previous attributed event; defer current event
265,6,0xc06,BreezeCsrPipelineSpec.scala:67 via :72,71,70,1,1,publish previous attributed event; defer current event
266,6,0xb06,BreezeCsrPipelineSpec.scala:67 via :71,72,71,1,1,publish previous attributed event; defer current event
266,6,0xc06,BreezeCsrPipelineSpec.scala:67 via :72,72,71,1,1,publish previous attributed event; defer current event
266,10,0xb0a,BreezeCsrPipelineSpec.scala:67 via :71,17468891924512768440,17468891924512768438,0,2,publish previous attributed event; defer current event
266,10,0xc0a,BreezeCsrPipelineSpec.scala:67 via :72,17468891924512768440,17468891924512768438,0,2,publish previous attributed event; defer current event
267,3,0xb03,BreezeCsrPipelineSpec.scala:67 via :71,10383977809968989910,10383977809968989909,0,1,publish previous attributed event; defer current event
267,3,0xc03,BreezeCsrPipelineSpec.scala:67 via :72,10383977809968989910,10383977809968989909,0,1,publish previous attributed event; defer current event
267,4,0xb04,BreezeCsrPipelineSpec.scala:67 via :71,12392894087677221041,12392894087677221040,0,1,publish previous attributed event; defer current event
267,4,0xc04,BreezeCsrPipelineSpec.scala:67 via :72,12392894087677221041,12392894087677221040,0,1,publish previous attributed event; defer current event
267,6,0xb06,BreezeCsrPipelineSpec.scala:67 via :71,73,72,1,1,publish previous attributed event; defer current event
267,6,0xc06,BreezeCsrPipelineSpec.scala:67 via :72,73,72,1,1,publish previous attributed event; defer current event
268,4,0xb04,BreezeCsrPipelineSpec.scala:67 via :71,12392894087677221042,12392894087677221041,1,1,publish previous attributed event; defer current event
268,4,0xc04,BreezeCsrPipelineSpec.scala:67 via :72,12392894087677221042,12392894087677221041,1,1,publish previous attributed event; defer current event
269,4,0xb04,BreezeCsrPipelineSpec.scala:67 via :71,12392894087677221043,12392894087677221042,1,1,publish previous attributed event; defer current event
269,4,0xc04,BreezeCsrPipelineSpec.scala:67 via :72,12392894087677221043,12392894087677221042,1,1,publish previous attributed event; defer current event
270,3,0xb03,BreezeCsrPipelineSpec.scala:67 via :71,10383977809968989911,10383977809968989910,0,1,publish previous attributed event; defer current event
270,3,0xc03,BreezeCsrPipelineSpec.scala:67 via :72,10383977809968989911,10383977809968989910,0,1,publish previous attributed event; defer current event
270,4,0xb04,BreezeCsrPipelineSpec.scala:67 via :71,12392894087677221044,12392894087677221043,1,1,publish previous attributed event; defer current event
270,4,0xc04,BreezeCsrPipelineSpec.scala:67 via :72,12392894087677221044,12392894087677221043,1,1,publish previous attributed event; defer current event
272,6,0xb06,BreezeCsrPipelineSpec.scala:67 via :71,74,73,0,1,publish previous attributed event; defer current event
272,6,0xc06,BreezeCsrPipelineSpec.scala:67 via :72,74,73,0,1,publish previous attributed event; defer current event
273,3,0xb03,BreezeCsrPipelineSpec.scala:67 via :71,10383977809968989913,10383977809968989911,0,2,publish previous attributed event; defer current event
273,3,0xc03,BreezeCsrPipelineSpec.scala:67 via :72,10383977809968989913,10383977809968989911,0,2,publish previous attributed event; defer current event
273,4,0xb04,BreezeCsrPipelineSpec.scala:67 via :71,12392894087677221045,12392894087677221044,0,1,publish previous attributed event; defer current event
273,4,0xc04,BreezeCsrPipelineSpec.scala:67 via :72,12392894087677221045,12392894087677221044,0,1,publish previous attributed event; defer current event
273,6,0xb06,BreezeCsrPipelineSpec.scala:67 via :71,75,74,1,1,publish previous attributed event; defer current event
273,6,0xc06,BreezeCsrPipelineSpec.scala:67 via :72,75,74,1,1,publish previous attributed event; defer current event
274,7,0xb07,BreezeCsrPipelineSpec.scala:67 via :71,8662609218676674380,8662609218676674379,0,1,publish previous attributed event; defer current event
274,7,0xc07,BreezeCsrPipelineSpec.scala:67 via :72,8662609218676674380,8662609218676674379,0,1,publish previous attributed event; defer current event
275,3,0xb03,BreezeCsrPipelineSpec.scala:67 via :71,10383977809968989915,10383977809968989913,0,2,publish previous attributed event; defer current event
275,3,0xc03,BreezeCsrPipelineSpec.scala:67 via :72,10383977809968989915,10383977809968989913,0,2,publish previous attributed event; defer current event
275,4,0xb04,BreezeCsrPipelineSpec.scala:67 via :71,12392894087677221046,12392894087677221045,0,1,publish previous attributed event; defer current event
275,4,0xc04,BreezeCsrPipelineSpec.scala:67 via :72,12392894087677221046,12392894087677221045,0,1,publish previous attributed event; defer current event
275,6,0xb06,BreezeCsrPipelineSpec.scala:67 via :71,76,75,0,1,publish previous attributed event; defer current event
275,6,0xc06,BreezeCsrPipelineSpec.scala:67 via :72,76,75,0,1,publish previous attributed event; defer current event
275,7,0xb07,BreezeCsrPipelineSpec.scala:67 via :71,8662609218676674381,8662609218676674380,1,1,publish previous attributed event; defer current event
275,7,0xc07,BreezeCsrPipelineSpec.scala:67 via :72,8662609218676674381,8662609218676674380,1,1,publish previous attributed event; defer current event
276,4,0xb04,BreezeCsrPipelineSpec.scala:67 via :71,12392894087677221047,12392894087677221046,1,1,publish previous attributed event; defer current event
276,4,0xc04,BreezeCsrPipelineSpec.scala:67 via :72,12392894087677221047,12392894087677221046,1,1,publish previous attributed event; defer current event
276,7,0xb07,BreezeCsrPipelineSpec.scala:67 via :71,8662609218676674382,8662609218676674381,1,1,publish previous attributed event; defer current event
276,7,0xc07,BreezeCsrPipelineSpec.scala:67 via :72,8662609218676674382,8662609218676674381,1,1,publish previous attributed event; defer current event
276,8,0xb08,BreezeCsrPipelineSpec.scala:67 via :71,9246860776006104858,9246860776006104857,0,1,publish previous attributed event; defer current event
276,8,0xc08,BreezeCsrPipelineSpec.scala:67 via :72,9246860776006104858,9246860776006104857,0,1,publish previous attributed event; defer current event
277,4,0xb04,BreezeCsrPipelineSpec.scala:67 via :71,12392894087677221048,12392894087677221047,1,1,publish previous attributed event; defer current event
277,4,0xc04,BreezeCsrPipelineSpec.scala:67 via :72,12392894087677221048,12392894087677221047,1,1,publish previous attributed event; defer current event
277,7,0xb07,BreezeCsrPipelineSpec.scala:67 via :71,8662609218676674383,8662609218676674382,1,1,publish previous attributed event; defer current event
277,7,0xc07,BreezeCsrPipelineSpec.scala:67 via :72,8662609218676674383,8662609218676674382,1,1,publish previous attributed event; defer current event
278,3,0xb03,BreezeCsrPipelineSpec.scala:67 via :71,10383977809968989916,10383977809968989915,0,1,publish previous attributed event; defer current event
278,3,0xc03,BreezeCsrPipelineSpec.scala:67 via :72,10383977809968989916,10383977809968989915,0,1,publish previous attributed event; defer current event
278,8,0xb08,BreezeCsrPipelineSpec.scala:67 via :71,9246860776006104859,9246860776006104858,0,1,publish previous attributed event; defer current event
278,8,0xc08,BreezeCsrPipelineSpec.scala:67 via :72,9246860776006104859,9246860776006104858,0,1,publish previous attributed event; defer current event
279,3,0xb03,BreezeCsrPipelineSpec.scala:67 via :71,10383977809968989917,10383977809968989916,1,1,publish previous attributed event; defer current event
279,3,0xc03,BreezeCsrPipelineSpec.scala:67 via :72,10383977809968989917,10383977809968989916,1,1,publish previous attributed event; defer current event
279,6,0xb06,BreezeCsrPipelineSpec.scala:67 via :71,77,76,0,1,publish previous attributed event; defer current event
279,6,0xc06,BreezeCsrPipelineSpec.scala:67 via :72,77,76,0,1,publish previous attributed event; defer current event
279,7,0xb07,BreezeCsrPipelineSpec.scala:67 via :71,8641028683812426419,8641028683812426418,0,1,publish previous attributed event; defer current event
279,7,0xc07,BreezeCsrPipelineSpec.scala:67 via :72,8641028683812426419,8641028683812426418,0,1,publish previous attributed event; defer current event
279,8,0xb08,BreezeCsrPipelineSpec.scala:67 via :71,9246860776006104860,9246860776006104859,1,1,publish previous attributed event; defer current event
279,8,0xc08,BreezeCsrPipelineSpec.scala:67 via :72,9246860776006104860,9246860776006104859,1,1,publish previous attributed event; defer current event
280,4,0xb04,BreezeCsrPipelineSpec.scala:67 via :71,12392894087677221049,12392894087677221048,0,1,publish previous attributed event; defer current event
280,4,0xc04,BreezeCsrPipelineSpec.scala:67 via :72,12392894087677221049,12392894087677221048,0,1,publish previous attributed event; defer current event
280,6,0xb06,BreezeCsrPipelineSpec.scala:67 via :71,78,77,1,1,publish previous attributed event; defer current event
280,6,0xc06,BreezeCsrPipelineSpec.scala:67 via :72,78,77,1,1,publish previous attributed event; defer current event
280,7,0xb07,BreezeCsrPipelineSpec.scala:67 via :71,8641028683812426420,8641028683812426419,1,1,publish previous attributed event; defer current event
280,7,0xc07,BreezeCsrPipelineSpec.scala:67 via :72,8641028683812426420,8641028683812426419,1,1,publish previous attributed event; defer current event
280,8,0xb08,BreezeCsrPipelineSpec.scala:67 via :71,9246860776006104861,9246860776006104860,1,1,publish previous attributed event; defer current event
280,8,0xc08,BreezeCsrPipelineSpec.scala:67 via :72,9246860776006104861,9246860776006104860,1,1,publish previous attributed event; defer current event
281,3,0xb03,BreezeCsrPipelineSpec.scala:67 via :71,10383977809968989919,10383977809968989917,0,2,publish previous attributed event; defer current event
281,3,0xc03,BreezeCsrPipelineSpec.scala:67 via :72,10383977809968989919,10383977809968989917,0,2,publish previous attributed event; defer current event
281,10,0xb0a,BreezeCsrPipelineSpec.scala:67 via :71,17468891924512768442,17468891924512768440,0,2,publish previous attributed event; defer current event
281,10,0xc0a,BreezeCsrPipelineSpec.scala:67 via :72,17468891924512768442,17468891924512768440,0,2,publish previous attributed event; defer current event
283,3,0xb03,BreezeCsrPipelineSpec.scala:67 via :71,10383977809968989921,10383977809968989919,0,2,publish previous attributed event; defer current event
283,3,0xc03,BreezeCsrPipelineSpec.scala:67 via :72,10383977809968989921,10383977809968989919,0,2,publish previous attributed event; defer current event
283,6,0xb06,BreezeCsrPipelineSpec.scala:67 via :71,79,78,0,1,publish previous attributed event; defer current event
283,6,0xc06,BreezeCsrPipelineSpec.scala:67 via :72,79,78,0,1,publish previous attributed event; defer current event
283,10,0xb0a,BreezeCsrPipelineSpec.scala:67 via :71,17468891924512768444,17468891924512768442,0,2,publish previous attributed event; defer current event
283,10,0xc0a,BreezeCsrPipelineSpec.scala:67 via :72,17468891924512768444,17468891924512768442,0,2,publish previous attributed event; defer current event
284,3,0xb03,BreezeCsrPipelineSpec.scala:67 via :71,10383977809968989922,10383977809968989921,2,1,publish previous attributed event; defer current event
284,3,0xc03,BreezeCsrPipelineSpec.scala:67 via :72,10383977809968989922,10383977809968989921,2,1,publish previous attributed event; defer current event
284,6,0xb06,BreezeCsrPipelineSpec.scala:67 via :71,80,79,1,1,publish previous attributed event; defer current event
284,6,0xc06,BreezeCsrPipelineSpec.scala:67 via :72,80,79,1,1,publish previous attributed event; defer current event
284,7,0xb07,BreezeCsrPipelineSpec.scala:67 via :71,8641028683812426421,8641028683812426420,0,1,publish previous attributed event; defer current event
284,7,0xc07,BreezeCsrPipelineSpec.scala:67 via :72,8641028683812426421,8641028683812426420,0,1,publish previous attributed event; defer current event
284,10,0xb0a,BreezeCsrPipelineSpec.scala:67 via :71,17468891924512768445,17468891924512768444,2,1,publish previous attributed event; defer current event
284,10,0xc0a,BreezeCsrPipelineSpec.scala:67 via :72,17468891924512768445,17468891924512768444,2,1,publish previous attributed event; defer current event
285,7,0xb07,BreezeCsrPipelineSpec.scala:67 via :71,8641028683812426422,8641028683812426421,1,1,publish previous attributed event; defer current event
285,7,0xc07,BreezeCsrPipelineSpec.scala:67 via :72,8641028683812426422,8641028683812426421,1,1,publish previous attributed event; defer current event
286,3,0xb03,BreezeCsrPipelineSpec.scala:67 via :71,10383977809968989924,10383977809968989922,0,2,publish previous attributed event; defer current event
286,3,0xc03,BreezeCsrPipelineSpec.scala:67 via :72,10383977809968989924,10383977809968989922,0,2,publish previous attributed event; defer current event
286,6,0xb06,BreezeCsrPipelineSpec.scala:67 via :71,81,80,0,1,publish previous attributed event; defer current event
286,6,0xc06,BreezeCsrPipelineSpec.scala:67 via :72,81,80,0,1,publish previous attributed event; defer current event
286,7,0xb07,BreezeCsrPipelineSpec.scala:67 via :71,8641028683812426423,8641028683812426422,1,1,publish previous attributed event; defer current event
286,7,0xc07,BreezeCsrPipelineSpec.scala:67 via :72,8641028683812426423,8641028683812426422,1,1,publish previous attributed event; defer current event
286,10,0xb0a,BreezeCsrPipelineSpec.scala:67 via :71,17468891924512768447,17468891924512768445,0,2,publish previous attributed event; defer current event
286,10,0xc0a,BreezeCsrPipelineSpec.scala:67 via :72,17468891924512768447,17468891924512768445,0,2,publish previous attributed event; defer current event
287,7,0xb07,BreezeCsrPipelineSpec.scala:67 via :71,8641028683812426424,8641028683812426423,1,1,publish previous attributed event; defer current event
287,7,0xc07,BreezeCsrPipelineSpec.scala:67 via :72,8641028683812426424,8641028683812426423,1,1,publish previous attributed event; defer current event
288,3,0xb03,BreezeCsrPipelineSpec.scala:67 via :71,10383977809968989926,10383977809968989924,0,2,publish previous attributed event; defer current event
288,3,0xc03,BreezeCsrPipelineSpec.scala:67 via :72,10383977809968989926,10383977809968989924,0,2,publish previous attributed event; defer current event
288,6,0xb06,BreezeCsrPipelineSpec.scala:67 via :71,82,81,0,1,publish previous attributed event; defer current event
288,6,0xc06,BreezeCsrPipelineSpec.scala:67 via :72,82,81,0,1,publish previous attributed event; defer current event
288,7,0xb07,BreezeCsrPipelineSpec.scala:67 via :71,8641028683812426425,8641028683812426424,1,1,publish previous attributed event; defer current event
288,7,0xc07,BreezeCsrPipelineSpec.scala:67 via :72,8641028683812426425,8641028683812426424,1,1,publish previous attributed event; defer current event
288,10,0xb0a,BreezeCsrPipelineSpec.scala:67 via :71,17468891924512768449,17468891924512768447,0,2,publish previous attributed event; defer current event
288,10,0xc0a,BreezeCsrPipelineSpec.scala:67 via :72,17468891924512768449,17468891924512768447,0,2,publish previous attributed event; defer current event
289,3,0xb03,BreezeCsrPipelineSpec.scala:67 via :71,10383977809968989928,10383977809968989926,2,2,publish previous attributed event; defer current event
289,3,0xc03,BreezeCsrPipelineSpec.scala:67 via :72,10383977809968989928,10383977809968989926,2,2,publish previous attributed event; defer current event
289,6,0xb06,BreezeCsrPipelineSpec.scala:67 via :71,83,82,1,1,publish previous attributed event; defer current event
289,6,0xc06,BreezeCsrPipelineSpec.scala:67 via :72,83,82,1,1,publish previous attributed event; defer current event
289,7,0xb07,BreezeCsrPipelineSpec.scala:67 via :71,8641028683812426426,8641028683812426425,1,1,publish previous attributed event; defer current event
289,7,0xc07,BreezeCsrPipelineSpec.scala:67 via :72,8641028683812426426,8641028683812426425,1,1,publish previous attributed event; defer current event
289,10,0xb0a,BreezeCsrPipelineSpec.scala:67 via :71,17468891924512768451,17468891924512768449,2,2,publish previous attributed event; defer current event
289,10,0xc0a,BreezeCsrPipelineSpec.scala:67 via :72,17468891924512768451,17468891924512768449,2,2,publish previous attributed event; defer current event
290,3,0xb03,BreezeCsrPipelineSpec.scala:67 via :71,10383977809968989930,10383977809968989928,2,2,publish previous attributed event; defer current event
290,3,0xc03,BreezeCsrPipelineSpec.scala:67 via :72,10383977809968989930,10383977809968989928,2,2,publish previous attributed event; defer current event
290,7,0xb07,BreezeCsrPipelineSpec.scala:67 via :71,8641028683812426427,8641028683812426426,1,1,publish previous attributed event; defer current event
290,7,0xc07,BreezeCsrPipelineSpec.scala:67 via :72,8641028683812426427,8641028683812426426,1,1,publish previous attributed event; defer current event
290,10,0xb0a,BreezeCsrPipelineSpec.scala:67 via :71,17468891924512768453,17468891924512768451,2,2,publish previous attributed event; defer current event
290,10,0xc0a,BreezeCsrPipelineSpec.scala:67 via :72,17468891924512768453,17468891924512768451,2,2,publish previous attributed event; defer current event
291,3,0xb03,BreezeCsrPipelineSpec.scala:67 via :71,10383977809968989932,10383977809968989930,2,2,publish previous attributed event; defer current event
291,3,0xc03,BreezeCsrPipelineSpec.scala:67 via :72,10383977809968989932,10383977809968989930,2,2,publish previous attributed event; defer current event
291,6,0xb06,BreezeCsrPipelineSpec.scala:67 via :71,84,83,0,1,publish previous attributed event; defer current event
291,6,0xc06,BreezeCsrPipelineSpec.scala:67 via :72,84,83,0,1,publish previous attributed event; defer current event
291,7,0xb07,BreezeCsrPipelineSpec.scala:67 via :71,8641028683812426428,8641028683812426427,1,1,publish previous attributed event; defer current event
291,7,0xc07,BreezeCsrPipelineSpec.scala:67 via :72,8641028683812426428,8641028683812426427,1,1,publish previous attributed event; defer current event
291,10,0xb0a,BreezeCsrPipelineSpec.scala:67 via :71,17468891924512768455,17468891924512768453,2,2,publish previous attributed event; defer current event
291,10,0xc0a,BreezeCsrPipelineSpec.scala:67 via :72,17468891924512768455,17468891924512768453,2,2,publish previous attributed event; defer current event
292,3,0xb03,BreezeCsrPipelineSpec.scala:67 via :71,10383977809968989934,10383977809968989932,2,2,publish previous attributed event; defer current event
292,3,0xc03,BreezeCsrPipelineSpec.scala:67 via :72,10383977809968989934,10383977809968989932,2,2,publish previous attributed event; defer current event
292,6,0xb06,BreezeCsrPipelineSpec.scala:67 via :71,85,84,1,1,publish previous attributed event; defer current event
292,6,0xc06,BreezeCsrPipelineSpec.scala:67 via :72,85,84,1,1,publish previous attributed event; defer current event
292,10,0xb0a,BreezeCsrPipelineSpec.scala:67 via :71,17468891924512768457,17468891924512768455,2,2,publish previous attributed event; defer current event
292,10,0xc0a,BreezeCsrPipelineSpec.scala:67 via :72,17468891924512768457,17468891924512768455,2,2,publish previous attributed event; defer current event
293,10,0xb0a,BreezeCsrPipelineSpec.scala:67 via :71,17468891924512768459,17468891924512768457,2,2,publish previous attributed event; defer current event
293,10,0xc0a,BreezeCsrPipelineSpec.scala:67 via :72,17468891924512768459,17468891924512768457,2,2,publish previous attributed event; defer current event
294,10,0xb0a,BreezeCsrPipelineSpec.scala:67 via :71,17468891924512768460,17468891924512768459,2,1,publish previous attributed event; defer current event
294,10,0xc0a,BreezeCsrPipelineSpec.scala:67 via :72,17468891924512768460,17468891924512768459,2,1,publish previous attributed event; defer current event
295,10,0xb0a,BreezeCsrPipelineSpec.scala:67 via :71,17468891924512768462,17468891924512768460,1,2,publish previous attributed event; defer current event
295,10,0xc0a,BreezeCsrPipelineSpec.scala:67 via :72,17468891924512768462,17468891924512768460,1,2,publish previous attributed event; defer current event
296,3,0xb03,BreezeCsrPipelineSpec.scala:67 via :71,10383977809968989935,10383977809968989934,0,1,publish previous attributed event; defer current event
296,3,0xc03,BreezeCsrPipelineSpec.scala:67 via :72,10383977809968989935,10383977809968989934,0,1,publish previous attributed event; defer current event
296,9,0xb09,BreezeCsrPipelineSpec.scala:67 via :71,5672420752220315211,5672420752220315210,0,1,publish previous attributed event; defer current event
296,9,0xc09,BreezeCsrPipelineSpec.scala:67 via :72,5672420752220315211,5672420752220315210,0,1,publish previous attributed event; defer current event
296,10,0xb0a,BreezeCsrPipelineSpec.scala:67 via :71,17468891924512768463,17468891924512768462,2,1,publish previous attributed event; defer current event
296,10,0xc0a,BreezeCsrPipelineSpec.scala:67 via :72,17468891924512768463,17468891924512768462,2,1,publish previous attributed event; defer current event
298,6,0xb06,BreezeCsrPipelineSpec.scala:67 via :71,86,85,0,1,publish previous attributed event; defer current event
298,6,0xc06,BreezeCsrPipelineSpec.scala:67 via :72,86,85,0,1,publish previous attributed event; defer current event
299,7,0xb07,BreezeCsrPipelineSpec.scala:67 via :71,8641028683812426429,8641028683812426428,0,1,publish previous attributed event; defer current event
299,7,0xc07,BreezeCsrPipelineSpec.scala:67 via :72,8641028683812426429,8641028683812426428,0,1,publish previous attributed event; defer current event
301,4,0xb04,BreezeCsrPipelineSpec.scala:67 via :71,15956207248708944134,15956207248708944133,0,1,publish previous attributed event; defer current event
301,4,0xc04,BreezeCsrPipelineSpec.scala:67 via :72,15956207248708944134,15956207248708944133,0,1,publish previous attributed event; defer current event
301,7,0xb07,BreezeCsrPipelineSpec.scala:67 via :71,8641028683812426430,8641028683812426429,0,1,publish previous attributed event; defer current event
301,7,0xc07,BreezeCsrPipelineSpec.scala:67 via :72,8641028683812426430,8641028683812426429,0,1,publish previous attributed event; defer current event
301,8,0xb08,BreezeCsrPipelineSpec.scala:67 via :71,9246860776006104862,9246860776006104861,0,1,publish previous attributed event; defer current event
301,8,0xc08,BreezeCsrPipelineSpec.scala:67 via :72,9246860776006104862,9246860776006104861,0,1,publish previous attributed event; defer current event
301,9,0xb09,BreezeCsrPipelineSpec.scala:67 via :71,5672420752220315212,5672420752220315211,0,1,publish previous attributed event; defer current event
301,9,0xc09,BreezeCsrPipelineSpec.scala:67 via :72,5672420752220315212,5672420752220315211,0,1,publish previous attributed event; defer current event
302,8,0xb08,BreezeCsrPipelineSpec.scala:67 via :71,9246860776006104863,9246860776006104862,1,1,publish previous attributed event; defer current event
302,8,0xc08,BreezeCsrPipelineSpec.scala:67 via :72,9246860776006104863,9246860776006104862,1,1,publish previous attributed event; defer current event
303,4,0xb04,BreezeCsrPipelineSpec.scala:67 via :71,15956207248708944135,15956207248708944134,0,1,publish previous attributed event; defer current event
303,4,0xc04,BreezeCsrPipelineSpec.scala:67 via :72,15956207248708944135,15956207248708944134,0,1,publish previous attributed event; defer current event
303,7,0xb07,BreezeCsrPipelineSpec.scala:67 via :71,8641028683812426431,8641028683812426430,0,1,publish previous attributed event; defer current event
303,7,0xc07,BreezeCsrPipelineSpec.scala:67 via :72,8641028683812426431,8641028683812426430,0,1,publish previous attributed event; defer current event
303,8,0xb08,BreezeCsrPipelineSpec.scala:67 via :71,9246860776006104864,9246860776006104863,1,1,publish previous attributed event; defer current event
303,8,0xc08,BreezeCsrPipelineSpec.scala:67 via :72,9246860776006104864,9246860776006104863,1,1,publish previous attributed event; defer current event
303,9,0xb09,BreezeCsrPipelineSpec.scala:67 via :71,5672420752220315213,5672420752220315212,0,1,publish previous attributed event; defer current event
303,9,0xc09,BreezeCsrPipelineSpec.scala:67 via :72,5672420752220315213,5672420752220315212,0,1,publish previous attributed event; defer current event
305,4,0xb04,BreezeCsrPipelineSpec.scala:67 via :71,15956207248708944136,15956207248708944135,0,1,publish previous attributed event; defer current event
305,4,0xc04,BreezeCsrPipelineSpec.scala:67 via :72,15956207248708944136,15956207248708944135,0,1,publish previous attributed event; defer current event
305,9,0xb09,BreezeCsrPipelineSpec.scala:67 via :71,5672420752220315214,5672420752220315213,0,1,publish previous attributed event; defer current event
305,9,0xc09,BreezeCsrPipelineSpec.scala:67 via :72,5672420752220315214,5672420752220315213,0,1,publish previous attributed event; defer current event
306,8,0xb08,BreezeCsrPipelineSpec.scala:67 via :71,9246860776006104865,9246860776006104864,0,1,publish previous attributed event; defer current event
306,8,0xc08,BreezeCsrPipelineSpec.scala:67 via :72,9246860776006104865,9246860776006104864,0,1,publish previous attributed event; defer current event
307,8,0xb08,BreezeCsrPipelineSpec.scala:67 via :71,9246860776006104866,9246860776006104865,1,1,publish previous attributed event; defer current event
307,8,0xc08,BreezeCsrPipelineSpec.scala:67 via :72,9246860776006104866,9246860776006104865,1,1,publish previous attributed event; defer current event
308,4,0xb04,BreezeCsrPipelineSpec.scala:67 via :71,15956207248708944137,15956207248708944136,0,1,publish previous attributed event; defer current event
308,4,0xc04,BreezeCsrPipelineSpec.scala:67 via :72,15956207248708944137,15956207248708944136,0,1,publish previous attributed event; defer current event
308,9,0xb09,BreezeCsrPipelineSpec.scala:67 via :71,5672420752220315215,5672420752220315214,0,1,publish previous attributed event; defer current event
308,9,0xc09,BreezeCsrPipelineSpec.scala:67 via :72,5672420752220315215,5672420752220315214,0,1,publish previous attributed event; defer current event
309,4,0xb04,BreezeCsrPipelineSpec.scala:67 via :71,15956207248708944138,15956207248708944137,1,1,publish previous attributed event; defer current event
309,4,0xc04,BreezeCsrPipelineSpec.scala:67 via :72,15956207248708944138,15956207248708944137,1,1,publish previous attributed event; defer current event
310,4,0xb04,BreezeCsrPipelineSpec.scala:67 via :71,15956207248708944139,15956207248708944138,1,1,publish previous attributed event; defer current event
310,4,0xc04,BreezeCsrPipelineSpec.scala:67 via :72,15956207248708944139,15956207248708944138,1,1,publish previous attributed event; defer current event
310,8,0xb08,BreezeCsrPipelineSpec.scala:67 via :71,9246860776006104867,9246860776006104866,0,1,publish previous attributed event; defer current event
310,8,0xc08,BreezeCsrPipelineSpec.scala:67 via :72,9246860776006104867,9246860776006104866,0,1,publish previous attributed event; defer current event
311,4,0xb04,BreezeCsrPipelineSpec.scala:67 via :71,15956207248708944140,15956207248708944139,1,1,publish previous attributed event; defer current event
311,4,0xc04,BreezeCsrPipelineSpec.scala:67 via :72,15956207248708944140,15956207248708944139,1,1,publish previous attributed event; defer current event
311,8,0xb08,BreezeCsrPipelineSpec.scala:67 via :71,9246860776006104868,9246860776006104867,1,1,publish previous attributed event; defer current event
311,8,0xc08,BreezeCsrPipelineSpec.scala:67 via :72,9246860776006104868,9246860776006104867,1,1,publish previous attributed event; defer current event
311,9,0xb09,BreezeCsrPipelineSpec.scala:67 via :71,5672420752220315216,5672420752220315215,0,1,publish previous attributed event; defer current event
311,9,0xc09,BreezeCsrPipelineSpec.scala:67 via :72,5672420752220315216,5672420752220315215,0,1,publish previous attributed event; defer current event
312,9,0xb09,BreezeCsrPipelineSpec.scala:67 via :71,5672420752220315217,5672420752220315216,1,1,publish previous attributed event; defer current event
312,9,0xc09,BreezeCsrPipelineSpec.scala:67 via :72,5672420752220315217,5672420752220315216,1,1,publish previous attributed event; defer current event
314,4,0xb04,BreezeCsrPipelineSpec.scala:67 via :71,15956207248708944141,15956207248708944140,0,1,publish previous attributed event; defer current event
314,4,0xc04,BreezeCsrPipelineSpec.scala:67 via :72,15956207248708944141,15956207248708944140,0,1,publish previous attributed event; defer current event
314,9,0xb09,BreezeCsrPipelineSpec.scala:67 via :71,5672420752220315218,5672420752220315217,0,1,publish previous attributed event; defer current event
314,9,0xc09,BreezeCsrPipelineSpec.scala:67 via :72,5672420752220315218,5672420752220315217,0,1,publish previous attributed event; defer current event
315,4,0xb04,BreezeCsrPipelineSpec.scala:67 via :71,15956207248708944142,15956207248708944141,1,1,publish previous attributed event; defer current event
315,4,0xc04,BreezeCsrPipelineSpec.scala:67 via :72,15956207248708944142,15956207248708944141,1,1,publish previous attributed event; defer current event
315,6,0xb06,BreezeCsrPipelineSpec.scala:67 via :71,87,86,0,1,publish previous attributed event; defer current event
315,6,0xc06,BreezeCsrPipelineSpec.scala:67 via :72,87,86,0,1,publish previous attributed event; defer current event
316,4,0xb04,BreezeCsrPipelineSpec.scala:67 via :71,15956207248708944143,15956207248708944142,1,1,publish previous attributed event; defer current event
316,4,0xc04,BreezeCsrPipelineSpec.scala:67 via :72,15956207248708944143,15956207248708944142,1,1,publish previous attributed event; defer current event
316,6,0xb06,BreezeCsrPipelineSpec.scala:67 via :71,88,87,1,1,publish previous attributed event; defer current event
316,6,0xc06,BreezeCsrPipelineSpec.scala:67 via :72,88,87,1,1,publish previous attributed event; defer current event
317,3,0xb03,BreezeCsrPipelineSpec.scala:67 via :71,10383977809968989937,10383977809968989935,0,2,publish previous attributed event; defer current event
317,3,0xc03,BreezeCsrPipelineSpec.scala:67 via :72,10383977809968989937,10383977809968989935,0,2,publish previous attributed event; defer current event
317,4,0xb04,BreezeCsrPipelineSpec.scala:67 via :71,15956207248708944144,15956207248708944143,1,1,publish previous attributed event; defer current event
317,4,0xc04,BreezeCsrPipelineSpec.scala:67 via :72,15956207248708944144,15956207248708944143,1,1,publish previous attributed event; defer current event
317,6,0xb06,BreezeCsrPipelineSpec.scala:67 via :71,89,88,1,1,publish previous attributed event; defer current event
317,6,0xc06,BreezeCsrPipelineSpec.scala:67 via :72,89,88,1,1,publish previous attributed event; defer current event
318,3,0xb03,BreezeCsrPipelineSpec.scala:67 via :71,10383977809968989939,10383977809968989937,2,2,publish previous attributed event; defer current event
318,3,0xc03,BreezeCsrPipelineSpec.scala:67 via :72,10383977809968989939,10383977809968989937,2,2,publish previous attributed event; defer current event
318,4,0xb04,BreezeCsrPipelineSpec.scala:67 via :71,15956207248708944145,15956207248708944144,1,1,publish previous attributed event; defer current event
318,4,0xc04,BreezeCsrPipelineSpec.scala:67 via :72,15956207248708944145,15956207248708944144,1,1,publish previous attributed event; defer current event
319,9,0xb09,BreezeCsrPipelineSpec.scala:67 via :71,5672420752220315219,5672420752220315218,0,1,publish previous attributed event; defer current event
319,9,0xc09,BreezeCsrPipelineSpec.scala:67 via :72,5672420752220315219,5672420752220315218,0,1,publish previous attributed event; defer current event
320,6,0xb06,BreezeCsrPipelineSpec.scala:67 via :71,90,89,0,1,publish previous attributed event; defer current event
320,6,0xc06,BreezeCsrPipelineSpec.scala:67 via :72,90,89,0,1,publish previous attributed event; defer current event
321,3,0xb03,BreezeCsrPipelineSpec.scala:67 via :71,10383977809968989940,10383977809968989939,0,1,publish previous attributed event; defer current event
321,3,0xc03,BreezeCsrPipelineSpec.scala:67 via :72,10383977809968989940,10383977809968989939,0,1,publish previous attributed event; defer current event
321,4,0xb04,BreezeCsrPipelineSpec.scala:67 via :71,15956207248708944146,15956207248708944145,0,1,publish previous attributed event; defer current event
321,4,0xc04,BreezeCsrPipelineSpec.scala:67 via :72,15956207248708944146,15956207248708944145,0,1,publish previous attributed event; defer current event
322,3,0xb03,BreezeCsrPipelineSpec.scala:67 via :71,10383977809968989942,10383977809968989940,1,2,publish previous attributed event; defer current event
322,3,0xc03,BreezeCsrPipelineSpec.scala:67 via :72,10383977809968989942,10383977809968989940,1,2,publish previous attributed event; defer current event
323,3,0xb03,BreezeCsrPipelineSpec.scala:67 via :71,10383977809968989943,10383977809968989942,2,1,publish previous attributed event; defer current event
323,3,0xc03,BreezeCsrPipelineSpec.scala:67 via :72,10383977809968989943,10383977809968989942,2,1,publish previous attributed event; defer current event
323,4,0xb04,BreezeCsrPipelineSpec.scala:67 via :71,15956207248708944147,15956207248708944146,0,1,publish previous attributed event; defer current event
323,4,0xc04,BreezeCsrPipelineSpec.scala:67 via :72,15956207248708944147,15956207248708944146,0,1,publish previous attributed event; defer current event
324,3,0xb03,BreezeCsrPipelineSpec.scala:67 via :71,10383977809968989945,10383977809968989943,1,2,publish previous attributed event; defer current event
324,3,0xc03,BreezeCsrPipelineSpec.scala:67 via :72,10383977809968989945,10383977809968989943,1,2,publish previous attributed event; defer current event
324,4,0xb04,BreezeCsrPipelineSpec.scala:67 via :71,15956207248708944148,15956207248708944147,1,1,publish previous attributed event; defer current event
324,4,0xc04,BreezeCsrPipelineSpec.scala:67 via :72,15956207248708944148,15956207248708944147,1,1,publish previous attributed event; defer current event
324,6,0xb06,BreezeCsrPipelineSpec.scala:67 via :71,91,90,0,1,publish previous attributed event; defer current event
324,6,0xc06,BreezeCsrPipelineSpec.scala:67 via :72,91,90,0,1,publish previous attributed event; defer current event
324,9,0xb09,BreezeCsrPipelineSpec.scala:67 via :71,5672420752220315220,5672420752220315219,0,1,publish previous attributed event; defer current event
324,9,0xc09,BreezeCsrPipelineSpec.scala:67 via :72,5672420752220315220,5672420752220315219,0,1,publish previous attributed event; defer current event
325,3,0xb03,BreezeCsrPipelineSpec.scala:67 via :71,10383977809968989947,10383977809968989945,2,2,publish previous attributed event; defer current event
325,3,0xc03,BreezeCsrPipelineSpec.scala:67 via :72,10383977809968989947,10383977809968989945,2,2,publish previous attributed event; defer current event
325,4,0xb04,BreezeCsrPipelineSpec.scala:67 via :71,15956207248708944149,15956207248708944148,1,1,publish previous attributed event; defer current event
325,4,0xc04,BreezeCsrPipelineSpec.scala:67 via :72,15956207248708944149,15956207248708944148,1,1,publish previous attributed event; defer current event
325,9,0xb09,BreezeCsrPipelineSpec.scala:67 via :71,5672420752220315221,5672420752220315220,1,1,publish previous attributed event; defer current event
325,9,0xc09,BreezeCsrPipelineSpec.scala:67 via :72,5672420752220315221,5672420752220315220,1,1,publish previous attributed event; defer current event
326,3,0xb03,BreezeCsrPipelineSpec.scala:67 via :71,10383977809968989949,10383977809968989947,2,2,publish previous attributed event; defer current event
326,3,0xc03,BreezeCsrPipelineSpec.scala:67 via :72,10383977809968989949,10383977809968989947,2,2,publish previous attributed event; defer current event
326,6,0xb06,BreezeCsrPipelineSpec.scala:67 via :71,92,91,0,1,publish previous attributed event; defer current event
326,6,0xc06,BreezeCsrPipelineSpec.scala:67 via :72,92,91,0,1,publish previous attributed event; defer current event
326,9,0xb09,BreezeCsrPipelineSpec.scala:67 via :71,5672420752220315222,5672420752220315221,1,1,publish previous attributed event; defer current event
326,9,0xc09,BreezeCsrPipelineSpec.scala:67 via :72,5672420752220315222,5672420752220315221,1,1,publish previous attributed event; defer current event
328,3,0xb03,BreezeCsrPipelineSpec.scala:67 via :71,10383977809968989951,10383977809968989949,0,2,publish previous attributed event; defer current event
328,3,0xc03,BreezeCsrPipelineSpec.scala:67 via :72,10383977809968989951,10383977809968989949,0,2,publish previous attributed event; defer current event
329,3,0xb03,BreezeCsrPipelineSpec.scala:67 via :71,10383977809968989952,10383977809968989951,2,1,publish previous attributed event; defer current event
329,3,0xc03,BreezeCsrPipelineSpec.scala:67 via :72,10383977809968989952,10383977809968989951,2,1,publish previous attributed event; defer current event
329,4,0xb04,BreezeCsrPipelineSpec.scala:67 via :71,15956207248708944150,15956207248708944149,0,1,publish previous attributed event; defer current event
329,4,0xc04,BreezeCsrPipelineSpec.scala:67 via :72,15956207248708944150,15956207248708944149,0,1,publish previous attributed event; defer current event
330,3,0xb03,BreezeCsrPipelineSpec.scala:67 via :71,10383977809968989953,10383977809968989952,1,1,publish previous attributed event; defer current event
330,3,0xc03,BreezeCsrPipelineSpec.scala:67 via :72,10383977809968989953,10383977809968989952,1,1,publish previous attributed event; defer current event
331,4,0xb04,BreezeCsrPipelineSpec.scala:67 via :71,15956207248708944151,15956207248708944150,0,1,publish previous attributed event; defer current event
331,4,0xc04,BreezeCsrPipelineSpec.scala:67 via :72,15956207248708944151,15956207248708944150,0,1,publish previous attributed event; defer current event
332,3,0xb03,BreezeCsrPipelineSpec.scala:67 via :71,10383977809968989954,10383977809968989953,0,1,publish previous attributed event; defer current event
332,3,0xc03,BreezeCsrPipelineSpec.scala:67 via :72,10383977809968989954,10383977809968989953,0,1,publish previous attributed event; defer current event
332,4,0xb04,BreezeCsrPipelineSpec.scala:67 via :71,15956207248708944152,15956207248708944151,1,1,publish previous attributed event; defer current event
332,4,0xc04,BreezeCsrPipelineSpec.scala:67 via :72,15956207248708944152,15956207248708944151,1,1,publish previous attributed event; defer current event
333,3,0xb03,BreezeCsrPipelineSpec.scala:67 via :71,10383977809968989955,10383977809968989954,1,1,publish previous attributed event; defer current event
333,3,0xc03,BreezeCsrPipelineSpec.scala:67 via :72,10383977809968989955,10383977809968989954,1,1,publish previous attributed event; defer current event
335,3,0xb03,BreezeCsrPipelineSpec.scala:67 via :71,10383977809968989956,10383977809968989955,0,1,publish previous attributed event; defer current event
335,3,0xc03,BreezeCsrPipelineSpec.scala:67 via :72,10383977809968989956,10383977809968989955,0,1,publish previous attributed event; defer current event
335,4,0xb04,BreezeCsrPipelineSpec.scala:67 via :71,15956207248708944153,15956207248708944152,0,1,publish previous attributed event; defer current event
335,4,0xc04,BreezeCsrPipelineSpec.scala:67 via :72,15956207248708944153,15956207248708944152,0,1,publish previous attributed event; defer current event
336,3,0xb03,BreezeCsrPipelineSpec.scala:67 via :71,10383977809968989958,10383977809968989956,1,2,publish previous attributed event; defer current event
336,3,0xc03,BreezeCsrPipelineSpec.scala:67 via :72,10383977809968989958,10383977809968989956,1,2,publish previous attributed event; defer current event
337,3,0xb03,BreezeCsrPipelineSpec.scala:67 via :71,10383977809968989960,10383977809968989958,2,2,publish previous attributed event; defer current event
337,3,0xc03,BreezeCsrPipelineSpec.scala:67 via :72,10383977809968989960,10383977809968989958,2,2,publish previous attributed event; defer current event
338,3,0xb03,BreezeCsrPipelineSpec.scala:67 via :71,10383977809968989961,10383977809968989960,2,1,publish previous attributed event; defer current event
338,3,0xc03,BreezeCsrPipelineSpec.scala:67 via :72,10383977809968989961,10383977809968989960,2,1,publish previous attributed event; defer current event
338,4,0xb04,BreezeCsrPipelineSpec.scala:67 via :71,15956207248708944154,15956207248708944153,0,1,publish previous attributed event; defer current event
338,4,0xc04,BreezeCsrPipelineSpec.scala:67 via :72,15956207248708944154,15956207248708944153,0,1,publish previous attributed event; defer current event
341,3,0xb03,BreezeCsrPipelineSpec.scala:67 via :71,10383977809968989963,10383977809968989961,0,2,publish previous attributed event; defer current event
341,3,0xc03,BreezeCsrPipelineSpec.scala:67 via :72,10383977809968989963,10383977809968989961,0,2,publish previous attributed event; defer current event
341,4,0xb04,BreezeCsrPipelineSpec.scala:67 via :71,15956207248708944155,15956207248708944154,0,1,publish previous attributed event; defer current event
341,4,0xc04,BreezeCsrPipelineSpec.scala:67 via :72,15956207248708944155,15956207248708944154,0,1,publish previous attributed event; defer current event
342,9,0xb09,BreezeCsrPipelineSpec.scala:67 via :71,5672420752220315223,5672420752220315222,0,1,publish previous attributed event; defer current event
342,9,0xc09,BreezeCsrPipelineSpec.scala:67 via :72,5672420752220315223,5672420752220315222,0,1,publish previous attributed event; defer current event
343,9,0xb09,BreezeCsrPipelineSpec.scala:67 via :71,5672420752220315224,5672420752220315223,1,1,publish previous attributed event; defer current event
343,9,0xc09,BreezeCsrPipelineSpec.scala:67 via :72,5672420752220315224,5672420752220315223,1,1,publish previous attributed event; defer current event
345,9,0xb09,BreezeCsrPipelineSpec.scala:67 via :71,5672420752220315225,5672420752220315224,0,1,publish previous attributed event; defer current event
345,9,0xc09,BreezeCsrPipelineSpec.scala:67 via :72,5672420752220315225,5672420752220315224,0,1,publish previous attributed event; defer current event
347,9,0xb09,BreezeCsrPipelineSpec.scala:67 via :71,5672420752220315226,5672420752220315225,0,1,publish previous attributed event; defer current event
347,9,0xc09,BreezeCsrPipelineSpec.scala:67 via :72,5672420752220315226,5672420752220315225,0,1,publish previous attributed event; defer current event
349,9,0xb09,BreezeCsrPipelineSpec.scala:67 via :71,5672420752220315227,5672420752220315226,0,1,publish previous attributed event; defer current event
349,9,0xc09,BreezeCsrPipelineSpec.scala:67 via :72,5672420752220315227,5672420752220315226,0,1,publish previous attributed event; defer current event
351,9,0xb09,BreezeCsrPipelineSpec.scala:67 via :71,5672420752220315228,5672420752220315227,0,1,publish previous attributed event; defer current event
351,9,0xc09,BreezeCsrPipelineSpec.scala:67 via :72,5672420752220315228,5672420752220315227,0,1,publish previous attributed event; defer current event
352,9,0xb09,BreezeCsrPipelineSpec.scala:67 via :71,5672420752220315229,5672420752220315228,1,1,publish previous attributed event; defer current event
352,9,0xc09,BreezeCsrPipelineSpec.scala:67 via :72,5672420752220315229,5672420752220315228,1,1,publish previous attributed event; defer current event
353,9,0xb09,BreezeCsrPipelineSpec.scala:67 via :71,5672420752220315230,5672420752220315229,1,1,publish previous attributed event; defer current event
353,9,0xc09,BreezeCsrPipelineSpec.scala:67 via :72,5672420752220315230,5672420752220315229,1,1,publish previous attributed event; defer current event
354,9,0xb09,BreezeCsrPipelineSpec.scala:67 via :71,5672420752220315231,5672420752220315230,1,1,publish previous attributed event; defer current event
354,9,0xc09,BreezeCsrPipelineSpec.scala:67 via :72,5672420752220315231,5672420752220315230,1,1,publish previous attributed event; defer current event
356,9,0xb09,BreezeCsrPipelineSpec.scala:67 via :71,5672420752220315232,5672420752220315231,0,1,publish previous attributed event; defer current event
356,9,0xc09,BreezeCsrPipelineSpec.scala:67 via :72,5672420752220315232,5672420752220315231,0,1,publish previous attributed event; defer current event
357,9,0xb09,BreezeCsrPipelineSpec.scala:67 via :71,5672420752220315233,5672420752220315232,1,1,publish previous attributed event; defer current event
357,9,0xc09,BreezeCsrPipelineSpec.scala:67 via :72,5672420752220315233,5672420752220315232,1,1,publish previous attributed event; defer current event
360,9,0xb09,BreezeCsrPipelineSpec.scala:67 via :71,5672420752220315234,5672420752220315233,0,1,publish previous attributed event; defer current event
360,9,0xc09,BreezeCsrPipelineSpec.scala:67 via :72,5672420752220315234,5672420752220315233,0,1,publish previous attributed event; defer current event
361,9,0xb09,BreezeCsrPipelineSpec.scala:67 via :71,5672420752220315235,5672420752220315234,1,1,publish previous attributed event; defer current event
361,9,0xc09,BreezeCsrPipelineSpec.scala:67 via :72,5672420752220315235,5672420752220315234,1,1,publish previous attributed event; defer current event
363,9,0xb09,BreezeCsrPipelineSpec.scala:67 via :71,5672420752220315236,5672420752220315235,0,1,publish previous attributed event; defer current event
363,9,0xc09,BreezeCsrPipelineSpec.scala:67 via :72,5672420752220315236,5672420752220315235,0,1,publish previous attributed event; defer current event
364,9,0xb09,BreezeCsrPipelineSpec.scala:67 via :71,5672420752220315237,5672420752220315236,1,1,publish previous attributed event; defer current event
364,9,0xc09,BreezeCsrPipelineSpec.scala:67 via :72,5672420752220315237,5672420752220315236,1,1,publish previous attributed event; defer current event
365,9,0xb09,BreezeCsrPipelineSpec.scala:67 via :71,5672420752220315238,5672420752220315237,1,1,publish previous attributed event; defer current event
365,9,0xc09,BreezeCsrPipelineSpec.scala:67 via :72,5672420752220315238,5672420752220315237,1,1,publish previous attributed event; defer current event
366,9,0xb09,BreezeCsrPipelineSpec.scala:67 via :71,5672420752220315239,5672420752220315238,1,1,publish previous attributed event; defer current event
366,9,0xc09,BreezeCsrPipelineSpec.scala:67 via :72,5672420752220315239,5672420752220315238,1,1,publish previous attributed event; defer current event
368,9,0xb09,BreezeCsrPipelineSpec.scala:67 via :71,5672420752220315240,5672420752220315239,0,1,publish previous attributed event; defer current event
368,9,0xc09,BreezeCsrPipelineSpec.scala:67 via :72,5672420752220315240,5672420752220315239,0,1,publish previous attributed event; defer current event
371,9,0xb09,BreezeCsrPipelineSpec.scala:67 via :71,5672420752220315241,5672420752220315240,0,1,publish previous attributed event; defer current event
371,9,0xc09,BreezeCsrPipelineSpec.scala:67 via :72,5672420752220315241,5672420752220315240,0,1,publish previous attributed event; defer current event
372,9,0xb09,BreezeCsrPipelineSpec.scala:67 via :71,5672420752220315242,5672420752220315241,1,1,publish previous attributed event; defer current event
372,9,0xc09,BreezeCsrPipelineSpec.scala:67 via :72,5672420752220315242,5672420752220315241,1,1,publish previous attributed event; defer current event
375,9,0xb09,BreezeCsrPipelineSpec.scala:67 via :71,5672420752220315243,5672420752220315242,0,1,publish previous attributed event; defer current event
375,9,0xc09,BreezeCsrPipelineSpec.scala:67 via :72,5672420752220315243,5672420752220315242,0,1,publish previous attributed event; defer current event
376,4,0xb04,BreezeCsrPipelineSpec.scala:67 via :71,15956207248708944156,15956207248708944155,0,1,publish previous attributed event; defer current event
376,4,0xc04,BreezeCsrPipelineSpec.scala:67 via :72,15956207248708944156,15956207248708944155,0,1,publish previous attributed event; defer current event
376,6,0xb06,BreezeCsrPipelineSpec.scala:67 via :71,5252940705628457485,5252940705628457484,0,1,publish previous attributed event; defer current event
376,6,0xc06,BreezeCsrPipelineSpec.scala:67 via :72,5252940705628457485,5252940705628457484,0,1,publish previous attributed event; defer current event
376,7,0xb07,BreezeCsrPipelineSpec.scala:67 via :71,15169616647427952871,15169616647427952870,0,1,publish previous attributed event; defer current event
376,7,0xc07,BreezeCsrPipelineSpec.scala:67 via :72,15169616647427952871,15169616647427952870,0,1,publish previous attributed event; defer current event
376,9,0xb09,BreezeCsrPipelineSpec.scala:67 via :71,5672420752220315244,5672420752220315243,1,1,publish previous attributed event; defer current event
376,9,0xc09,BreezeCsrPipelineSpec.scala:67 via :72,5672420752220315244,5672420752220315243,1,1,publish previous attributed event; defer current event
377,3,0xb03,BreezeCsrPipelineSpec.scala:67 via :71,4612390339627580626,4612390339627580624,0,2,publish previous attributed event; defer current event
377,3,0xc03,BreezeCsrPipelineSpec.scala:67 via :72,4612390339627580626,4612390339627580624,0,2,publish previous attributed event; defer current event
378,3,0xb03,BreezeCsrPipelineSpec.scala:67 via :71,4612390339627580627,4612390339627580626,2,1,publish previous attributed event; defer current event
378,3,0xc03,BreezeCsrPipelineSpec.scala:67 via :72,4612390339627580627,4612390339627580626,2,1,publish previous attributed event; defer current event
378,4,0xb04,BreezeCsrPipelineSpec.scala:67 via :71,15956207248708944157,15956207248708944156,0,1,publish previous attributed event; defer current event
378,4,0xc04,BreezeCsrPipelineSpec.scala:67 via :72,15956207248708944157,15956207248708944156,0,1,publish previous attributed event; defer current event
378,6,0xb06,BreezeCsrPipelineSpec.scala:67 via :71,5252940705628457486,5252940705628457485,0,1,publish previous attributed event; defer current event
378,6,0xc06,BreezeCsrPipelineSpec.scala:67 via :72,5252940705628457486,5252940705628457485,0,1,publish previous attributed event; defer current event
378,9,0xb09,BreezeCsrPipelineSpec.scala:67 via :71,5672420752220315245,5672420752220315244,0,1,publish previous attributed event; defer current event
378,9,0xc09,BreezeCsrPipelineSpec.scala:67 via :72,5672420752220315245,5672420752220315244,0,1,publish previous attributed event; defer current event
379,3,0xb03,BreezeCsrPipelineSpec.scala:67 via :71,4612390339627580629,4612390339627580627,1,2,publish previous attributed event; defer current event
379,3,0xc03,BreezeCsrPipelineSpec.scala:67 via :72,4612390339627580629,4612390339627580627,1,2,publish previous attributed event; defer current event
379,4,0xb04,BreezeCsrPipelineSpec.scala:67 via :71,15956207248708944158,15956207248708944157,1,1,publish previous attributed event; defer current event
379,4,0xc04,BreezeCsrPipelineSpec.scala:67 via :72,15956207248708944158,15956207248708944157,1,1,publish previous attributed event; defer current event
379,6,0xb06,BreezeCsrPipelineSpec.scala:67 via :71,5252940705628457487,5252940705628457486,1,1,publish previous attributed event; defer current event
379,6,0xc06,BreezeCsrPipelineSpec.scala:67 via :72,5252940705628457487,5252940705628457486,1,1,publish previous attributed event; defer current event
380,3,0xb03,BreezeCsrPipelineSpec.scala:67 via :71,4612390339627580631,4612390339627580629,2,2,publish previous attributed event; defer current event
380,3,0xc03,BreezeCsrPipelineSpec.scala:67 via :72,4612390339627580631,4612390339627580629,2,2,publish previous attributed event; defer current event
380,7,0xb07,BreezeCsrPipelineSpec.scala:67 via :71,15169616647427952872,15169616647427952871,0,1,publish previous attributed event; defer current event
380,7,0xc07,BreezeCsrPipelineSpec.scala:67 via :72,15169616647427952872,15169616647427952871,0,1,publish previous attributed event; defer current event
383,6,0xb06,BreezeCsrPipelineSpec.scala:67 via :71,5252940705628457488,5252940705628457487,0,1,publish previous attributed event; defer current event
383,6,0xc06,BreezeCsrPipelineSpec.scala:67 via :72,5252940705628457488,5252940705628457487,0,1,publish previous attributed event; defer current event
385,3,0xb03,BreezeCsrPipelineSpec.scala:67 via :71,4612390339627580633,4612390339627580631,0,2,publish previous attributed event; defer current event
385,3,0xc03,BreezeCsrPipelineSpec.scala:67 via :72,4612390339627580633,4612390339627580631,0,2,publish previous attributed event; defer current event
385,6,0xb06,BreezeCsrPipelineSpec.scala:67 via :71,5252940705628457489,5252940705628457488,0,1,publish previous attributed event; defer current event
385,6,0xc06,BreezeCsrPipelineSpec.scala:67 via :72,5252940705628457489,5252940705628457488,0,1,publish previous attributed event; defer current event
386,3,0xb03,BreezeCsrPipelineSpec.scala:67 via :71,4612390339627580634,4612390339627580633,2,1,publish previous attributed event; defer current event
386,3,0xc03,BreezeCsrPipelineSpec.scala:67 via :72,4612390339627580634,4612390339627580633,2,1,publish previous attributed event; defer current event
387,3,0xb03,BreezeCsrPipelineSpec.scala:67 via :71,4612390339627580635,4612390339627580634,1,1,publish previous attributed event; defer current event
387,3,0xc03,BreezeCsrPipelineSpec.scala:67 via :72,4612390339627580635,4612390339627580634,1,1,publish previous attributed event; defer current event
387,6,0xb06,BreezeCsrPipelineSpec.scala:67 via :71,5252940705628457490,5252940705628457489,0,1,publish previous attributed event; defer current event
387,6,0xc06,BreezeCsrPipelineSpec.scala:67 via :72,5252940705628457490,5252940705628457489,0,1,publish previous attributed event; defer current event
388,6,0xb06,BreezeCsrPipelineSpec.scala:67 via :71,5252940705628457491,5252940705628457490,1,1,publish previous attributed event; defer current event
388,6,0xc06,BreezeCsrPipelineSpec.scala:67 via :72,5252940705628457491,5252940705628457490,1,1,publish previous attributed event; defer current event
389,3,0xb03,BreezeCsrPipelineSpec.scala:67 via :71,4612390339627580637,4612390339627580635,0,2,publish previous attributed event; defer current event
389,3,0xc03,BreezeCsrPipelineSpec.scala:67 via :72,4612390339627580637,4612390339627580635,0,2,publish previous attributed event; defer current event
390,3,0xb03,BreezeCsrPipelineSpec.scala:67 via :71,4612390339627580638,4612390339627580637,2,1,publish previous attributed event; defer current event
390,3,0xc03,BreezeCsrPipelineSpec.scala:67 via :72,4612390339627580638,4612390339627580637,2,1,publish previous attributed event; defer current event
391,3,0xb03,BreezeCsrPipelineSpec.scala:67 via :71,4612390339627580640,4612390339627580638,1,2,publish previous attributed event; defer current event
391,3,0xc03,BreezeCsrPipelineSpec.scala:67 via :72,4612390339627580640,4612390339627580638,1,2,publish previous attributed event; defer current event
392,3,0xb03,BreezeCsrPipelineSpec.scala:67 via :71,4612390339627580641,4612390339627580640,2,1,publish previous attributed event; defer current event
392,3,0xc03,BreezeCsrPipelineSpec.scala:67 via :72,4612390339627580641,4612390339627580640,2,1,publish previous attributed event; defer current event
394,3,0xb03,BreezeCsrPipelineSpec.scala:67 via :71,4612390339627580643,4612390339627580641,0,2,publish previous attributed event; defer current event
394,3,0xc03,BreezeCsrPipelineSpec.scala:67 via :72,4612390339627580643,4612390339627580641,0,2,publish previous attributed event; defer current event
394,6,0xb06,BreezeCsrPipelineSpec.scala:67 via :71,5252940705628457492,5252940705628457491,0,1,publish previous attributed event; defer current event
394,6,0xc06,BreezeCsrPipelineSpec.scala:67 via :72,5252940705628457492,5252940705628457491,0,1,publish previous attributed event; defer current event
395,3,0xb03,BreezeCsrPipelineSpec.scala:67 via :71,4612390339627580644,4612390339627580643,2,1,publish previous attributed event; defer current event
395,3,0xc03,BreezeCsrPipelineSpec.scala:67 via :72,4612390339627580644,4612390339627580643,2,1,publish previous attributed event; defer current event
396,3,0xb03,BreezeCsrPipelineSpec.scala:67 via :71,4612390339627580646,4612390339627580644,1,2,publish previous attributed event; defer current event
396,3,0xc03,BreezeCsrPipelineSpec.scala:67 via :72,4612390339627580646,4612390339627580644,1,2,publish previous attributed event; defer current event
397,3,0xb03,BreezeCsrPipelineSpec.scala:67 via :71,4612390339627580647,4612390339627580646,2,1,publish previous attributed event; defer current event
397,3,0xc03,BreezeCsrPipelineSpec.scala:67 via :72,4612390339627580647,4612390339627580646,2,1,publish previous attributed event; defer current event
397,6,0xb06,BreezeCsrPipelineSpec.scala:67 via :71,5252940705628457493,5252940705628457492,0,1,publish previous attributed event; defer current event
397,6,0xc06,BreezeCsrPipelineSpec.scala:67 via :72,5252940705628457493,5252940705628457492,0,1,publish previous attributed event; defer current event
398,6,0xb06,BreezeCsrPipelineSpec.scala:67 via :71,5252940705628457494,5252940705628457493,1,1,publish previous attributed event; defer current event
398,6,0xc06,BreezeCsrPipelineSpec.scala:67 via :72,5252940705628457494,5252940705628457493,1,1,publish previous attributed event; defer current event
400,6,0xb06,BreezeCsrPipelineSpec.scala:67 via :71,5252940705628457495,5252940705628457494,0,1,publish previous attributed event; defer current event
400,6,0xc06,BreezeCsrPipelineSpec.scala:67 via :72,5252940705628457495,5252940705628457494,0,1,publish previous attributed event; defer current event
401,3,0xb03,BreezeCsrPipelineSpec.scala:67 via :71,4612390339627580648,4612390339627580647,0,1,publish previous attributed event; defer current event
401,3,0xc03,BreezeCsrPipelineSpec.scala:67 via :72,4612390339627580648,4612390339627580647,0,1,publish previous attributed event; defer current event
401,9,0xb09,BreezeCsrPipelineSpec.scala:67 via :71,5672420752220315246,5672420752220315245,0,1,publish previous attributed event; defer current event
401,9,0xc09,BreezeCsrPipelineSpec.scala:67 via :72,5672420752220315246,5672420752220315245,0,1,publish previous attributed event; defer current event
402,4,0xb04,BreezeCsrPipelineSpec.scala:67 via :71,15956207248708944159,15956207248708944158,0,1,publish previous attributed event; defer current event
402,4,0xc04,BreezeCsrPipelineSpec.scala:67 via :72,15956207248708944159,15956207248708944158,0,1,publish previous attributed event; defer current event
403,3,0xb03,BreezeCsrPipelineSpec.scala:67 via :71,4612390339627580649,4612390339627580648,0,1,publish previous attributed event; defer current event
403,3,0xc03,BreezeCsrPipelineSpec.scala:67 via :72,4612390339627580649,4612390339627580648,0,1,publish previous attributed event; defer current event
403,7,0xb07,BreezeCsrPipelineSpec.scala:67 via :71,5523129701167961380,5523129701167961379,0,1,publish previous attributed event; defer current event
403,7,0xc07,BreezeCsrPipelineSpec.scala:67 via :72,5523129701167961380,5523129701167961379,0,1,publish previous attributed event; defer current event
403,9,0xb09,BreezeCsrPipelineSpec.scala:67 via :71,5672420752220315247,5672420752220315246,0,1,publish previous attributed event; defer current event
403,9,0xc09,BreezeCsrPipelineSpec.scala:67 via :72,5672420752220315247,5672420752220315246,0,1,publish previous attributed event; defer current event
404,3,0xb03,BreezeCsrPipelineSpec.scala:67 via :71,4612390339627580650,4612390339627580649,1,1,publish previous attributed event; defer current event
404,3,0xc03,BreezeCsrPipelineSpec.scala:67 via :72,4612390339627580650,4612390339627580649,1,1,publish previous attributed event; defer current event
404,8,0xb08,BreezeCsrPipelineSpec.scala:67 via :71,3215571310180566299,3215571310180566298,0,1,publish previous attributed event; defer current event
404,8,0xc08,BreezeCsrPipelineSpec.scala:67 via :72,3215571310180566299,3215571310180566298,0,1,publish previous attributed event; defer current event
404,9,0xb09,BreezeCsrPipelineSpec.scala:67 via :71,5672420752220315248,5672420752220315247,1,1,publish previous attributed event; defer current event
404,9,0xc09,BreezeCsrPipelineSpec.scala:67 via :72,5672420752220315248,5672420752220315247,1,1,publish previous attributed event; defer current event
405,7,0xb07,BreezeCsrPipelineSpec.scala:67 via :71,5523129701167961381,5523129701167961380,0,1,publish previous attributed event; defer current event
405,7,0xc07,BreezeCsrPipelineSpec.scala:67 via :72,5523129701167961381,5523129701167961380,0,1,publish previous attributed event; defer current event
406,3,0xb03,BreezeCsrPipelineSpec.scala:67 via :71,4612390339627580652,4612390339627580650,0,2,publish previous attributed event; defer current event
406,3,0xc03,BreezeCsrPipelineSpec.scala:67 via :72,4612390339627580652,4612390339627580650,0,2,publish previous attributed event; defer current event
406,9,0xb09,BreezeCsrPipelineSpec.scala:67 via :71,5672420752220315249,5672420752220315248,0,1,publish previous attributed event; defer current event
406,9,0xc09,BreezeCsrPipelineSpec.scala:67 via :72,5672420752220315249,5672420752220315248,0,1,publish previous attributed event; defer current event
408,3,0xb03,BreezeCsrPipelineSpec.scala:67 via :71,4612390339627580653,4612390339627580652,0,1,publish previous attributed event; defer current event
408,3,0xc03,BreezeCsrPipelineSpec.scala:67 via :72,4612390339627580653,4612390339627580652,0,1,publish previous attributed event; defer current event
408,8,0xb08,BreezeCsrPipelineSpec.scala:67 via :71,3215571310180566300,3215571310180566299,0,1,publish previous attributed event; defer current event
408,8,0xc08,BreezeCsrPipelineSpec.scala:67 via :72,3215571310180566300,3215571310180566299,0,1,publish previous attributed event; defer current event
408,9,0xb09,BreezeCsrPipelineSpec.scala:67 via :71,5672420752220315250,5672420752220315249,0,1,publish previous attributed event; defer current event
408,9,0xc09,BreezeCsrPipelineSpec.scala:67 via :72,5672420752220315250,5672420752220315249,0,1,publish previous attributed event; defer current event
409,3,0xb03,BreezeCsrPipelineSpec.scala:67 via :71,4612390339627580655,4612390339627580653,1,2,publish previous attributed event; defer current event
409,3,0xc03,BreezeCsrPipelineSpec.scala:67 via :72,4612390339627580655,4612390339627580653,1,2,publish previous attributed event; defer current event
409,7,0xb07,BreezeCsrPipelineSpec.scala:67 via :71,5523129701167961382,5523129701167961381,0,1,publish previous attributed event; defer current event
409,7,0xc07,BreezeCsrPipelineSpec.scala:67 via :72,5523129701167961382,5523129701167961381,0,1,publish previous attributed event; defer current event
409,8,0xb08,BreezeCsrPipelineSpec.scala:67 via :71,3215571310180566301,3215571310180566300,1,1,publish previous attributed event; defer current event
409,8,0xc08,BreezeCsrPipelineSpec.scala:67 via :72,3215571310180566301,3215571310180566300,1,1,publish previous attributed event; defer current event
410,8,0xb08,BreezeCsrPipelineSpec.scala:67 via :71,3215571310180566302,3215571310180566301,1,1,publish previous attributed event; defer current event
410,8,0xc08,BreezeCsrPipelineSpec.scala:67 via :72,3215571310180566302,3215571310180566301,1,1,publish previous attributed event; defer current event
411,3,0xb03,BreezeCsrPipelineSpec.scala:67 via :71,4612390339627580657,4612390339627580655,0,2,publish previous attributed event; defer current event
411,3,0xc03,BreezeCsrPipelineSpec.scala:67 via :72,4612390339627580657,4612390339627580655,0,2,publish previous attributed event; defer current event
411,7,0xb07,BreezeCsrPipelineSpec.scala:67 via :71,5523129701167961383,5523129701167961382,0,1,publish previous attributed event; defer current event
411,7,0xc07,BreezeCsrPipelineSpec.scala:67 via :72,5523129701167961383,5523129701167961382,0,1,publish previous attributed event; defer current event
411,9,0xb09,BreezeCsrPipelineSpec.scala:67 via :71,5672420752220315251,5672420752220315250,0,1,publish previous attributed event; defer current event
411,9,0xc09,BreezeCsrPipelineSpec.scala:67 via :72,5672420752220315251,5672420752220315250,0,1,publish previous attributed event; defer current event
412,3,0xb03,BreezeCsrPipelineSpec.scala:67 via :71,4612390339627580658,4612390339627580657,2,1,publish previous attributed event; defer current event
412,3,0xc03,BreezeCsrPipelineSpec.scala:67 via :72,4612390339627580658,4612390339627580657,2,1,publish previous attributed event; defer current event
412,8,0xb08,BreezeCsrPipelineSpec.scala:67 via :71,3215571310180566303,3215571310180566302,0,1,publish previous attributed event; defer current event
412,8,0xc08,BreezeCsrPipelineSpec.scala:67 via :72,3215571310180566303,3215571310180566302,0,1,publish previous attributed event; defer current event
413,9,0xb09,BreezeCsrPipelineSpec.scala:67 via :71,5672420752220315252,5672420752220315251,0,1,publish previous attributed event; defer current event
413,9,0xc09,BreezeCsrPipelineSpec.scala:67 via :72,5672420752220315252,5672420752220315251,0,1,publish previous attributed event; defer current event
414,3,0xb03,BreezeCsrPipelineSpec.scala:67 via :71,4612390339627580659,4612390339627580658,0,1,publish previous attributed event; defer current event
414,3,0xc03,BreezeCsrPipelineSpec.scala:67 via :72,4612390339627580659,4612390339627580658,0,1,publish previous attributed event; defer current event
414,7,0xb07,BreezeCsrPipelineSpec.scala:67 via :71,5523129701167961384,5523129701167961383,0,1,publish previous attributed event; defer current event
414,7,0xc07,BreezeCsrPipelineSpec.scala:67 via :72,5523129701167961384,5523129701167961383,0,1,publish previous attributed event; defer current event
414,9,0xb09,BreezeCsrPipelineSpec.scala:67 via :71,5672420752220315253,5672420752220315252,1,1,publish previous attributed event; defer current event
414,9,0xc09,BreezeCsrPipelineSpec.scala:67 via :72,5672420752220315253,5672420752220315252,1,1,publish previous attributed event; defer current event
415,3,0xb03,BreezeCsrPipelineSpec.scala:67 via :71,4612390339627580661,4612390339627580659,1,2,publish previous attributed event; defer current event
415,3,0xc03,BreezeCsrPipelineSpec.scala:67 via :72,4612390339627580661,4612390339627580659,1,2,publish previous attributed event; defer current event
416,6,0xb06,BreezeCsrPipelineSpec.scala:67 via :71,4467156013551425362,4467156013551425361,0,1,publish previous attributed event; defer current event
416,6,0xc06,BreezeCsrPipelineSpec.scala:67 via :72,4467156013551425362,4467156013551425361,0,1,publish previous attributed event; defer current event
417,7,0xb07,BreezeCsrPipelineSpec.scala:67 via :71,5523129701167961385,5523129701167961384,0,1,publish previous attributed event; defer current event
417,7,0xc07,BreezeCsrPipelineSpec.scala:67 via :72,5523129701167961385,5523129701167961384,0,1,publish previous attributed event; defer current event
418,7,0xb07,BreezeCsrPipelineSpec.scala:67 via :71,5523129701167961386,5523129701167961385,1,1,publish previous attributed event; defer current event
418,7,0xc07,BreezeCsrPipelineSpec.scala:67 via :72,5523129701167961386,5523129701167961385,1,1,publish previous attributed event; defer current event
419,6,0xb06,BreezeCsrPipelineSpec.scala:67 via :71,4467156013551425363,4467156013551425362,0,1,publish previous attributed event; defer current event
419,6,0xc06,BreezeCsrPipelineSpec.scala:67 via :72,4467156013551425363,4467156013551425362,0,1,publish previous attributed event; defer current event
419,7,0xb07,BreezeCsrPipelineSpec.scala:67 via :71,5523129701167961387,5523129701167961386,1,1,publish previous attributed event; defer current event
419,7,0xc07,BreezeCsrPipelineSpec.scala:67 via :72,5523129701167961387,5523129701167961386,1,1,publish previous attributed event; defer current event
420,6,0xb06,BreezeCsrPipelineSpec.scala:67 via :71,4467156013551425364,4467156013551425363,1,1,publish previous attributed event; defer current event
420,6,0xc06,BreezeCsrPipelineSpec.scala:67 via :72,4467156013551425364,4467156013551425363,1,1,publish previous attributed event; defer current event
421,6,0xb06,BreezeCsrPipelineSpec.scala:67 via :71,4467156013551425365,4467156013551425364,1,1,publish previous attributed event; defer current event
421,6,0xc06,BreezeCsrPipelineSpec.scala:67 via :72,4467156013551425365,4467156013551425364,1,1,publish previous attributed event; defer current event
422,7,0xb07,BreezeCsrPipelineSpec.scala:67 via :71,5523129701167961388,5523129701167961387,0,1,publish previous attributed event; defer current event
422,7,0xc07,BreezeCsrPipelineSpec.scala:67 via :72,5523129701167961388,5523129701167961387,0,1,publish previous attributed event; defer current event
425,6,0xb06,BreezeCsrPipelineSpec.scala:67 via :71,4467156013551425366,4467156013551425365,0,1,publish previous attributed event; defer current event
425,6,0xc06,BreezeCsrPipelineSpec.scala:67 via :72,4467156013551425366,4467156013551425365,0,1,publish previous attributed event; defer current event
426,7,0xb07,BreezeCsrPipelineSpec.scala:67 via :71,5523129701167961389,5523129701167961388,0,1,publish previous attributed event; defer current event
426,7,0xc07,BreezeCsrPipelineSpec.scala:67 via :72,5523129701167961389,5523129701167961388,0,1,publish previous attributed event; defer current event
432,6,0xb06,BreezeCsrPipelineSpec.scala:67 via :71,4467156013551425367,4467156013551425366,0,1,publish previous attributed event; defer current event
432,6,0xc06,BreezeCsrPipelineSpec.scala:67 via :72,4467156013551425367,4467156013551425366,0,1,publish previous attributed event; defer current event
432,7,0xb07,BreezeCsrPipelineSpec.scala:67 via :71,2181157093215781163,2181157093215781162,0,1,publish previous attributed event; defer current event
432,7,0xc07,BreezeCsrPipelineSpec.scala:67 via :72,2181157093215781163,2181157093215781162,0,1,publish previous attributed event; defer current event
432,10,0xb0a,BreezeCsrPipelineSpec.scala:67 via :71,5086425867266195831,5086425867266195830,0,1,publish previous attributed event; defer current event
432,10,0xc0a,BreezeCsrPipelineSpec.scala:67 via :72,5086425867266195831,5086425867266195830,0,1,publish previous attributed event; defer current event
434,6,0xb06,BreezeCsrPipelineSpec.scala:67 via :71,4467156013551425368,4467156013551425367,0,1,publish previous attributed event; defer current event
434,6,0xc06,BreezeCsrPipelineSpec.scala:67 via :72,4467156013551425368,4467156013551425367,0,1,publish previous attributed event; defer current event
434,9,0xb09,BreezeCsrPipelineSpec.scala:67 via :71,5672420752220315254,5672420752220315253,0,1,publish previous attributed event; defer current event
434,9,0xc09,BreezeCsrPipelineSpec.scala:67 via :72,5672420752220315254,5672420752220315253,0,1,publish previous attributed event; defer current event
436,6,0xb06,BreezeCsrPipelineSpec.scala:67 via :71,4467156013551425369,4467156013551425368,0,1,publish previous attributed event; defer current event
436,6,0xc06,BreezeCsrPipelineSpec.scala:67 via :72,4467156013551425369,4467156013551425368,0,1,publish previous attributed event; defer current event
436,9,0xb09,BreezeCsrPipelineSpec.scala:67 via :71,5672420752220315255,5672420752220315254,0,1,publish previous attributed event; defer current event
436,9,0xc09,BreezeCsrPipelineSpec.scala:67 via :72,5672420752220315255,5672420752220315254,0,1,publish previous attributed event; defer current event
436,10,0xb0a,BreezeCsrPipelineSpec.scala:67 via :71,5086425867266195832,5086425867266195831,0,1,publish previous attributed event; defer current event
436,10,0xc0a,BreezeCsrPipelineSpec.scala:67 via :72,5086425867266195832,5086425867266195831,0,1,publish previous attributed event; defer current event
438,6,0xb06,BreezeCsrPipelineSpec.scala:67 via :71,4467156013551425370,4467156013551425369,0,1,publish previous attributed event; defer current event
438,6,0xc06,BreezeCsrPipelineSpec.scala:67 via :72,4467156013551425370,4467156013551425369,0,1,publish previous attributed event; defer current event
438,10,0xb0a,BreezeCsrPipelineSpec.scala:67 via :71,5086425867266195833,5086425867266195832,0,1,publish previous attributed event; defer current event
438,10,0xc0a,BreezeCsrPipelineSpec.scala:67 via :72,5086425867266195833,5086425867266195832,0,1,publish previous attributed event; defer current event
439,6,0xb06,BreezeCsrPipelineSpec.scala:67 via :71,4467156013551425371,4467156013551425370,1,1,publish previous attributed event; defer current event
439,6,0xc06,BreezeCsrPipelineSpec.scala:67 via :72,4467156013551425371,4467156013551425370,1,1,publish previous attributed event; defer current event
439,9,0xb09,BreezeCsrPipelineSpec.scala:67 via :71,5672420752220315256,5672420752220315255,0,1,publish previous attributed event; defer current event
439,9,0xc09,BreezeCsrPipelineSpec.scala:67 via :72,5672420752220315256,5672420752220315255,0,1,publish previous attributed event; defer current event
439,10,0xb0a,BreezeCsrPipelineSpec.scala:67 via :71,5086425867266195834,5086425867266195833,1,1,publish previous attributed event; defer current event
439,10,0xc0a,BreezeCsrPipelineSpec.scala:67 via :72,5086425867266195834,5086425867266195833,1,1,publish previous attributed event; defer current event
440,10,0xb0a,BreezeCsrPipelineSpec.scala:67 via :71,5086425867266195835,5086425867266195834,1,1,publish previous attributed event; defer current event
440,10,0xc0a,BreezeCsrPipelineSpec.scala:67 via :72,5086425867266195835,5086425867266195834,1,1,publish previous attributed event; defer current event
441,6,0xb06,BreezeCsrPipelineSpec.scala:67 via :71,4467156013551425372,4467156013551425371,0,1,publish previous attributed event; defer current event
441,6,0xc06,BreezeCsrPipelineSpec.scala:67 via :72,4467156013551425372,4467156013551425371,0,1,publish previous attributed event; defer current event
442,3,0xb03,BreezeCsrPipelineSpec.scala:67 via :71,4612390339627580663,4612390339627580661,0,2,publish previous attributed event; defer current event
442,3,0xc03,BreezeCsrPipelineSpec.scala:67 via :72,4612390339627580663,4612390339627580661,0,2,publish previous attributed event; defer current event
443,7,0xb07,BreezeCsrPipelineSpec.scala:67 via :71,2181157093215781164,2181157093215781163,0,1,publish previous attributed event; defer current event
443,7,0xc07,BreezeCsrPipelineSpec.scala:67 via :72,2181157093215781164,2181157093215781163,0,1,publish previous attributed event; defer current event
444,3,0xb03,BreezeCsrPipelineSpec.scala:67 via :71,4612390339627580664,4612390339627580663,0,1,publish previous attributed event; defer current event
444,3,0xc03,BreezeCsrPipelineSpec.scala:67 via :72,4612390339627580664,4612390339627580663,0,1,publish previous attributed event; defer current event
444,6,0xb06,BreezeCsrPipelineSpec.scala:67 via :71,4467156013551425373,4467156013551425372,0,1,publish previous attributed event; defer current event
444,6,0xc06,BreezeCsrPipelineSpec.scala:67 via :72,4467156013551425373,4467156013551425372,0,1,publish previous attributed event; defer current event
444,7,0xb07,BreezeCsrPipelineSpec.scala:67 via :71,2181157093215781165,2181157093215781164,1,1,publish previous attributed event; defer current event
444,7,0xc07,BreezeCsrPipelineSpec.scala:67 via :72,2181157093215781165,2181157093215781164,1,1,publish previous attributed event; defer current event
444,8,0xb08,BreezeCsrPipelineSpec.scala:67 via :71,5056548105538614998,5056548105538614997,0,1,publish previous attributed event; defer current event
444,8,0xc08,BreezeCsrPipelineSpec.scala:67 via :72,5056548105538614998,5056548105538614997,0,1,publish previous attributed event; defer current event
445,3,0xb03,BreezeCsrPipelineSpec.scala:67 via :71,4612390339627580665,4612390339627580664,1,1,publish previous attributed event; defer current event
445,3,0xc03,BreezeCsrPipelineSpec.scala:67 via :72,4612390339627580665,4612390339627580664,1,1,publish previous attributed event; defer current event
445,8,0xb08,BreezeCsrPipelineSpec.scala:67 via :71,5056548105538614999,5056548105538614998,1,1,publish previous attributed event; defer current event
445,8,0xc08,BreezeCsrPipelineSpec.scala:67 via :72,5056548105538614999,5056548105538614998,1,1,publish previous attributed event; defer current event
446,3,0xb03,BreezeCsrPipelineSpec.scala:67 via :71,4612390339627580666,4612390339627580665,1,1,publish previous attributed event; defer current event
446,3,0xc03,BreezeCsrPipelineSpec.scala:67 via :72,4612390339627580666,4612390339627580665,1,1,publish previous attributed event; defer current event
446,7,0xb07,BreezeCsrPipelineSpec.scala:67 via :71,10524577503002431326,10524577503002431325,0,1,publish previous attributed event; defer current event
446,7,0xc07,BreezeCsrPipelineSpec.scala:67 via :72,10524577503002431326,10524577503002431325,0,1,publish previous attributed event; defer current event
446,8,0xb08,BreezeCsrPipelineSpec.scala:67 via :71,5056548105538615000,5056548105538614999,1,1,publish previous attributed event; defer current event
446,8,0xc08,BreezeCsrPipelineSpec.scala:67 via :72,5056548105538615000,5056548105538614999,1,1,publish previous attributed event; defer current event
447,3,0xb03,BreezeCsrPipelineSpec.scala:67 via :71,4612390339627580668,4612390339627580666,1,2,publish previous attributed event; defer current event
447,3,0xc03,BreezeCsrPipelineSpec.scala:67 via :72,4612390339627580668,4612390339627580666,1,2,publish previous attributed event; defer current event
447,6,0xb06,BreezeCsrPipelineSpec.scala:67 via :71,4467156013551425374,4467156013551425373,0,1,publish previous attributed event; defer current event
447,6,0xc06,BreezeCsrPipelineSpec.scala:67 via :72,4467156013551425374,4467156013551425373,0,1,publish previous attributed event; defer current event
447,7,0xb07,BreezeCsrPipelineSpec.scala:67 via :71,10524577503002431327,10524577503002431326,1,1,publish previous attributed event; defer current event
447,7,0xc07,BreezeCsrPipelineSpec.scala:67 via :72,10524577503002431327,10524577503002431326,1,1,publish previous attributed event; defer current event
447,8,0xb08,BreezeCsrPipelineSpec.scala:67 via :71,5056548105538615001,5056548105538615000,1,1,publish previous attributed event; defer current event
447,8,0xc08,BreezeCsrPipelineSpec.scala:67 via :72,5056548105538615001,5056548105538615000,1,1,publish previous attributed event; defer current event
448,3,0xb03,BreezeCsrPipelineSpec.scala:67 via :71,4612390339627580669,4612390339627580668,2,1,publish previous attributed event; defer current event
448,3,0xc03,BreezeCsrPipelineSpec.scala:67 via :72,4612390339627580669,4612390339627580668,2,1,publish previous attributed event; defer current event
448,6,0xb06,BreezeCsrPipelineSpec.scala:67 via :71,4467156013551425375,4467156013551425374,1,1,publish previous attributed event; defer current event
448,6,0xc06,BreezeCsrPipelineSpec.scala:67 via :72,4467156013551425375,4467156013551425374,1,1,publish previous attributed event; defer current event
448,8,0xb08,BreezeCsrPipelineSpec.scala:67 via :71,5056548105538615002,5056548105538615001,1,1,publish previous attributed event; defer current event
448,8,0xc08,BreezeCsrPipelineSpec.scala:67 via :72,5056548105538615002,5056548105538615001,1,1,publish previous attributed event; defer current event
449,3,0xb03,BreezeCsrPipelineSpec.scala:67 via :71,4612390339627580671,4612390339627580669,1,2,publish previous attributed event; defer current event
449,3,0xc03,BreezeCsrPipelineSpec.scala:67 via :72,4612390339627580671,4612390339627580669,1,2,publish previous attributed event; defer current event
449,6,0xb06,BreezeCsrPipelineSpec.scala:67 via :71,4467156013551425376,4467156013551425375,1,1,publish previous attributed event; defer current event
449,6,0xc06,BreezeCsrPipelineSpec.scala:67 via :72,4467156013551425376,4467156013551425375,1,1,publish previous attributed event; defer current event
449,7,0xb07,BreezeCsrPipelineSpec.scala:67 via :71,3973402585596379451,3973402585596379450,0,1,publish previous attributed event; defer current event
449,7,0xc07,BreezeCsrPipelineSpec.scala:67 via :72,3973402585596379451,3973402585596379450,0,1,publish previous attributed event; defer current event
449,8,0xb08,BreezeCsrPipelineSpec.scala:67 via :71,5056548105538615003,5056548105538615002,1,1,publish previous attributed event; defer current event
449,8,0xc08,BreezeCsrPipelineSpec.scala:67 via :72,5056548105538615003,5056548105538615002,1,1,publish previous attributed event; defer current event
450,3,0xb03,BreezeCsrPipelineSpec.scala:67 via :71,4612390339627580673,4612390339627580671,2,2,publish previous attributed event; defer current event
450,3,0xc03,BreezeCsrPipelineSpec.scala:67 via :72,4612390339627580673,4612390339627580671,2,2,publish previous attributed event; defer current event
450,6,0xb06,BreezeCsrPipelineSpec.scala:67 via :71,4467156013551425377,4467156013551425376,1,1,publish previous attributed event; defer current event
450,6,0xc06,BreezeCsrPipelineSpec.scala:67 via :72,4467156013551425377,4467156013551425376,1,1,publish previous attributed event; defer current event
450,7,0xb07,BreezeCsrPipelineSpec.scala:67 via :71,3973402585596379452,3973402585596379451,1,1,publish previous attributed event; defer current event
450,7,0xc07,BreezeCsrPipelineSpec.scala:67 via :72,3973402585596379452,3973402585596379451,1,1,publish previous attributed event; defer current event
451,3,0xb03,BreezeCsrPipelineSpec.scala:67 via :71,4612390339627580675,4612390339627580673,2,2,publish previous attributed event; defer current event
451,3,0xc03,BreezeCsrPipelineSpec.scala:67 via :72,4612390339627580675,4612390339627580673,2,2,publish previous attributed event; defer current event
452,3,0xb03,BreezeCsrPipelineSpec.scala:67 via :71,4612390339627580676,4612390339627580675,2,1,publish previous attributed event; defer current event
452,3,0xc03,BreezeCsrPipelineSpec.scala:67 via :72,4612390339627580676,4612390339627580675,2,1,publish previous attributed event; defer current event
452,7,0xb07,BreezeCsrPipelineSpec.scala:67 via :71,3973402585596379453,3973402585596379452,0,1,publish previous attributed event; defer current event
452,7,0xc07,BreezeCsrPipelineSpec.scala:67 via :72,3973402585596379453,3973402585596379452,0,1,publish previous attributed event; defer current event
452,8,0xb08,BreezeCsrPipelineSpec.scala:67 via :71,5056548105538615004,5056548105538615003,0,1,publish previous attributed event; defer current event
452,8,0xc08,BreezeCsrPipelineSpec.scala:67 via :72,5056548105538615004,5056548105538615003,0,1,publish previous attributed event; defer current event
453,8,0xb08,BreezeCsrPipelineSpec.scala:67 via :71,5056548105538615005,5056548105538615004,1,1,publish previous attributed event; defer current event
453,8,0xc08,BreezeCsrPipelineSpec.scala:67 via :72,5056548105538615005,5056548105538615004,1,1,publish previous attributed event; defer current event
454,3,0xb03,BreezeCsrPipelineSpec.scala:67 via :71,4612390339627580678,4612390339627580676,0,2,publish previous attributed event; defer current event
454,3,0xc03,BreezeCsrPipelineSpec.scala:67 via :72,4612390339627580678,4612390339627580676,0,2,publish previous attributed event; defer current event
454,7,0xb07,BreezeCsrPipelineSpec.scala:67 via :71,3973402585596379454,3973402585596379453,0,1,publish previous attributed event; defer current event
454,7,0xc07,BreezeCsrPipelineSpec.scala:67 via :72,3973402585596379454,3973402585596379453,0,1,publish previous attributed event; defer current event
455,3,0xb03,BreezeCsrPipelineSpec.scala:67 via :71,4612390339627580680,4612390339627580678,2,2,publish previous attributed event; defer current event
455,3,0xc03,BreezeCsrPipelineSpec.scala:67 via :72,4612390339627580680,4612390339627580678,2,2,publish previous attributed event; defer current event
455,7,0xb07,BreezeCsrPipelineSpec.scala:67 via :71,3973402585596379455,3973402585596379454,1,1,publish previous attributed event; defer current event
455,7,0xc07,BreezeCsrPipelineSpec.scala:67 via :72,3973402585596379455,3973402585596379454,1,1,publish previous attributed event; defer current event
455,8,0xb08,BreezeCsrPipelineSpec.scala:67 via :71,5056548105538615006,5056548105538615005,0,1,publish previous attributed event; defer current event
455,8,0xc08,BreezeCsrPipelineSpec.scala:67 via :72,5056548105538615006,5056548105538615005,0,1,publish previous attributed event; defer current event
456,3,0xb03,BreezeCsrPipelineSpec.scala:67 via :71,4612390339627580682,4612390339627580680,2,2,publish previous attributed event; defer current event
456,3,0xc03,BreezeCsrPipelineSpec.scala:67 via :72,4612390339627580682,4612390339627580680,2,2,publish previous attributed event; defer current event
456,7,0xb07,BreezeCsrPipelineSpec.scala:67 via :71,3973402585596379456,3973402585596379455,1,1,publish previous attributed event; defer current event
456,7,0xc07,BreezeCsrPipelineSpec.scala:67 via :72,3973402585596379456,3973402585596379455,1,1,publish previous attributed event; defer current event
457,7,0xb07,BreezeCsrPipelineSpec.scala:67 via :71,3973402585596379457,3973402585596379456,1,1,publish previous attributed event; defer current event
457,7,0xc07,BreezeCsrPipelineSpec.scala:67 via :72,3973402585596379457,3973402585596379456,1,1,publish previous attributed event; defer current event
457,8,0xb08,BreezeCsrPipelineSpec.scala:67 via :71,5056548105538615007,5056548105538615006,0,1,publish previous attributed event; defer current event
457,8,0xc08,BreezeCsrPipelineSpec.scala:67 via :72,5056548105538615007,5056548105538615006,0,1,publish previous attributed event; defer current event
458,3,0xb03,BreezeCsrPipelineSpec.scala:67 via :71,4612390339627580684,4612390339627580682,0,2,publish previous attributed event; defer current event
458,3,0xc03,BreezeCsrPipelineSpec.scala:67 via :72,4612390339627580684,4612390339627580682,0,2,publish previous attributed event; defer current event
458,7,0xb07,BreezeCsrPipelineSpec.scala:67 via :71,3973402585596379458,3973402585596379457,1,1,publish previous attributed event; defer current event
458,7,0xc07,BreezeCsrPipelineSpec.scala:67 via :72,3973402585596379458,3973402585596379457,1,1,publish previous attributed event; defer current event
459,3,0xb03,BreezeCsrPipelineSpec.scala:67 via :71,4612390339627580685,4612390339627580684,2,1,publish previous attributed event; defer current event
459,3,0xc03,BreezeCsrPipelineSpec.scala:67 via :72,4612390339627580685,4612390339627580684,2,1,publish previous attributed event; defer current event
460,7,0xb07,BreezeCsrPipelineSpec.scala:67 via :71,3973402585596379459,3973402585596379458,0,1,publish previous attributed event; defer current event
460,7,0xc07,BreezeCsrPipelineSpec.scala:67 via :72,3973402585596379459,3973402585596379458,0,1,publish previous attributed event; defer current event
461,6,0xb06,BreezeCsrPipelineSpec.scala:67 via :71,4467156013551425378,4467156013551425377,0,1,publish previous attributed event; defer current event
461,6,0xc06,BreezeCsrPipelineSpec.scala:67 via :72,4467156013551425378,4467156013551425377,0,1,publish previous attributed event; defer current event
461,7,0xb07,BreezeCsrPipelineSpec.scala:67 via :71,3973402585596379460,3973402585596379459,1,1,publish previous attributed event; defer current event
461,7,0xc07,BreezeCsrPipelineSpec.scala:67 via :72,3973402585596379460,3973402585596379459,1,1,publish previous attributed event; defer current event
462,3,0xb03,BreezeCsrPipelineSpec.scala:67 via :71,4612390339627580686,4612390339627580685,0,1,publish previous attributed event; defer current event
462,3,0xc03,BreezeCsrPipelineSpec.scala:67 via :72,4612390339627580686,4612390339627580685,0,1,publish previous attributed event; defer current event
462,6,0xb06,BreezeCsrPipelineSpec.scala:67 via :71,4467156013551425379,4467156013551425378,1,1,publish previous attributed event; defer current event
462,6,0xc06,BreezeCsrPipelineSpec.scala:67 via :72,4467156013551425379,4467156013551425378,1,1,publish previous attributed event; defer current event
462,7,0xb07,BreezeCsrPipelineSpec.scala:67 via :71,3973402585596379461,3973402585596379460,1,1,publish previous attributed event; defer current event
462,7,0xc07,BreezeCsrPipelineSpec.scala:67 via :72,3973402585596379461,3973402585596379460,1,1,publish previous attributed event; defer current event
463,3,0xb03,BreezeCsrPipelineSpec.scala:67 via :71,4612390339627580688,4612390339627580686,1,2,publish previous attributed event; defer current event
463,3,0xc03,BreezeCsrPipelineSpec.scala:67 via :72,4612390339627580688,4612390339627580686,1,2,publish previous attributed event; defer current event
463,6,0xb06,BreezeCsrPipelineSpec.scala:67 via :71,4467156013551425380,4467156013551425379,1,1,publish previous attributed event; defer current event
463,6,0xc06,BreezeCsrPipelineSpec.scala:67 via :72,4467156013551425380,4467156013551425379,1,1,publish previous attributed event; defer current event
463,8,0xb08,BreezeCsrPipelineSpec.scala:67 via :71,5056548105538615008,5056548105538615007,0,1,publish previous attributed event; defer current event
463,8,0xc08,BreezeCsrPipelineSpec.scala:67 via :72,5056548105538615008,5056548105538615007,0,1,publish previous attributed event; defer current event
464,3,0xb03,BreezeCsrPipelineSpec.scala:67 via :71,4612390339627580690,4612390339627580688,2,2,publish previous attributed event; defer current event
464,3,0xc03,BreezeCsrPipelineSpec.scala:67 via :72,4612390339627580690,4612390339627580688,2,2,publish previous attributed event; defer current event
466,3,0xb03,BreezeCsrPipelineSpec.scala:67 via :71,4612390339627580692,4612390339627580690,0,2,publish previous attributed event; defer current event
466,3,0xc03,BreezeCsrPipelineSpec.scala:67 via :72,4612390339627580692,4612390339627580690,0,2,publish previous attributed event; defer current event
466,8,0xb08,BreezeCsrPipelineSpec.scala:67 via :71,5056548105538615009,5056548105538615008,0,1,publish previous attributed event; defer current event
466,8,0xc08,BreezeCsrPipelineSpec.scala:67 via :72,5056548105538615009,5056548105538615008,0,1,publish previous attributed event; defer current event
468,7,0xb07,BreezeCsrPipelineSpec.scala:67 via :71,3973402585596379462,3973402585596379461,0,1,publish previous attributed event; defer current event
468,7,0xc07,BreezeCsrPipelineSpec.scala:67 via :72,3973402585596379462,3973402585596379461,0,1,publish previous attributed event; defer current event
468,8,0xb08,BreezeCsrPipelineSpec.scala:67 via :71,5056548105538615010,5056548105538615009,0,1,publish previous attributed event; defer current event
468,8,0xc08,BreezeCsrPipelineSpec.scala:67 via :72,5056548105538615010,5056548105538615009,0,1,publish previous attributed event; defer current event
468,10,0xb0a,BreezeCsrPipelineSpec.scala:67 via :71,5086425867266195836,5086425867266195835,0,1,publish previous attributed event; defer current event
468,10,0xc0a,BreezeCsrPipelineSpec.scala:67 via :72,5086425867266195836,5086425867266195835,0,1,publish previous attributed event; defer current event
469,7,0xb07,BreezeCsrPipelineSpec.scala:67 via :71,3973402585596379463,3973402585596379462,1,1,publish previous attributed event; defer current event
469,7,0xc07,BreezeCsrPipelineSpec.scala:67 via :72,3973402585596379463,3973402585596379462,1,1,publish previous attributed event; defer current event
470,7,0xb07,BreezeCsrPipelineSpec.scala:67 via :71,3973402585596379464,3973402585596379463,1,1,publish previous attributed event; defer current event
470,7,0xc07,BreezeCsrPipelineSpec.scala:67 via :72,3973402585596379464,3973402585596379463,1,1,publish previous attributed event; defer current event
470,8,0xb08,BreezeCsrPipelineSpec.scala:67 via :71,5056548105538615011,5056548105538615010,0,1,publish previous attributed event; defer current event
470,8,0xc08,BreezeCsrPipelineSpec.scala:67 via :72,5056548105538615011,5056548105538615010,0,1,publish previous attributed event; defer current event
470,9,0xb09,BreezeCsrPipelineSpec.scala:67 via :71,5672420752220315257,5672420752220315256,0,1,publish previous attributed event; defer current event
470,9,0xc09,BreezeCsrPipelineSpec.scala:67 via :72,5672420752220315257,5672420752220315256,0,1,publish previous attributed event; defer current event
470,10,0xb0a,BreezeCsrPipelineSpec.scala:67 via :71,5086425867266195837,5086425867266195836,0,1,publish previous attributed event; defer current event
470,10,0xc0a,BreezeCsrPipelineSpec.scala:67 via :72,5086425867266195837,5086425867266195836,0,1,publish previous attributed event; defer current event
471,9,0xb09,BreezeCsrPipelineSpec.scala:67 via :71,5672420752220315258,5672420752220315257,1,1,publish previous attributed event; defer current event
471,9,0xc09,BreezeCsrPipelineSpec.scala:67 via :72,5672420752220315258,5672420752220315257,1,1,publish previous attributed event; defer current event
472,8,0xb08,BreezeCsrPipelineSpec.scala:67 via :71,5056548105538615012,5056548105538615011,0,1,publish previous attributed event; defer current event
472,8,0xc08,BreezeCsrPipelineSpec.scala:67 via :72,5056548105538615012,5056548105538615011,0,1,publish previous attributed event; defer current event
472,9,0xb09,BreezeCsrPipelineSpec.scala:67 via :71,5672420752220315259,5672420752220315258,1,1,publish previous attributed event; defer current event
472,9,0xc09,BreezeCsrPipelineSpec.scala:67 via :72,5672420752220315259,5672420752220315258,1,1,publish previous attributed event; defer current event
472,10,0xb0a,BreezeCsrPipelineSpec.scala:67 via :71,5086425867266195838,5086425867266195837,0,1,publish previous attributed event; defer current event
472,10,0xc0a,BreezeCsrPipelineSpec.scala:67 via :72,5086425867266195838,5086425867266195837,0,1,publish previous attributed event; defer current event
473,7,0xb07,BreezeCsrPipelineSpec.scala:67 via :71,3973402585596379465,3973402585596379464,0,1,publish previous attributed event; defer current event
473,7,0xc07,BreezeCsrPipelineSpec.scala:67 via :72,3973402585596379465,3973402585596379464,0,1,publish previous attributed event; defer current event
473,8,0xb08,BreezeCsrPipelineSpec.scala:67 via :71,5056548105538615013,5056548105538615012,1,1,publish previous attributed event; defer current event
473,8,0xc08,BreezeCsrPipelineSpec.scala:67 via :72,5056548105538615013,5056548105538615012,1,1,publish previous attributed event; defer current event
473,9,0xb09,BreezeCsrPipelineSpec.scala:67 via :71,5672420752220315260,5672420752220315259,1,1,publish previous attributed event; defer current event
473,9,0xc09,BreezeCsrPipelineSpec.scala:67 via :72,5672420752220315260,5672420752220315259,1,1,publish previous attributed event; defer current event
473,10,0xb0a,BreezeCsrPipelineSpec.scala:67 via :71,5086425867266195839,5086425867266195838,1,1,publish previous attributed event; defer current event
473,10,0xc0a,BreezeCsrPipelineSpec.scala:67 via :72,5086425867266195839,5086425867266195838,1,1,publish previous attributed event; defer current event
474,7,0xb07,BreezeCsrPipelineSpec.scala:67 via :71,3973402585596379466,3973402585596379465,1,1,publish previous attributed event; defer current event
474,7,0xc07,BreezeCsrPipelineSpec.scala:67 via :72,3973402585596379466,3973402585596379465,1,1,publish previous attributed event; defer current event
474,8,0xb08,BreezeCsrPipelineSpec.scala:67 via :71,5056548105538615014,5056548105538615013,1,1,publish previous attributed event; defer current event
474,8,0xc08,BreezeCsrPipelineSpec.scala:67 via :72,5056548105538615014,5056548105538615013,1,1,publish previous attributed event; defer current event
474,9,0xb09,BreezeCsrPipelineSpec.scala:67 via :71,5672420752220315261,5672420752220315260,1,1,publish previous attributed event; defer current event
474,9,0xc09,BreezeCsrPipelineSpec.scala:67 via :72,5672420752220315261,5672420752220315260,1,1,publish previous attributed event; defer current event
474,10,0xb0a,BreezeCsrPipelineSpec.scala:67 via :71,5086425867266195840,5086425867266195839,1,1,publish previous attributed event; defer current event
474,10,0xc0a,BreezeCsrPipelineSpec.scala:67 via :72,5086425867266195840,5086425867266195839,1,1,publish previous attributed event; defer current event
475,7,0xb07,BreezeCsrPipelineSpec.scala:67 via :71,3973402585596379467,3973402585596379466,1,1,publish previous attributed event; defer current event
475,7,0xc07,BreezeCsrPipelineSpec.scala:67 via :72,3973402585596379467,3973402585596379466,1,1,publish previous attributed event; defer current event
477,7,0xb07,BreezeCsrPipelineSpec.scala:67 via :71,3973402585596379468,3973402585596379467,0,1,publish previous attributed event; defer current event
477,7,0xc07,BreezeCsrPipelineSpec.scala:67 via :72,3973402585596379468,3973402585596379467,0,1,publish previous attributed event; defer current event
477,8,0xb08,BreezeCsrPipelineSpec.scala:67 via :71,5056548105538615015,5056548105538615014,0,1,publish previous attributed event; defer current event
477,8,0xc08,BreezeCsrPipelineSpec.scala:67 via :72,5056548105538615015,5056548105538615014,0,1,publish previous attributed event; defer current event
478,7,0xb07,BreezeCsrPipelineSpec.scala:67 via :71,3973402585596379469,3973402585596379468,1,1,publish previous attributed event; defer current event
478,7,0xc07,BreezeCsrPipelineSpec.scala:67 via :72,3973402585596379469,3973402585596379468,1,1,publish previous attributed event; defer current event
479,6,0xb06,BreezeCsrPipelineSpec.scala:67 via :71,4167742920273764891,4167742920273764890,0,1,publish previous attributed event; defer current event
479,6,0xc06,BreezeCsrPipelineSpec.scala:67 via :72,4167742920273764891,4167742920273764890,0,1,publish previous attributed event; defer current event
480,6,0xb06,BreezeCsrPipelineSpec.scala:67 via :71,4167742920273764892,4167742920273764891,1,1,publish previous attributed event; defer current event
480,6,0xc06,BreezeCsrPipelineSpec.scala:67 via :72,4167742920273764892,4167742920273764891,1,1,publish previous attributed event; defer current event
480,8,0xb08,BreezeCsrPipelineSpec.scala:67 via :71,5056548105538615016,5056548105538615015,0,1,publish previous attributed event; defer current event
480,8,0xc08,BreezeCsrPipelineSpec.scala:67 via :72,5056548105538615016,5056548105538615015,0,1,publish previous attributed event; defer current event
481,7,0xb07,BreezeCsrPipelineSpec.scala:67 via :71,3973402585596379470,3973402585596379469,0,1,publish previous attributed event; defer current event
481,7,0xc07,BreezeCsrPipelineSpec.scala:67 via :72,3973402585596379470,3973402585596379469,0,1,publish previous attributed event; defer current event
481,8,0xb08,BreezeCsrPipelineSpec.scala:67 via :71,5056548105538615017,5056548105538615016,1,1,publish previous attributed event; defer current event
481,8,0xc08,BreezeCsrPipelineSpec.scala:67 via :72,5056548105538615017,5056548105538615016,1,1,publish previous attributed event; defer current event
482,6,0xb06,BreezeCsrPipelineSpec.scala:67 via :71,4167742920273764893,4167742920273764892,0,1,publish previous attributed event; defer current event
482,6,0xc06,BreezeCsrPipelineSpec.scala:67 via :72,4167742920273764893,4167742920273764892,0,1,publish previous attributed event; defer current event
482,7,0xb07,BreezeCsrPipelineSpec.scala:67 via :71,3973402585596379471,3973402585596379470,1,1,publish previous attributed event; defer current event
482,7,0xc07,BreezeCsrPipelineSpec.scala:67 via :72,3973402585596379471,3973402585596379470,1,1,publish previous attributed event; defer current event
482,8,0xb08,BreezeCsrPipelineSpec.scala:67 via :71,5056548105538615018,5056548105538615017,1,1,publish previous attributed event; defer current event
482,8,0xc08,BreezeCsrPipelineSpec.scala:67 via :72,5056548105538615018,5056548105538615017,1,1,publish previous attributed event; defer current event
486,7,0xb07,BreezeCsrPipelineSpec.scala:67 via :71,3973402585596379472,3973402585596379471,0,1,publish previous attributed event; defer current event
486,7,0xc07,BreezeCsrPipelineSpec.scala:67 via :72,3973402585596379472,3973402585596379471,0,1,publish previous attributed event; defer current event
486,8,0xb08,BreezeCsrPipelineSpec.scala:67 via :71,12727812362424516196,12727812362424516195,0,1,publish previous attributed event; defer current event
486,8,0xc08,BreezeCsrPipelineSpec.scala:67 via :72,12727812362424516196,12727812362424516195,0,1,publish previous attributed event; defer current event
487,6,0xb06,BreezeCsrPipelineSpec.scala:67 via :71,4167742920273764894,4167742920273764893,0,1,publish previous attributed event; defer current event
487,6,0xc06,BreezeCsrPipelineSpec.scala:67 via :72,4167742920273764894,4167742920273764893,0,1,publish previous attributed event; defer current event
487,7,0xb07,BreezeCsrPipelineSpec.scala:67 via :71,3973402585596379473,3973402585596379472,1,1,publish previous attributed event; defer current event
487,7,0xc07,BreezeCsrPipelineSpec.scala:67 via :72,3973402585596379473,3973402585596379472,1,1,publish previous attributed event; defer current event
487,8,0xb08,BreezeCsrPipelineSpec.scala:67 via :71,12727812362424516197,12727812362424516196,1,1,publish previous attributed event; defer current event
487,8,0xc08,BreezeCsrPipelineSpec.scala:67 via :72,12727812362424516197,12727812362424516196,1,1,publish previous attributed event; defer current event
488,6,0xb06,BreezeCsrPipelineSpec.scala:67 via :71,4167742920273764895,4167742920273764894,1,1,publish previous attributed event; defer current event
488,6,0xc06,BreezeCsrPipelineSpec.scala:67 via :72,4167742920273764895,4167742920273764894,1,1,publish previous attributed event; defer current event
488,7,0xb07,BreezeCsrPipelineSpec.scala:67 via :71,3973402585596379474,3973402585596379473,1,1,publish previous attributed event; defer current event
488,7,0xc07,BreezeCsrPipelineSpec.scala:67 via :72,3973402585596379474,3973402585596379473,1,1,publish previous attributed event; defer current event
489,7,0xb07,BreezeCsrPipelineSpec.scala:67 via :71,3973402585596379475,3973402585596379474,1,1,publish previous attributed event; defer current event
489,7,0xc07,BreezeCsrPipelineSpec.scala:67 via :72,3973402585596379475,3973402585596379474,1,1,publish previous attributed event; defer current event
491,6,0xb06,BreezeCsrPipelineSpec.scala:67 via :71,4167742920273764896,4167742920273764895,0,1,publish previous attributed event; defer current event
491,6,0xc06,BreezeCsrPipelineSpec.scala:67 via :72,4167742920273764896,4167742920273764895,0,1,publish previous attributed event; defer current event
491,8,0xb08,BreezeCsrPipelineSpec.scala:67 via :71,12727812362424516198,12727812362424516197,0,1,publish previous attributed event; defer current event
491,8,0xc08,BreezeCsrPipelineSpec.scala:67 via :72,12727812362424516198,12727812362424516197,0,1,publish previous attributed event; defer current event
491,10,0xb0a,BreezeCsrPipelineSpec.scala:67 via :71,5086425867266195841,5086425867266195840,0,1,publish previous attributed event; defer current event
491,10,0xc0a,BreezeCsrPipelineSpec.scala:67 via :72,5086425867266195841,5086425867266195840,0,1,publish previous attributed event; defer current event
492,3,0xb03,BreezeCsrPipelineSpec.scala:67 via :71,4612390339627580693,4612390339627580692,0,1,publish previous attributed event; defer current event
492,3,0xc03,BreezeCsrPipelineSpec.scala:67 via :72,4612390339627580693,4612390339627580692,0,1,publish previous attributed event; defer current event
492,6,0xb06,BreezeCsrPipelineSpec.scala:67 via :71,4167742920273764897,4167742920273764896,1,1,publish previous attributed event; defer current event
492,6,0xc06,BreezeCsrPipelineSpec.scala:67 via :72,4167742920273764897,4167742920273764896,1,1,publish previous attributed event; defer current event
492,7,0xb07,BreezeCsrPipelineSpec.scala:67 via :71,3973402585596379476,3973402585596379475,0,1,publish previous attributed event; defer current event
492,7,0xc07,BreezeCsrPipelineSpec.scala:67 via :72,3973402585596379476,3973402585596379475,0,1,publish previous attributed event; defer current event
492,8,0xb08,BreezeCsrPipelineSpec.scala:67 via :71,12727812362424516199,12727812362424516198,1,1,publish previous attributed event; defer current event
492,8,0xc08,BreezeCsrPipelineSpec.scala:67 via :72,12727812362424516199,12727812362424516198,1,1,publish previous attributed event; defer current event
492,10,0xb0a,BreezeCsrPipelineSpec.scala:67 via :71,5086425867266195842,5086425867266195841,1,1,publish previous attributed event; defer current event
492,10,0xc0a,BreezeCsrPipelineSpec.scala:67 via :72,5086425867266195842,5086425867266195841,1,1,publish previous attributed event; defer current event
493,3,0xb03,BreezeCsrPipelineSpec.scala:67 via :71,4612390339627580694,4612390339627580693,1,1,publish previous attributed event; defer current event
493,3,0xc03,BreezeCsrPipelineSpec.scala:67 via :72,4612390339627580694,4612390339627580693,1,1,publish previous attributed event; defer current event
493,6,0xb06,BreezeCsrPipelineSpec.scala:67 via :71,4167742920273764898,4167742920273764897,1,1,publish previous attributed event; defer current event
493,6,0xc06,BreezeCsrPipelineSpec.scala:67 via :72,4167742920273764898,4167742920273764897,1,1,publish previous attributed event; defer current event
493,8,0xb08,BreezeCsrPipelineSpec.scala:67 via :71,12727812362424516200,12727812362424516199,1,1,publish previous attributed event; defer current event
493,8,0xc08,BreezeCsrPipelineSpec.scala:67 via :72,12727812362424516200,12727812362424516199,1,1,publish previous attributed event; defer current event
493,10,0xb0a,BreezeCsrPipelineSpec.scala:67 via :71,5086425867266195843,5086425867266195842,1,1,publish previous attributed event; defer current event
493,10,0xc0a,BreezeCsrPipelineSpec.scala:67 via :72,5086425867266195843,5086425867266195842,1,1,publish previous attributed event; defer current event
494,3,0xb03,BreezeCsrPipelineSpec.scala:67 via :71,4612390339627580695,4612390339627580694,1,1,publish previous attributed event; defer current event
494,3,0xc03,BreezeCsrPipelineSpec.scala:67 via :72,4612390339627580695,4612390339627580694,1,1,publish previous attributed event; defer current event
494,8,0xb08,BreezeCsrPipelineSpec.scala:67 via :71,12727812362424516201,12727812362424516200,1,1,publish previous attributed event; defer current event
494,8,0xc08,BreezeCsrPipelineSpec.scala:67 via :72,12727812362424516201,12727812362424516200,1,1,publish previous attributed event; defer current event
494,10,0xb0a,BreezeCsrPipelineSpec.scala:67 via :71,5086425867266195844,5086425867266195843,1,1,publish previous attributed event; defer current event
494,10,0xc0a,BreezeCsrPipelineSpec.scala:67 via :72,5086425867266195844,5086425867266195843,1,1,publish previous attributed event; defer current event
495,7,0xb07,BreezeCsrPipelineSpec.scala:67 via :71,3973402585596379477,3973402585596379476,0,1,publish previous attributed event; defer current event
495,7,0xc07,BreezeCsrPipelineSpec.scala:67 via :72,3973402585596379477,3973402585596379476,0,1,publish previous attributed event; defer current event
495,8,0xb08,BreezeCsrPipelineSpec.scala:67 via :71,12727812362424516202,12727812362424516201,1,1,publish previous attributed event; defer current event
495,8,0xc08,BreezeCsrPipelineSpec.scala:67 via :72,12727812362424516202,12727812362424516201,1,1,publish previous attributed event; defer current event
495,10,0xb0a,BreezeCsrPipelineSpec.scala:67 via :71,5086425867266195845,5086425867266195844,1,1,publish previous attributed event; defer current event
495,10,0xc0a,BreezeCsrPipelineSpec.scala:67 via :72,5086425867266195845,5086425867266195844,1,1,publish previous attributed event; defer current event
496,3,0xb03,BreezeCsrPipelineSpec.scala:67 via :71,4612390339627580696,4612390339627580695,0,1,publish previous attributed event; defer current event
496,3,0xc03,BreezeCsrPipelineSpec.scala:67 via :72,4612390339627580696,4612390339627580695,0,1,publish previous attributed event; defer current event
496,7,0xb07,BreezeCsrPipelineSpec.scala:67 via :71,3973402585596379478,3973402585596379477,1,1,publish previous attributed event; defer current event
496,7,0xc07,BreezeCsrPipelineSpec.scala:67 via :72,3973402585596379478,3973402585596379477,1,1,publish previous attributed event; defer current event
497,3,0xb03,BreezeCsrPipelineSpec.scala:67 via :71,4612390339627580697,4612390339627580696,1,1,publish previous attributed event; defer current event
497,3,0xc03,BreezeCsrPipelineSpec.scala:67 via :72,4612390339627580697,4612390339627580696,1,1,publish previous attributed event; defer current event
497,6,0xb06,BreezeCsrPipelineSpec.scala:67 via :71,4167742920273764899,4167742920273764898,0,1,publish previous attributed event; defer current event
497,6,0xc06,BreezeCsrPipelineSpec.scala:67 via :72,4167742920273764899,4167742920273764898,0,1,publish previous attributed event; defer current event
497,8,0xb08,BreezeCsrPipelineSpec.scala:67 via :71,12727812362424516203,12727812362424516202,0,1,publish previous attributed event; defer current event
497,8,0xc08,BreezeCsrPipelineSpec.scala:67 via :72,12727812362424516203,12727812362424516202,0,1,publish previous attributed event; defer current event
497,10,0xb0a,BreezeCsrPipelineSpec.scala:67 via :71,5086425867266195846,5086425867266195845,0,1,publish previous attributed event; defer current event
497,10,0xc0a,BreezeCsrPipelineSpec.scala:67 via :72,5086425867266195846,5086425867266195845,0,1,publish previous attributed event; defer current event
498,3,0xb03,BreezeCsrPipelineSpec.scala:67 via :71,4612390339627580698,4612390339627580697,1,1,publish previous attributed event; defer current event
498,3,0xc03,BreezeCsrPipelineSpec.scala:67 via :72,4612390339627580698,4612390339627580697,1,1,publish previous attributed event; defer current event
498,7,0xb07,BreezeCsrPipelineSpec.scala:67 via :71,3973402585596379479,3973402585596379478,0,1,publish previous attributed event; defer current event
498,7,0xc07,BreezeCsrPipelineSpec.scala:67 via :72,3973402585596379479,3973402585596379478,0,1,publish previous attributed event; defer current event
498,8,0xb08,BreezeCsrPipelineSpec.scala:67 via :71,12727812362424516204,12727812362424516203,1,1,publish previous attributed event; defer current event
498,8,0xc08,BreezeCsrPipelineSpec.scala:67 via :72,12727812362424516204,12727812362424516203,1,1,publish previous attributed event; defer current event
498,10,0xb0a,BreezeCsrPipelineSpec.scala:67 via :71,5086425867266195847,5086425867266195846,1,1,publish previous attributed event; defer current event
498,10,0xc0a,BreezeCsrPipelineSpec.scala:67 via :72,5086425867266195847,5086425867266195846,1,1,publish previous attributed event; defer current event
499,6,0xb06,BreezeCsrPipelineSpec.scala:67 via :71,4167742920273764900,4167742920273764899,0,1,publish previous attributed event; defer current event
499,6,0xc06,BreezeCsrPipelineSpec.scala:67 via :72,4167742920273764900,4167742920273764899,0,1,publish previous attributed event; defer current event
499,7,0xb07,BreezeCsrPipelineSpec.scala:67 via :71,3973402585596379480,3973402585596379479,1,1,publish previous attributed event; defer current event
499,7,0xc07,BreezeCsrPipelineSpec.scala:67 via :72,3973402585596379480,3973402585596379479,1,1,publish previous attributed event; defer current event
500,8,0xb08,BreezeCsrPipelineSpec.scala:67 via :71,12727812362424516205,12727812362424516204,0,1,publish previous attributed event; defer current event
500,8,0xc08,BreezeCsrPipelineSpec.scala:67 via :72,12727812362424516205,12727812362424516204,0,1,publish previous attributed event; defer current event
500,10,0xb0a,BreezeCsrPipelineSpec.scala:67 via :71,5086425867266195848,5086425867266195847,0,1,publish previous attributed event; defer current event
500,10,0xc0a,BreezeCsrPipelineSpec.scala:67 via :72,5086425867266195848,5086425867266195847,0,1,publish previous attributed event; defer current event
502,3,0xb03,BreezeCsrPipelineSpec.scala:67 via :71,4612390339627580699,4612390339627580698,0,1,publish previous attributed event; defer current event
502,3,0xc03,BreezeCsrPipelineSpec.scala:67 via :72,4612390339627580699,4612390339627580698,0,1,publish previous attributed event; defer current event
502,8,0xb08,BreezeCsrPipelineSpec.scala:67 via :71,12727812362424516206,12727812362424516205,0,1,publish previous attributed event; defer current event
502,8,0xc08,BreezeCsrPipelineSpec.scala:67 via :72,12727812362424516206,12727812362424516205,0,1,publish previous attributed event; defer current event
503,3,0xb03,BreezeCsrPipelineSpec.scala:67 via :71,4612390339627580700,4612390339627580699,1,1,publish previous attributed event; defer current event
503,3,0xc03,BreezeCsrPipelineSpec.scala:67 via :72,4612390339627580700,4612390339627580699,1,1,publish previous attributed event; defer current event
503,8,0xb08,BreezeCsrPipelineSpec.scala:67 via :71,12727812362424516207,12727812362424516206,1,1,publish previous attributed event; defer current event
503,8,0xc08,BreezeCsrPipelineSpec.scala:67 via :72,12727812362424516207,12727812362424516206,1,1,publish previous attributed event; defer current event
504,3,0xb03,BreezeCsrPipelineSpec.scala:67 via :71,4612390339627580701,4612390339627580700,1,1,publish previous attributed event; defer current event
504,3,0xc03,BreezeCsrPipelineSpec.scala:67 via :72,4612390339627580701,4612390339627580700,1,1,publish previous attributed event; defer current event
504,8,0xb08,BreezeCsrPipelineSpec.scala:67 via :71,12727812362424516208,12727812362424516207,1,1,publish previous attributed event; defer current event
504,8,0xc08,BreezeCsrPipelineSpec.scala:67 via :72,12727812362424516208,12727812362424516207,1,1,publish previous attributed event; defer current event
505,3,0xb03,BreezeCsrPipelineSpec.scala:67 via :71,4612390339627580702,4612390339627580701,1,1,publish previous attributed event; defer current event
505,3,0xc03,BreezeCsrPipelineSpec.scala:67 via :72,4612390339627580702,4612390339627580701,1,1,publish previous attributed event; defer current event
505,6,0xb06,BreezeCsrPipelineSpec.scala:67 via :71,4167742920273764901,4167742920273764900,0,1,publish previous attributed event; defer current event
505,6,0xc06,BreezeCsrPipelineSpec.scala:67 via :72,4167742920273764901,4167742920273764900,0,1,publish previous attributed event; defer current event
506,6,0xb06,BreezeCsrPipelineSpec.scala:67 via :71,4167742920273764902,4167742920273764901,1,1,publish previous attributed event; defer current event
506,6,0xc06,BreezeCsrPipelineSpec.scala:67 via :72,4167742920273764902,4167742920273764901,1,1,publish previous attributed event; defer current event
509,3,0xb03,BreezeCsrPipelineSpec.scala:67 via :71,4612390339627580703,4612390339627580702,0,1,publish previous attributed event; defer current event
509,3,0xc03,BreezeCsrPipelineSpec.scala:67 via :72,4612390339627580703,4612390339627580702,0,1,publish previous attributed event; defer current event
510,7,0xb07,BreezeCsrPipelineSpec.scala:67 via :71,14120563904562166097,14120563904562166096,0,1,publish previous attributed event; defer current event
510,7,0xc07,BreezeCsrPipelineSpec.scala:67 via :72,14120563904562166097,14120563904562166096,0,1,publish previous attributed event; defer current event
511,3,0xb03,BreezeCsrPipelineSpec.scala:67 via :71,4612390339627580704,4612390339627580703,0,1,publish previous attributed event; defer current event
511,3,0xc03,BreezeCsrPipelineSpec.scala:67 via :72,4612390339627580704,4612390339627580703,0,1,publish previous attributed event; defer current event
511,8,0xb08,BreezeCsrPipelineSpec.scala:67 via :71,4133059167517225728,4133059167517225727,0,1,publish previous attributed event; defer current event
511,8,0xc08,BreezeCsrPipelineSpec.scala:67 via :72,4133059167517225728,4133059167517225727,0,1,publish previous attributed event; defer current event
512,7,0xb07,BreezeCsrPipelineSpec.scala:67 via :71,14120563904562166098,14120563904562166097,0,1,publish previous attributed event; defer current event
512,7,0xc07,BreezeCsrPipelineSpec.scala:67 via :72,14120563904562166098,14120563904562166097,0,1,publish previous attributed event; defer current event
512,8,0xb08,BreezeCsrPipelineSpec.scala:67 via :71,4133059167517225729,4133059167517225728,1,1,publish previous attributed event; defer current event
512,8,0xc08,BreezeCsrPipelineSpec.scala:67 via :72,4133059167517225729,4133059167517225728,1,1,publish previous attributed event; defer current event
513,7,0xb07,BreezeCsrPipelineSpec.scala:67 via :71,14120563904562166099,14120563904562166098,1,1,publish previous attributed event; defer current event
513,7,0xc07,BreezeCsrPipelineSpec.scala:67 via :72,14120563904562166099,14120563904562166098,1,1,publish previous attributed event; defer current event
513,8,0xb08,BreezeCsrPipelineSpec.scala:67 via :71,4133059167517225730,4133059167517225729,1,1,publish previous attributed event; defer current event
513,8,0xc08,BreezeCsrPipelineSpec.scala:67 via :72,4133059167517225730,4133059167517225729,1,1,publish previous attributed event; defer current event
514,7,0xb07,BreezeCsrPipelineSpec.scala:67 via :71,14120563904562166100,14120563904562166099,1,1,publish previous attributed event; defer current event
514,7,0xc07,BreezeCsrPipelineSpec.scala:67 via :72,14120563904562166100,14120563904562166099,1,1,publish previous attributed event; defer current event
515,3,0xb03,BreezeCsrPipelineSpec.scala:67 via :71,4612390339627580705,4612390339627580704,0,1,publish previous attributed event; defer current event
515,3,0xc03,BreezeCsrPipelineSpec.scala:67 via :72,4612390339627580705,4612390339627580704,0,1,publish previous attributed event; defer current event
515,8,0xb08,BreezeCsrPipelineSpec.scala:67 via :71,4133059167517225731,4133059167517225730,0,1,publish previous attributed event; defer current event
515,8,0xc08,BreezeCsrPipelineSpec.scala:67 via :72,4133059167517225731,4133059167517225730,0,1,publish previous attributed event; defer current event
516,3,0xb03,BreezeCsrPipelineSpec.scala:67 via :71,4612390339627580706,4612390339627580705,1,1,publish previous attributed event; defer current event
516,3,0xc03,BreezeCsrPipelineSpec.scala:67 via :72,4612390339627580706,4612390339627580705,1,1,publish previous attributed event; defer current event
516,7,0xb07,BreezeCsrPipelineSpec.scala:67 via :71,14120563904562166101,14120563904562166100,0,1,publish previous attributed event; defer current event
516,7,0xc07,BreezeCsrPipelineSpec.scala:67 via :72,14120563904562166101,14120563904562166100,0,1,publish previous attributed event; defer current event
517,7,0xb07,BreezeCsrPipelineSpec.scala:67 via :71,14120563904562166102,14120563904562166101,1,1,publish previous attributed event; defer current event
517,7,0xc07,BreezeCsrPipelineSpec.scala:67 via :72,14120563904562166102,14120563904562166101,1,1,publish previous attributed event; defer current event
520,3,0xb03,BreezeCsrPipelineSpec.scala:67 via :71,4612390339627580707,4612390339627580706,0,1,publish previous attributed event; defer current event
520,3,0xc03,BreezeCsrPipelineSpec.scala:67 via :72,4612390339627580707,4612390339627580706,0,1,publish previous attributed event; defer current event
521,3,0xb03,BreezeCsrPipelineSpec.scala:67 via :71,4612390339627580708,4612390339627580707,1,1,publish previous attributed event; defer current event
521,3,0xc03,BreezeCsrPipelineSpec.scala:67 via :72,4612390339627580708,4612390339627580707,1,1,publish previous attributed event; defer current event
521,8,0xb08,BreezeCsrPipelineSpec.scala:67 via :71,4133059167517225732,4133059167517225731,0,1,publish previous attributed event; defer current event
521,8,0xc08,BreezeCsrPipelineSpec.scala:67 via :72,4133059167517225732,4133059167517225731,0,1,publish previous attributed event; defer current event
523,3,0xb03,BreezeCsrPipelineSpec.scala:67 via :71,4612390339627580709,4612390339627580708,0,1,publish previous attributed event; defer current event
523,3,0xc03,BreezeCsrPipelineSpec.scala:67 via :72,4612390339627580709,4612390339627580708,0,1,publish previous attributed event; defer current event
523,7,0xb07,BreezeCsrPipelineSpec.scala:67 via :71,14120563904562166103,14120563904562166102,0,1,publish previous attributed event; defer current event
523,7,0xc07,BreezeCsrPipelineSpec.scala:67 via :72,14120563904562166103,14120563904562166102,0,1,publish previous attributed event; defer current event
523,8,0xb08,BreezeCsrPipelineSpec.scala:67 via :71,4133059167517225733,4133059167517225732,0,1,publish previous attributed event; defer current event
523,8,0xc08,BreezeCsrPipelineSpec.scala:67 via :72,4133059167517225733,4133059167517225732,0,1,publish previous attributed event; defer current event
524,7,0xb07,BreezeCsrPipelineSpec.scala:67 via :71,14120563904562166104,14120563904562166103,1,1,publish previous attributed event; defer current event
524,7,0xc07,BreezeCsrPipelineSpec.scala:67 via :72,14120563904562166104,14120563904562166103,1,1,publish previous attributed event; defer current event
524,8,0xb08,BreezeCsrPipelineSpec.scala:67 via :71,4133059167517225734,4133059167517225733,1,1,publish previous attributed event; defer current event
524,8,0xc08,BreezeCsrPipelineSpec.scala:67 via :72,4133059167517225734,4133059167517225733,1,1,publish previous attributed event; defer current event
525,7,0xb07,BreezeCsrPipelineSpec.scala:67 via :71,14120563904562166105,14120563904562166104,1,1,publish previous attributed event; defer current event
525,7,0xc07,BreezeCsrPipelineSpec.scala:67 via :72,14120563904562166105,14120563904562166104,1,1,publish previous attributed event; defer current event
526,10,0xb0a,BreezeCsrPipelineSpec.scala:67 via :71,14247715419215585424,14247715419215585423,0,1,publish previous attributed event; defer current event
526,10,0xc0a,BreezeCsrPipelineSpec.scala:67 via :72,14247715419215585424,14247715419215585423,0,1,publish previous attributed event; defer current event
527,7,0xb07,BreezeCsrPipelineSpec.scala:67 via :71,14120563904562166106,14120563904562166105,0,1,publish previous attributed event; defer current event
527,7,0xc07,BreezeCsrPipelineSpec.scala:67 via :72,14120563904562166106,14120563904562166105,0,1,publish previous attributed event; defer current event
528,7,0xb07,BreezeCsrPipelineSpec.scala:67 via :71,14120563904562166107,14120563904562166106,1,1,publish previous attributed event; defer current event
528,7,0xc07,BreezeCsrPipelineSpec.scala:67 via :72,14120563904562166107,14120563904562166106,1,1,publish previous attributed event; defer current event
529,3,0xb03,BreezeCsrPipelineSpec.scala:67 via :71,4612390339627580710,4612390339627580709,0,1,publish previous attributed event; defer current event
529,3,0xc03,BreezeCsrPipelineSpec.scala:67 via :72,4612390339627580710,4612390339627580709,0,1,publish previous attributed event; defer current event
529,7,0xb07,BreezeCsrPipelineSpec.scala:67 via :71,14120563904562166108,14120563904562166107,1,1,publish previous attributed event; defer current event
529,7,0xc07,BreezeCsrPipelineSpec.scala:67 via :72,14120563904562166108,14120563904562166107,1,1,publish previous attributed event; defer current event
529,10,0xb0a,BreezeCsrPipelineSpec.scala:67 via :71,14247715419215585425,14247715419215585424,0,1,publish previous attributed event; defer current event
529,10,0xc0a,BreezeCsrPipelineSpec.scala:67 via :72,14247715419215585425,14247715419215585424,0,1,publish previous attributed event; defer current event
530,10,0xb0a,BreezeCsrPipelineSpec.scala:67 via :71,14247715419215585426,14247715419215585425,1,1,publish previous attributed event; defer current event
530,10,0xc0a,BreezeCsrPipelineSpec.scala:67 via :72,14247715419215585426,14247715419215585425,1,1,publish previous attributed event; defer current event
531,3,0xb03,BreezeCsrPipelineSpec.scala:67 via :71,4612390339627580711,4612390339627580710,0,1,publish previous attributed event; defer current event
531,3,0xc03,BreezeCsrPipelineSpec.scala:67 via :72,4612390339627580711,4612390339627580710,0,1,publish previous attributed event; defer current event
531,9,0xb09,BreezeCsrPipelineSpec.scala:67 via :71,14798949800750129698,14798949800750129697,0,1,publish previous attributed event; defer current event
531,9,0xc09,BreezeCsrPipelineSpec.scala:67 via :72,14798949800750129698,14798949800750129697,0,1,publish previous attributed event; defer current event
532,3,0xb03,BreezeCsrPipelineSpec.scala:67 via :71,4612390339627580712,4612390339627580711,1,1,publish previous attributed event; defer current event
532,3,0xc03,BreezeCsrPipelineSpec.scala:67 via :72,4612390339627580712,4612390339627580711,1,1,publish previous attributed event; defer current event
532,6,0xb06,BreezeCsrPipelineSpec.scala:67 via :71,4167742920273764903,4167742920273764902,0,1,publish previous attributed event; defer current event
532,6,0xc06,BreezeCsrPipelineSpec.scala:67 via :72,4167742920273764903,4167742920273764902,0,1,publish previous attributed event; defer current event
532,8,0xb08,BreezeCsrPipelineSpec.scala:67 via :71,4133059167517225735,4133059167517225734,0,1,publish previous attributed event; defer current event
532,8,0xc08,BreezeCsrPipelineSpec.scala:67 via :72,4133059167517225735,4133059167517225734,0,1,publish previous attributed event; defer current event
532,10,0xb0a,BreezeCsrPipelineSpec.scala:67 via :71,14247715419215585427,14247715419215585426,0,1,publish previous attributed event; defer current event
532,10,0xc0a,BreezeCsrPipelineSpec.scala:67 via :72,14247715419215585427,14247715419215585426,0,1,publish previous attributed event; defer current event
533,3,0xb03,BreezeCsrPipelineSpec.scala:67 via :71,4612390339627580713,4612390339627580712,1,1,publish previous attributed event; defer current event
533,3,0xc03,BreezeCsrPipelineSpec.scala:67 via :72,4612390339627580713,4612390339627580712,1,1,publish previous attributed event; defer current event
535,3,0xb03,BreezeCsrPipelineSpec.scala:67 via :71,4612390339627580714,4612390339627580713,0,1,publish previous attributed event; defer current event
535,3,0xc03,BreezeCsrPipelineSpec.scala:67 via :72,4612390339627580714,4612390339627580713,0,1,publish previous attributed event; defer current event
535,6,0xb06,BreezeCsrPipelineSpec.scala:67 via :71,4167742920273764904,4167742920273764903,0,1,publish previous attributed event; defer current event
535,6,0xc06,BreezeCsrPipelineSpec.scala:67 via :72,4167742920273764904,4167742920273764903,0,1,publish previous attributed event; defer current event
535,8,0xb08,BreezeCsrPipelineSpec.scala:67 via :71,4133059167517225736,4133059167517225735,0,1,publish previous attributed event; defer current event
535,8,0xc08,BreezeCsrPipelineSpec.scala:67 via :72,4133059167517225736,4133059167517225735,0,1,publish previous attributed event; defer current event
535,9,0xb09,BreezeCsrPipelineSpec.scala:67 via :71,14798949800750129699,14798949800750129698,0,1,publish previous attributed event; defer current event
535,9,0xc09,BreezeCsrPipelineSpec.scala:67 via :72,14798949800750129699,14798949800750129698,0,1,publish previous attributed event; defer current event
535,10,0xb0a,BreezeCsrPipelineSpec.scala:67 via :71,14247715419215585428,14247715419215585427,0,1,publish previous attributed event; defer current event
535,10,0xc0a,BreezeCsrPipelineSpec.scala:67 via :72,14247715419215585428,14247715419215585427,0,1,publish previous attributed event; defer current event
536,6,0xb06,BreezeCsrPipelineSpec.scala:67 via :71,4167742920273764905,4167742920273764904,1,1,publish previous attributed event; defer current event
536,6,0xc06,BreezeCsrPipelineSpec.scala:67 via :72,4167742920273764905,4167742920273764904,1,1,publish previous attributed event; defer current event
536,9,0xb09,BreezeCsrPipelineSpec.scala:67 via :71,14798949800750129700,14798949800750129699,1,1,publish previous attributed event; defer current event
536,9,0xc09,BreezeCsrPipelineSpec.scala:67 via :72,14798949800750129700,14798949800750129699,1,1,publish previous attributed event; defer current event
537,6,0xb06,BreezeCsrPipelineSpec.scala:67 via :71,4167742920273764906,4167742920273764905,1,1,publish previous attributed event; defer current event
537,6,0xc06,BreezeCsrPipelineSpec.scala:67 via :72,4167742920273764906,4167742920273764905,1,1,publish previous attributed event; defer current event
537,9,0xb09,BreezeCsrPipelineSpec.scala:67 via :71,14798949800750129701,14798949800750129700,1,1,publish previous attributed event; defer current event
537,9,0xc09,BreezeCsrPipelineSpec.scala:67 via :72,14798949800750129701,14798949800750129700,1,1,publish previous attributed event; defer current event
538,3,0xb03,BreezeCsrPipelineSpec.scala:67 via :71,4612390339627580715,4612390339627580714,0,1,publish previous attributed event; defer current event
538,3,0xc03,BreezeCsrPipelineSpec.scala:67 via :72,4612390339627580715,4612390339627580714,0,1,publish previous attributed event; defer current event
538,6,0xb06,BreezeCsrPipelineSpec.scala:67 via :71,4167742920273764907,4167742920273764906,1,1,publish previous attributed event; defer current event
538,6,0xc06,BreezeCsrPipelineSpec.scala:67 via :72,4167742920273764907,4167742920273764906,1,1,publish previous attributed event; defer current event
538,8,0xb08,BreezeCsrPipelineSpec.scala:67 via :71,4133059167517225737,4133059167517225736,0,1,publish previous attributed event; defer current event
538,8,0xc08,BreezeCsrPipelineSpec.scala:67 via :72,4133059167517225737,4133059167517225736,0,1,publish previous attributed event; defer current event
538,9,0xb09,BreezeCsrPipelineSpec.scala:67 via :71,14798949800750129702,14798949800750129701,1,1,publish previous attributed event; defer current event
538,9,0xc09,BreezeCsrPipelineSpec.scala:67 via :72,14798949800750129702,14798949800750129701,1,1,publish previous attributed event; defer current event
538,10,0xb0a,BreezeCsrPipelineSpec.scala:67 via :71,14247715419215585429,14247715419215585428,0,1,publish previous attributed event; defer current event
538,10,0xc0a,BreezeCsrPipelineSpec.scala:67 via :72,14247715419215585429,14247715419215585428,0,1,publish previous attributed event; defer current event
539,6,0xb06,BreezeCsrPipelineSpec.scala:67 via :71,4167742920273764908,4167742920273764907,1,1,publish previous attributed event; defer current event
539,6,0xc06,BreezeCsrPipelineSpec.scala:67 via :72,4167742920273764908,4167742920273764907,1,1,publish previous attributed event; defer current event
539,8,0xb08,BreezeCsrPipelineSpec.scala:67 via :71,4133059167517225738,4133059167517225737,1,1,publish previous attributed event; defer current event
539,8,0xc08,BreezeCsrPipelineSpec.scala:67 via :72,4133059167517225738,4133059167517225737,1,1,publish previous attributed event; defer current event
539,9,0xb09,BreezeCsrPipelineSpec.scala:67 via :71,14798949800750129703,14798949800750129702,1,1,publish previous attributed event; defer current event
539,9,0xc09,BreezeCsrPipelineSpec.scala:67 via :72,14798949800750129703,14798949800750129702,1,1,publish previous attributed event; defer current event
539,10,0xb0a,BreezeCsrPipelineSpec.scala:67 via :71,14247715419215585430,14247715419215585429,1,1,publish previous attributed event; defer current event
539,10,0xc0a,BreezeCsrPipelineSpec.scala:67 via :72,14247715419215585430,14247715419215585429,1,1,publish previous attributed event; defer current event
540,3,0xb03,BreezeCsrPipelineSpec.scala:67 via :71,4612390339627580716,4612390339627580715,0,1,publish previous attributed event; defer current event
540,3,0xc03,BreezeCsrPipelineSpec.scala:67 via :72,4612390339627580716,4612390339627580715,0,1,publish previous attributed event; defer current event
540,6,0xb06,BreezeCsrPipelineSpec.scala:67 via :71,4167742920273764909,4167742920273764908,1,1,publish previous attributed event; defer current event
540,6,0xc06,BreezeCsrPipelineSpec.scala:67 via :72,4167742920273764909,4167742920273764908,1,1,publish previous attributed event; defer current event
540,9,0xb09,BreezeCsrPipelineSpec.scala:67 via :71,14798949800750129704,14798949800750129703,1,1,publish previous attributed event; defer current event
540,9,0xc09,BreezeCsrPipelineSpec.scala:67 via :72,14798949800750129704,14798949800750129703,1,1,publish previous attributed event; defer current event
541,3,0xb03,BreezeCsrPipelineSpec.scala:67 via :71,4612390339627580717,4612390339627580716,1,1,publish previous attributed event; defer current event
541,3,0xc03,BreezeCsrPipelineSpec.scala:67 via :72,4612390339627580717,4612390339627580716,1,1,publish previous attributed event; defer current event
541,6,0xb06,BreezeCsrPipelineSpec.scala:67 via :71,4167742920273764910,4167742920273764909,1,1,publish previous attributed event; defer current event
541,6,0xc06,BreezeCsrPipelineSpec.scala:67 via :72,4167742920273764910,4167742920273764909,1,1,publish previous attributed event; defer current event
541,8,0xb08,BreezeCsrPipelineSpec.scala:67 via :71,4133059167517225739,4133059167517225738,0,1,publish previous attributed event; defer current event
541,8,0xc08,BreezeCsrPipelineSpec.scala:67 via :72,4133059167517225739,4133059167517225738,0,1,publish previous attributed event; defer current event
541,9,0xb09,BreezeCsrPipelineSpec.scala:67 via :71,14798949800750129705,14798949800750129704,1,1,publish previous attributed event; defer current event
541,9,0xc09,BreezeCsrPipelineSpec.scala:67 via :72,14798949800750129705,14798949800750129704,1,1,publish previous attributed event; defer current event
541,10,0xb0a,BreezeCsrPipelineSpec.scala:67 via :71,14247715419215585431,14247715419215585430,0,1,publish previous attributed event; defer current event
541,10,0xc0a,BreezeCsrPipelineSpec.scala:67 via :72,14247715419215585431,14247715419215585430,0,1,publish previous attributed event; defer current event
542,3,0xb03,BreezeCsrPipelineSpec.scala:67 via :71,4612390339627580718,4612390339627580717,1,1,publish previous attributed event; defer current event
542,3,0xc03,BreezeCsrPipelineSpec.scala:67 via :72,4612390339627580718,4612390339627580717,1,1,publish previous attributed event; defer current event
542,6,0xb06,BreezeCsrPipelineSpec.scala:67 via :71,4167742920273764911,4167742920273764910,1,1,publish previous attributed event; defer current event
542,6,0xc06,BreezeCsrPipelineSpec.scala:67 via :72,4167742920273764911,4167742920273764910,1,1,publish previous attributed event; defer current event
542,8,0xb08,BreezeCsrPipelineSpec.scala:67 via :71,4133059167517225740,4133059167517225739,1,1,publish previous attributed event; defer current event
542,8,0xc08,BreezeCsrPipelineSpec.scala:67 via :72,4133059167517225740,4133059167517225739,1,1,publish previous attributed event; defer current event
542,9,0xb09,BreezeCsrPipelineSpec.scala:67 via :71,14798949800750129706,14798949800750129705,1,1,publish previous attributed event; defer current event
542,9,0xc09,BreezeCsrPipelineSpec.scala:67 via :72,14798949800750129706,14798949800750129705,1,1,publish previous attributed event; defer current event
542,10,0xb0a,BreezeCsrPipelineSpec.scala:67 via :71,14247715419215585432,14247715419215585431,1,1,publish previous attributed event; defer current event
542,10,0xc0a,BreezeCsrPipelineSpec.scala:67 via :72,14247715419215585432,14247715419215585431,1,1,publish previous attributed event; defer current event
543,6,0xb06,BreezeCsrPipelineSpec.scala:67 via :71,4167742920273764912,4167742920273764911,1,1,publish previous attributed event; defer current event
543,6,0xc06,BreezeCsrPipelineSpec.scala:67 via :72,4167742920273764912,4167742920273764911,1,1,publish previous attributed event; defer current event
544,5,0xb05,BreezeCsrPipelineSpec.scala:67 via :71,16627974805861295940,16627974805861295939,0,1,publish previous attributed event; defer current event
544,5,0xc05,BreezeCsrPipelineSpec.scala:67 via :72,16627974805861295940,16627974805861295939,0,1,publish previous attributed event; defer current event
545,5,0xb05,BreezeCsrPipelineSpec.scala:67 via :71,16627974805861295941,16627974805861295940,1,1,publish previous attributed event; defer current event
545,5,0xc05,BreezeCsrPipelineSpec.scala:67 via :72,16627974805861295941,16627974805861295940,1,1,publish previous attributed event; defer current event
545,8,0xb08,BreezeCsrPipelineSpec.scala:67 via :71,4133059167517225741,4133059167517225740,0,1,publish previous attributed event; defer current event
545,8,0xc08,BreezeCsrPipelineSpec.scala:67 via :72,4133059167517225741,4133059167517225740,0,1,publish previous attributed event; defer current event
545,10,0xb0a,BreezeCsrPipelineSpec.scala:67 via :71,14247715419215585433,14247715419215585432,0,1,publish previous attributed event; defer current event
545,10,0xc0a,BreezeCsrPipelineSpec.scala:67 via :72,14247715419215585433,14247715419215585432,0,1,publish previous attributed event; defer current event
546,5,0xb05,BreezeCsrPipelineSpec.scala:67 via :71,16627974805861295942,16627974805861295941,1,1,publish previous attributed event; defer current event
546,5,0xc05,BreezeCsrPipelineSpec.scala:67 via :72,16627974805861295942,16627974805861295941,1,1,publish previous attributed event; defer current event
546,6,0xb06,BreezeCsrPipelineSpec.scala:67 via :71,4167742920273764913,4167742920273764912,0,1,publish previous attributed event; defer current event
546,6,0xc06,BreezeCsrPipelineSpec.scala:67 via :72,4167742920273764913,4167742920273764912,0,1,publish previous attributed event; defer current event
547,4,0xb04,BreezeCsrPipelineSpec.scala:67 via :71,15594332208313527709,15594332208313527708,0,1,publish previous attributed event; defer current event
547,4,0xc04,BreezeCsrPipelineSpec.scala:67 via :72,15594332208313527709,15594332208313527708,0,1,publish previous attributed event; defer current event
547,5,0xb05,BreezeCsrPipelineSpec.scala:67 via :71,16627974805861295943,16627974805861295942,1,1,publish previous attributed event; defer current event
547,5,0xc05,BreezeCsrPipelineSpec.scala:67 via :72,16627974805861295943,16627974805861295942,1,1,publish previous attributed event; defer current event
548,8,0xb08,BreezeCsrPipelineSpec.scala:67 via :71,4133059167517225742,4133059167517225741,0,1,publish previous attributed event; defer current event
548,8,0xc08,BreezeCsrPipelineSpec.scala:67 via :72,4133059167517225742,4133059167517225741,0,1,publish previous attributed event; defer current event
548,10,0xb0a,BreezeCsrPipelineSpec.scala:67 via :71,14247715419215585434,14247715419215585433,0,1,publish previous attributed event; defer current event
548,10,0xc0a,BreezeCsrPipelineSpec.scala:67 via :72,14247715419215585434,14247715419215585433,0,1,publish previous attributed event; defer current event
549,4,0xb04,BreezeCsrPipelineSpec.scala:67 via :71,15594332208313527710,15594332208313527709,0,1,publish previous attributed event; defer current event
549,4,0xc04,BreezeCsrPipelineSpec.scala:67 via :72,15594332208313527710,15594332208313527709,0,1,publish previous attributed event; defer current event
549,5,0xb05,BreezeCsrPipelineSpec.scala:67 via :71,16627974805861295944,16627974805861295943,0,1,publish previous attributed event; defer current event
549,5,0xc05,BreezeCsrPipelineSpec.scala:67 via :72,16627974805861295944,16627974805861295943,0,1,publish previous attributed event; defer current event
549,8,0xb08,BreezeCsrPipelineSpec.scala:67 via :71,4133059167517225743,4133059167517225742,1,1,publish previous attributed event; defer current event
549,8,0xc08,BreezeCsrPipelineSpec.scala:67 via :72,4133059167517225743,4133059167517225742,1,1,publish previous attributed event; defer current event
549,10,0xb0a,BreezeCsrPipelineSpec.scala:67 via :71,14247715419215585435,14247715419215585434,1,1,publish previous attributed event; defer current event
549,10,0xc0a,BreezeCsrPipelineSpec.scala:67 via :72,14247715419215585435,14247715419215585434,1,1,publish previous attributed event; defer current event
550,4,0xb04,BreezeCsrPipelineSpec.scala:67 via :71,15594332208313527711,15594332208313527710,1,1,publish previous attributed event; defer current event
550,4,0xc04,BreezeCsrPipelineSpec.scala:67 via :72,15594332208313527711,15594332208313527710,1,1,publish previous attributed event; defer current event
550,6,0xb06,BreezeCsrPipelineSpec.scala:67 via :71,4167742920273764914,4167742920273764913,0,1,publish previous attributed event; defer current event
550,6,0xc06,BreezeCsrPipelineSpec.scala:67 via :72,4167742920273764914,4167742920273764913,0,1,publish previous attributed event; defer current event
550,8,0xb08,BreezeCsrPipelineSpec.scala:67 via :71,4133059167517225744,4133059167517225743,1,1,publish previous attributed event; defer current event
550,8,0xc08,BreezeCsrPipelineSpec.scala:67 via :72,4133059167517225744,4133059167517225743,1,1,publish previous attributed event; defer current event
550,10,0xb0a,BreezeCsrPipelineSpec.scala:67 via :71,14247715419215585436,14247715419215585435,1,1,publish previous attributed event; defer current event
550,10,0xc0a,BreezeCsrPipelineSpec.scala:67 via :72,14247715419215585436,14247715419215585435,1,1,publish previous attributed event; defer current event
551,6,0xb06,BreezeCsrPipelineSpec.scala:67 via :71,4167742920273764915,4167742920273764914,1,1,publish previous attributed event; defer current event
551,6,0xc06,BreezeCsrPipelineSpec.scala:67 via :72,4167742920273764915,4167742920273764914,1,1,publish previous attributed event; defer current event
551,8,0xb08,BreezeCsrPipelineSpec.scala:67 via :71,4133059167517225745,4133059167517225744,1,1,publish previous attributed event; defer current event
551,8,0xc08,BreezeCsrPipelineSpec.scala:67 via :72,4133059167517225745,4133059167517225744,1,1,publish previous attributed event; defer current event
551,10,0xb0a,BreezeCsrPipelineSpec.scala:67 via :71,14247715419215585437,14247715419215585436,1,1,publish previous attributed event; defer current event
551,10,0xc0a,BreezeCsrPipelineSpec.scala:67 via :72,14247715419215585437,14247715419215585436,1,1,publish previous attributed event; defer current event
552,4,0xb04,BreezeCsrPipelineSpec.scala:67 via :71,15594332208313527712,15594332208313527711,0,1,publish previous attributed event; defer current event
552,4,0xc04,BreezeCsrPipelineSpec.scala:67 via :72,15594332208313527712,15594332208313527711,0,1,publish previous attributed event; defer current event
553,5,0xb05,BreezeCsrPipelineSpec.scala:67 via :71,16627974805861295945,16627974805861295944,0,1,publish previous attributed event; defer current event
553,5,0xc05,BreezeCsrPipelineSpec.scala:67 via :72,16627974805861295945,16627974805861295944,0,1,publish previous attributed event; defer current event
553,6,0xb06,BreezeCsrPipelineSpec.scala:67 via :71,4167742920273764916,4167742920273764915,0,1,publish previous attributed event; defer current event
553,6,0xc06,BreezeCsrPipelineSpec.scala:67 via :72,4167742920273764916,4167742920273764915,0,1,publish previous attributed event; defer current event
553,8,0xb08,BreezeCsrPipelineSpec.scala:67 via :71,4133059167517225746,4133059167517225745,0,1,publish previous attributed event; defer current event
553,8,0xc08,BreezeCsrPipelineSpec.scala:67 via :72,4133059167517225746,4133059167517225745,0,1,publish previous attributed event; defer current event
553,10,0xb0a,BreezeCsrPipelineSpec.scala:67 via :71,14247715419215585438,14247715419215585437,0,1,publish previous attributed event; defer current event
553,10,0xc0a,BreezeCsrPipelineSpec.scala:67 via :72,14247715419215585438,14247715419215585437,0,1,publish previous attributed event; defer current event
554,4,0xb04,BreezeCsrPipelineSpec.scala:67 via :71,15594332208313527713,15594332208313527712,0,1,publish previous attributed event; defer current event
554,4,0xc04,BreezeCsrPipelineSpec.scala:67 via :72,15594332208313527713,15594332208313527712,0,1,publish previous attributed event; defer current event
554,5,0xb05,BreezeCsrPipelineSpec.scala:67 via :71,16627974805861295946,16627974805861295945,1,1,publish previous attributed event; defer current event
554,5,0xc05,BreezeCsrPipelineSpec.scala:67 via :72,16627974805861295946,16627974805861295945,1,1,publish previous attributed event; defer current event
554,6,0xb06,BreezeCsrPipelineSpec.scala:67 via :71,4167742920273764917,4167742920273764916,1,1,publish previous attributed event; defer current event
554,6,0xc06,BreezeCsrPipelineSpec.scala:67 via :72,4167742920273764917,4167742920273764916,1,1,publish previous attributed event; defer current event
554,8,0xb08,BreezeCsrPipelineSpec.scala:67 via :71,4133059167517225747,4133059167517225746,1,1,publish previous attributed event; defer current event
554,8,0xc08,BreezeCsrPipelineSpec.scala:67 via :72,4133059167517225747,4133059167517225746,1,1,publish previous attributed event; defer current event
554,10,0xb0a,BreezeCsrPipelineSpec.scala:67 via :71,14247715419215585439,14247715419215585438,1,1,publish previous attributed event; defer current event
554,10,0xc0a,BreezeCsrPipelineSpec.scala:67 via :72,14247715419215585439,14247715419215585438,1,1,publish previous attributed event; defer current event
555,4,0xb04,BreezeCsrPipelineSpec.scala:67 via :71,15594332208313527714,15594332208313527713,1,1,publish previous attributed event; defer current event
555,4,0xc04,BreezeCsrPipelineSpec.scala:67 via :72,15594332208313527714,15594332208313527713,1,1,publish previous attributed event; defer current event
555,5,0xb05,BreezeCsrPipelineSpec.scala:67 via :71,16627974805861295947,16627974805861295946,1,1,publish previous attributed event; defer current event
555,5,0xc05,BreezeCsrPipelineSpec.scala:67 via :72,16627974805861295947,16627974805861295946,1,1,publish previous attributed event; defer current event
555,6,0xb06,BreezeCsrPipelineSpec.scala:67 via :71,4167742920273764918,4167742920273764917,1,1,publish previous attributed event; defer current event
555,6,0xc06,BreezeCsrPipelineSpec.scala:67 via :72,4167742920273764918,4167742920273764917,1,1,publish previous attributed event; defer current event
556,4,0xb04,BreezeCsrPipelineSpec.scala:67 via :71,15594332208313527715,15594332208313527714,1,1,publish previous attributed event; defer current event
556,4,0xc04,BreezeCsrPipelineSpec.scala:67 via :72,15594332208313527715,15594332208313527714,1,1,publish previous attributed event; defer current event
556,5,0xb05,BreezeCsrPipelineSpec.scala:67 via :71,16627974805861295948,16627974805861295947,1,1,publish previous attributed event; defer current event
556,5,0xc05,BreezeCsrPipelineSpec.scala:67 via :72,16627974805861295948,16627974805861295947,1,1,publish previous attributed event; defer current event
556,6,0xb06,BreezeCsrPipelineSpec.scala:67 via :71,4167742920273764919,4167742920273764918,1,1,publish previous attributed event; defer current event
556,6,0xc06,BreezeCsrPipelineSpec.scala:67 via :72,4167742920273764919,4167742920273764918,1,1,publish previous attributed event; defer current event
558,7,0xb07,BreezeCsrPipelineSpec.scala:67 via :71,14120563904562166109,14120563904562166108,0,1,publish previous attributed event; defer current event
558,7,0xc07,BreezeCsrPipelineSpec.scala:67 via :72,14120563904562166109,14120563904562166108,0,1,publish previous attributed event; defer current event
559,7,0xb07,BreezeCsrPipelineSpec.scala:67 via :71,14120563904562166110,14120563904562166109,1,1,publish previous attributed event; defer current event
559,7,0xc07,BreezeCsrPipelineSpec.scala:67 via :72,14120563904562166110,14120563904562166109,1,1,publish previous attributed event; defer current event
561,4,0xb04,BreezeCsrPipelineSpec.scala:67 via :71,15594332208313527716,15594332208313527715,0,1,publish previous attributed event; defer current event
561,4,0xc04,BreezeCsrPipelineSpec.scala:67 via :72,15594332208313527716,15594332208313527715,0,1,publish previous attributed event; defer current event
561,7,0xb07,BreezeCsrPipelineSpec.scala:67 via :71,14120563904562166111,14120563904562166110,0,1,publish previous attributed event; defer current event
561,7,0xc07,BreezeCsrPipelineSpec.scala:67 via :72,14120563904562166111,14120563904562166110,0,1,publish previous attributed event; defer current event
562,7,0xb07,BreezeCsrPipelineSpec.scala:67 via :71,14120563904562166112,14120563904562166111,1,1,publish previous attributed event; defer current event
562,7,0xc07,BreezeCsrPipelineSpec.scala:67 via :72,14120563904562166112,14120563904562166111,1,1,publish previous attributed event; defer current event
563,8,0xb08,BreezeCsrPipelineSpec.scala:67 via :71,14753490504386272348,14753490504386272347,0,1,publish previous attributed event; defer current event
563,8,0xc08,BreezeCsrPipelineSpec.scala:67 via :72,14753490504386272348,14753490504386272347,0,1,publish previous attributed event; defer current event
563,10,0xb0a,BreezeCsrPipelineSpec.scala:67 via :71,14247715419215585440,14247715419215585439,0,1,publish previous attributed event; defer current event
563,10,0xc0a,BreezeCsrPipelineSpec.scala:67 via :72,14247715419215585440,14247715419215585439,0,1,publish previous attributed event; defer current event
564,6,0xb06,BreezeCsrPipelineSpec.scala:67 via :71,4167742920273764920,4167742920273764919,0,1,publish previous attributed event; defer current event
564,6,0xc06,BreezeCsrPipelineSpec.scala:67 via :72,4167742920273764920,4167742920273764919,0,1,publish previous attributed event; defer current event
564,7,0xb07,BreezeCsrPipelineSpec.scala:67 via :71,14120563904562166113,14120563904562166112,0,1,publish previous attributed event; defer current event
564,7,0xc07,BreezeCsrPipelineSpec.scala:67 via :72,14120563904562166113,14120563904562166112,0,1,publish previous attributed event; defer current event
565,5,0xb05,BreezeCsrPipelineSpec.scala:67 via :71,16627974805861295949,16627974805861295948,0,1,publish previous attributed event; defer current event
565,5,0xc05,BreezeCsrPipelineSpec.scala:67 via :72,16627974805861295949,16627974805861295948,0,1,publish previous attributed event; defer current event
565,9,0xb09,BreezeCsrPipelineSpec.scala:67 via :71,14798949800750129707,14798949800750129706,0,1,publish previous attributed event; defer current event
565,9,0xc09,BreezeCsrPipelineSpec.scala:67 via :72,14798949800750129707,14798949800750129706,0,1,publish previous attributed event; defer current event
566,3,0xb03,BreezeCsrPipelineSpec.scala:67 via :71,4612390339627580719,4612390339627580718,0,1,publish previous attributed event; defer current event
566,3,0xc03,BreezeCsrPipelineSpec.scala:67 via :72,4612390339627580719,4612390339627580718,0,1,publish previous attributed event; defer current event
566,5,0xb05,BreezeCsrPipelineSpec.scala:67 via :71,16627974805861295950,16627974805861295949,1,1,publish previous attributed event; defer current event
566,5,0xc05,BreezeCsrPipelineSpec.scala:67 via :72,16627974805861295950,16627974805861295949,1,1,publish previous attributed event; defer current event
566,7,0xb07,BreezeCsrPipelineSpec.scala:67 via :71,14120563904562166114,14120563904562166113,0,1,publish previous attributed event; defer current event
566,7,0xc07,BreezeCsrPipelineSpec.scala:67 via :72,14120563904562166114,14120563904562166113,0,1,publish previous attributed event; defer current event
566,9,0xb09,BreezeCsrPipelineSpec.scala:67 via :71,14798949800750129708,14798949800750129707,1,1,publish previous attributed event; defer current event
566,9,0xc09,BreezeCsrPipelineSpec.scala:67 via :72,14798949800750129708,14798949800750129707,1,1,publish previous attributed event; defer current event
566,10,0xb0a,BreezeCsrPipelineSpec.scala:67 via :71,14247715419215585441,14247715419215585440,0,1,publish previous attributed event; defer current event
566,10,0xc0a,BreezeCsrPipelineSpec.scala:67 via :72,14247715419215585441,14247715419215585440,0,1,publish previous attributed event; defer current event
567,7,0xb07,BreezeCsrPipelineSpec.scala:67 via :71,14120563904562166115,14120563904562166114,1,1,publish previous attributed event; defer current event
567,7,0xc07,BreezeCsrPipelineSpec.scala:67 via :72,14120563904562166115,14120563904562166114,1,1,publish previous attributed event; defer current event
567,8,0xb08,BreezeCsrPipelineSpec.scala:67 via :71,9962217224301749167,9962217224301749166,0,1,publish previous attributed event; defer current event
567,8,0xc08,BreezeCsrPipelineSpec.scala:67 via :72,9962217224301749167,9962217224301749166,0,1,publish previous attributed event; defer current event
567,10,0xb0a,BreezeCsrPipelineSpec.scala:67 via :71,14247715419215585442,14247715419215585441,1,1,publish previous attributed event; defer current event
567,10,0xc0a,BreezeCsrPipelineSpec.scala:67 via :72,14247715419215585442,14247715419215585441,1,1,publish previous attributed event; defer current event
568,9,0xb09,BreezeCsrPipelineSpec.scala:67 via :71,14798949800750129709,14798949800750129708,0,1,publish previous attributed event; defer current event
568,9,0xc09,BreezeCsrPipelineSpec.scala:67 via :72,14798949800750129709,14798949800750129708,0,1,publish previous attributed event; defer current event
569,6,0xb06,BreezeCsrPipelineSpec.scala:67 via :71,4167742920273764921,4167742920273764920,0,1,publish previous attributed event; defer current event
569,6,0xc06,BreezeCsrPipelineSpec.scala:67 via :72,4167742920273764921,4167742920273764920,0,1,publish previous attributed event; defer current event
569,8,0xb08,BreezeCsrPipelineSpec.scala:67 via :71,9962217224301749168,9962217224301749167,0,1,publish previous attributed event; defer current event
569,8,0xc08,BreezeCsrPipelineSpec.scala:67 via :72,9962217224301749168,9962217224301749167,0,1,publish previous attributed event; defer current event
569,10,0xb0a,BreezeCsrPipelineSpec.scala:67 via :71,14247715419215585443,14247715419215585442,0,1,publish previous attributed event; defer current event
569,10,0xc0a,BreezeCsrPipelineSpec.scala:67 via :72,14247715419215585443,14247715419215585442,0,1,publish previous attributed event; defer current event
570,3,0xb03,BreezeCsrPipelineSpec.scala:67 via :71,4612390339627580720,4612390339627580719,0,1,publish previous attributed event; defer current event
570,3,0xc03,BreezeCsrPipelineSpec.scala:67 via :72,4612390339627580720,4612390339627580719,0,1,publish previous attributed event; defer current event
570,5,0xb05,BreezeCsrPipelineSpec.scala:67 via :71,16627974805861295951,16627974805861295950,0,1,publish previous attributed event; defer current event
570,5,0xc05,BreezeCsrPipelineSpec.scala:67 via :72,16627974805861295951,16627974805861295950,0,1,publish previous attributed event; defer current event
571,3,0xb03,BreezeCsrPipelineSpec.scala:67 via :71,4612390339627580721,4612390339627580720,1,1,publish previous attributed event; defer current event
571,3,0xc03,BreezeCsrPipelineSpec.scala:67 via :72,4612390339627580721,4612390339627580720,1,1,publish previous attributed event; defer current event
571,5,0xb05,BreezeCsrPipelineSpec.scala:67 via :71,16627974805861295952,16627974805861295951,1,1,publish previous attributed event; defer current event
571,5,0xc05,BreezeCsrPipelineSpec.scala:67 via :72,16627974805861295952,16627974805861295951,1,1,publish previous attributed event; defer current event
571,6,0xb06,BreezeCsrPipelineSpec.scala:67 via :71,4167742920273764922,4167742920273764921,0,1,publish previous attributed event; defer current event
571,6,0xc06,BreezeCsrPipelineSpec.scala:67 via :72,4167742920273764922,4167742920273764921,0,1,publish previous attributed event; defer current event
571,9,0xb09,BreezeCsrPipelineSpec.scala:67 via :71,14798949800750129710,14798949800750129709,0,1,publish previous attributed event; defer current event
571,9,0xc09,BreezeCsrPipelineSpec.scala:67 via :72,14798949800750129710,14798949800750129709,0,1,publish previous attributed event; defer current event
572,6,0xb06,BreezeCsrPipelineSpec.scala:67 via :71,4167742920273764923,4167742920273764922,1,1,publish previous attributed event; defer current event
572,6,0xc06,BreezeCsrPipelineSpec.scala:67 via :72,4167742920273764923,4167742920273764922,1,1,publish previous attributed event; defer current event
572,7,0xb07,BreezeCsrPipelineSpec.scala:67 via :71,14120563904562166116,14120563904562166115,0,1,publish previous attributed event; defer current event
572,7,0xc07,BreezeCsrPipelineSpec.scala:67 via :72,14120563904562166116,14120563904562166115,0,1,publish previous attributed event; defer current event
573,3,0xb03,BreezeCsrPipelineSpec.scala:67 via :71,4612390339627580722,4612390339627580721,0,1,publish previous attributed event; defer current event
573,3,0xc03,BreezeCsrPipelineSpec.scala:67 via :72,4612390339627580722,4612390339627580721,0,1,publish previous attributed event; defer current event
573,5,0xb05,BreezeCsrPipelineSpec.scala:67 via :71,16627974805861295953,16627974805861295952,0,1,publish previous attributed event; defer current event
573,5,0xc05,BreezeCsrPipelineSpec.scala:67 via :72,16627974805861295953,16627974805861295952,0,1,publish previous attributed event; defer current event
573,6,0xb06,BreezeCsrPipelineSpec.scala:67 via :71,4167742920273764924,4167742920273764923,1,1,publish previous attributed event; defer current event
573,6,0xc06,BreezeCsrPipelineSpec.scala:67 via :72,4167742920273764924,4167742920273764923,1,1,publish previous attributed event; defer current event
573,7,0xb07,BreezeCsrPipelineSpec.scala:67 via :71,14120563904562166117,14120563904562166116,1,1,publish previous attributed event; defer current event
573,7,0xc07,BreezeCsrPipelineSpec.scala:67 via :72,14120563904562166117,14120563904562166116,1,1,publish previous attributed event; defer current event
573,8,0xb08,BreezeCsrPipelineSpec.scala:67 via :71,9962217224301749169,9962217224301749168,0,1,publish previous attributed event; defer current event
573,8,0xc08,BreezeCsrPipelineSpec.scala:67 via :72,9962217224301749169,9962217224301749168,0,1,publish previous attributed event; defer current event
573,9,0xb09,BreezeCsrPipelineSpec.scala:67 via :71,14798949800750129711,14798949800750129710,0,1,publish previous attributed event; defer current event
573,9,0xc09,BreezeCsrPipelineSpec.scala:67 via :72,14798949800750129711,14798949800750129710,0,1,publish previous attributed event; defer current event
573,10,0xb0a,BreezeCsrPipelineSpec.scala:67 via :71,14247715419215585444,14247715419215585443,0,1,publish previous attributed event; defer current event
573,10,0xc0a,BreezeCsrPipelineSpec.scala:67 via :72,14247715419215585444,14247715419215585443,0,1,publish previous attributed event; defer current event
574,5,0xb05,BreezeCsrPipelineSpec.scala:67 via :71,16627974805861295954,16627974805861295953,1,1,publish previous attributed event; defer current event
574,5,0xc05,BreezeCsrPipelineSpec.scala:67 via :72,16627974805861295954,16627974805861295953,1,1,publish previous attributed event; defer current event
574,6,0xb06,BreezeCsrPipelineSpec.scala:67 via :71,4167742920273764925,4167742920273764924,1,1,publish previous attributed event; defer current event
574,6,0xc06,BreezeCsrPipelineSpec.scala:67 via :72,4167742920273764925,4167742920273764924,1,1,publish previous attributed event; defer current event
574,7,0xb07,BreezeCsrPipelineSpec.scala:67 via :71,14120563904562166118,14120563904562166117,1,1,publish previous attributed event; defer current event
574,7,0xc07,BreezeCsrPipelineSpec.scala:67 via :72,14120563904562166118,14120563904562166117,1,1,publish previous attributed event; defer current event
574,9,0xb09,BreezeCsrPipelineSpec.scala:67 via :71,14798949800750129712,14798949800750129711,1,1,publish previous attributed event; defer current event
574,9,0xc09,BreezeCsrPipelineSpec.scala:67 via :72,14798949800750129712,14798949800750129711,1,1,publish previous attributed event; defer current event
574,10,0xb0a,BreezeCsrPipelineSpec.scala:67 via :71,14247715419215585445,14247715419215585444,1,1,publish previous attributed event; defer current event
574,10,0xc0a,BreezeCsrPipelineSpec.scala:67 via :72,14247715419215585445,14247715419215585444,1,1,publish previous attributed event; defer current event
577,3,0xb03,BreezeCsrPipelineSpec.scala:67 via :71,4612390339627580723,4612390339627580722,0,1,publish previous attributed event; defer current event
577,3,0xc03,BreezeCsrPipelineSpec.scala:67 via :72,4612390339627580723,4612390339627580722,0,1,publish previous attributed event; defer current event
