Copyright 1986-2022 Xilinx, Inc. All Rights Reserved.
---------------------------------------------------------------------------------------------------------
| Tool Version : Vivado v.2022.2 (lin64) Build 3671981 Fri Oct 14 04:59:54 MDT 2022
| Date         : Fri Sep 11 10:19:31 2026
| Host         : chen-System-Product-Name running 64-bit Ubuntu 24.04.4 LTS
| Command      : report_utilization -hierarchical -file xilinx_kcu105_utilization_hierarchical_place.rpt
| Design       : xilinx_kcu105
| Device       : xcku040-ffva1156-2-e
| Speed File   : -2
| Design State : Physopt postPlace
---------------------------------------------------------------------------------------------------------

Utilization Design Information

Table of Contents
-----------------
1. Utilization by Hierarchy

1. Utilization by Hierarchy
---------------------------

+----------------------------------------------------------------------------------------------------------------------+----------------------------------------------------------------------------+------------+------------+---------+------+-------+--------+--------+------+------------+
|                                                       Instance                                                       |                                   Module                                   | Total LUTs | Logic LUTs | LUTRAMs | SRLs |  FFs  | RAMB36 | RAMB18 | URAM | DSP Blocks |
+----------------------------------------------------------------------------------------------------------------------+----------------------------------------------------------------------------+------------+------------+---------+------+-------+--------+--------+------+------------+
| xilinx_kcu105                                                                                                        |                                                                      (top) |      57351 |      54821 |    1092 | 1438 | 39516 |    222 |      1 |    0 |         11 |
|   (xilinx_kcu105)                                                                                                    |                                                                      (top) |       3796 |       3650 |     144 |    2 |  5137 |     24 |      1 |    0 |          0 |
|   BreezeMulticoreClusterWishbone                                                                                     |                                             BreezeMulticoreClusterWishbone |      48039 |      47111 |     928 |    0 | 22506 |     64 |      0 |    0 |         11 |
|     cores_0                                                                                                          |                                                                 BreezeCore |      33974 |      33398 |     576 |    0 | 16784 |     16 |      0 |    0 |         11 |
|       (cores_0)                                                                                                      |                                                                 BreezeCore |          0 |          0 |       0 |    0 |     3 |     16 |      0 |    0 |          0 |
|       backend                                                                                                        |                                                              BreezeBackend |      27382 |      27182 |     200 |    0 |  8980 |      0 |      0 |    0 |         11 |
|         (backend)                                                                                                    |                                                              BreezeBackend |        492 |        492 |       0 |    0 |  2622 |      0 |      0 |    0 |          0 |
|         alu                                                                                                          |                                                                        ALU |         85 |         85 |       0 |    0 |     0 |      0 |      0 |    0 |          0 |
|         bru                                                                                                          |                                                                        BRU |        220 |        220 |       0 |    0 |     0 |      0 |      0 |    0 |          0 |
|         csrFile                                                                                                      |                                                                    CSRFile |       6481 |       6481 |       0 |    0 |  2643 |      0 |      0 |    0 |          0 |
|         decoder                                                                                                      |                                                                    Decoder |         86 |         86 |       0 |    0 |     0 |      0 |      0 |    0 |          0 |
|         divUnit                                                                                                      |                                                               RiscvDivUnit |       1350 |       1350 |       0 |    0 |   204 |      0 |      0 |    0 |          0 |
|           (divUnit)                                                                                                  |                                                               RiscvDivUnit |          0 |          0 |       0 |    0 |     4 |      0 |      0 |    0 |          0 |
|           divider                                                                                                    |                                                      UnsignedRadix4Divider |       1350 |       1350 |       0 |    0 |   200 |      0 |      0 |    0 |          0 |
|         fpRegFile                                                                                                    |                                                            BreezeFpRegFile |        374 |        254 |     120 |    0 |    32 |      0 |      0 |    0 |          0 |
|           (fpRegFile)                                                                                                |                                                            BreezeFpRegFile |         60 |         60 |       0 |    0 |    32 |      0 |      0 |    0 |          0 |
|           content_ext                                                                                                |                                                            content_32x64_0 |        314 |        194 |     120 |    0 |     0 |      0 |      0 |    0 |          0 |
|         fpUnit                                                                                                       |                                                               BreezeFpUnit |      11281 |      11281 |       0 |    0 |  2141 |      0 |      0 |    0 |         11 |
|           (fpUnit)                                                                                                   |                                                               BreezeFpUnit |        908 |        908 |       0 |    0 |    70 |      0 |      0 |    0 |          0 |
|           impl                                                                                                       |                                                           FlowFpnewWrapper |      10373 |      10373 |       0 |    0 |  2071 |      0 |      0 |    0 |         11 |
|             i_fpnew                                                                                                  |                                                                  fpnew_top |      10373 |      10373 |       0 |    0 |  2071 |      0 |      0 |    0 |         11 |
|               gen_operation_groups[0].i_opgroup_block                                                                |                                                        fpnew_opgroup_block |       3897 |       3897 |       0 |    0 |   738 |      0 |      0 |    0 |         11 |
|                 gen_parallel_slices[0].active_format.i_fmt_slice                                                     |                                                    fpnew_opgroup_fmt_slice |       1209 |       1209 |       0 |    0 |   235 |      0 |      0 |    0 |          2 |
|                   gen_num_lanes[0].active_lane.lane_instance.i_fma                                                   |                                                                  fpnew_fma |       1209 |       1209 |       0 |    0 |   235 |      0 |      0 |    0 |          2 |
|                 gen_parallel_slices[1].active_format.i_fmt_slice                                                     |                                    fpnew_opgroup_fmt_slice__parameterized0 |       2688 |       2688 |       0 |    0 |   502 |      0 |      0 |    0 |          9 |
|                   gen_num_lanes[0].active_lane.lane_instance.i_fma                                                   |                                                  fpnew_fma__parameterized0 |       2688 |       2688 |       0 |    0 |   502 |      0 |      0 |    0 |          9 |
|                 i_arbiter                                                                                            |                                                             rr_arb_tree_50 |          0 |          0 |       0 |    0 |     1 |      0 |      0 |    0 |          0 |
|               gen_operation_groups[1].i_opgroup_block                                                                |                                        fpnew_opgroup_block__parameterized0 |       4510 |       4510 |       0 |    0 |   849 |      0 |      0 |    0 |          0 |
|                 gen_merged_slice.i_multifmt_slice                                                                    |                                               fpnew_opgroup_multifmt_slice |       4507 |       4507 |       0 |    0 |   849 |      0 |      0 |    0 |          0 |
|                   gen_num_lanes[0].active_lane.lane_instance.gen_thmulti_c910_divsqrt.i_fpnew_divsqrt_th_64_c910     |                                                  fpnew_divsqrt_th_64_multi |       4507 |       4507 |       0 |    0 |   849 |      0 |      0 |    0 |          0 |
|                     (gen_num_lanes[0].active_lane.lane_instance.gen_thmulti_c910_divsqrt.i_fpnew_divsqrt_th_64_c910) |                                                  fpnew_divsqrt_th_64_multi |         40 |         40 |       0 |    0 |   356 |      0 |      0 |    0 |          0 |
|                     i_ct_vfdsu_top                                                                                   |                                                               ct_vfdsu_top |       4468 |       4468 |       0 |    0 |   493 |      0 |      0 |    0 |          0 |
|                       x_ct_vfdsu_ctrl                                                                                |                                                              ct_vfdsu_ctrl |         34 |         34 |       0 |    0 |    17 |      0 |      0 |    0 |          0 |
|                       x_ct_vfdsu_double                                                                              |                                                            ct_vfdsu_double |       4375 |       4375 |       0 |    0 |   470 |      0 |      0 |    0 |          0 |
|                         (x_ct_vfdsu_double)                                                                          |                                                            ct_vfdsu_double |         12 |         12 |       0 |    0 |     0 |      0 |      0 |    0 |          0 |
|                         x_ct_vfdsu_pack                                                                              |                                                              ct_vfdsu_pack |          1 |          1 |       0 |    0 |     0 |      0 |      0 |    0 |          0 |
|                         x_ct_vfdsu_prepare                                                                           |                                                           ct_vfdsu_prepare |       1766 |       1766 |       0 |    0 |    42 |      0 |      0 |    0 |          0 |
|                         x_ct_vfdsu_round                                                                             |                                                             ct_vfdsu_round |        505 |        505 |       0 |    0 |    89 |      0 |      0 |    0 |          0 |
|                         x_ct_vfdsu_srt                                                                               |                                                               ct_vfdsu_srt |       2103 |       2103 |       0 |    0 |   339 |      0 |      0 |    0 |          0 |
|                           (x_ct_vfdsu_srt)                                                                           |                                                               ct_vfdsu_srt |         94 |         94 |       0 |    0 |    85 |      0 |      0 |    0 |          0 |
|                           x_ct_vfdsu_srt_radix16_with_sqrt                                                           |                                             ct_vfdsu_srt_radix16_with_sqrt |       2010 |       2010 |       0 |    0 |   254 |      0 |      0 |    0 |          0 |
|                             (x_ct_vfdsu_srt_radix16_with_sqrt)                                                       |                                             ct_vfdsu_srt_radix16_with_sqrt |       1952 |       1952 |       0 |    0 |   254 |      0 |      0 |    0 |          0 |
|                             x_ct_vfdsu_srt_radix16_bound_table                                                       |                                           ct_vfdsu_srt_radix16_bound_table |         58 |         58 |       0 |    0 |     0 |      0 |      0 |    0 |          0 |
|                       x_ct_vfdsu_scalar_dp                                                                           |                                                         ct_vfdsu_scalar_dp |         63 |         63 |       0 |    0 |     6 |      0 |      0 |    0 |          0 |
|                 i_arbiter                                                                                            |                                                             rr_arb_tree_49 |          3 |          3 |       0 |    0 |     0 |      0 |      0 |    0 |          0 |
|               gen_operation_groups[2].i_opgroup_block                                                                |                                        fpnew_opgroup_block__parameterized1 |        388 |        388 |       0 |    0 |   215 |      0 |      0 |    0 |          0 |
|                 gen_parallel_slices[0].active_format.i_fmt_slice                                                     |                                    fpnew_opgroup_fmt_slice__parameterized1 |        155 |        155 |       0 |    0 |    76 |      0 |      0 |    0 |          0 |
|                   gen_num_lanes[0].active_lane.lane_instance.i_noncomp                                               |                                                              fpnew_noncomp |        155 |        155 |       0 |    0 |    76 |      0 |      0 |    0 |          0 |
|                 gen_parallel_slices[1].active_format.i_fmt_slice                                                     |                                    fpnew_opgroup_fmt_slice__parameterized2 |        234 |        234 |       0 |    0 |   138 |      0 |      0 |    0 |          0 |
|                   gen_num_lanes[0].active_lane.lane_instance.i_noncomp                                               |                                              fpnew_noncomp__parameterized0 |        234 |        234 |       0 |    0 |   138 |      0 |      0 |    0 |          0 |
|                 i_arbiter                                                                                            |                                                                rr_arb_tree |          2 |          2 |       0 |    0 |     1 |      0 |      0 |    0 |          0 |
|               gen_operation_groups[3].i_opgroup_block                                                                |                                        fpnew_opgroup_block__parameterized2 |       1561 |       1561 |       0 |    0 |   267 |      0 |      0 |    0 |          0 |
|                 gen_merged_slice.i_multifmt_slice                                                                    |                               fpnew_opgroup_multifmt_slice__parameterized0 |       1561 |       1561 |       0 |    0 |   267 |      0 |      0 |    0 |          0 |
|                   (gen_merged_slice.i_multifmt_slice)                                                                |                               fpnew_opgroup_multifmt_slice__parameterized0 |          1 |          1 |       0 |    0 |     0 |      0 |      0 |    0 |          0 |
|                   gen_num_lanes[0].active_lane.lane_instance.i_fpnew_cast_multi                                      |                                                           fpnew_cast_multi |       1560 |       1560 |       0 |    0 |   267 |      0 |      0 |    0 |          0 |
|               i_arbiter                                                                                              |                                                rr_arb_tree__parameterized0 |         20 |         20 |       0 |    0 |     2 |      0 |      0 |    0 |          0 |
|         immGen                                                                                                       |                                                                     ImmGen |          1 |          1 |       0 |    0 |     0 |      0 |      0 |    0 |          0 |
|         jau                                                                                                          |                                                                        JAU |        123 |        123 |       0 |    0 |     0 |      0 |      0 |    0 |          0 |
|         mulUnit                                                                                                      |                                                               RiscvMulUnit |       6823 |       6823 |       0 |    0 |  1307 |      0 |      0 |    0 |          0 |
|           (mulUnit)                                                                                                  |                                                               RiscvMulUnit |         64 |         64 |       0 |    0 |    12 |      0 |      0 |    0 |          0 |
|           multiplier                                                                                                 |                                                             SignedMul65x65 |       6759 |       6759 |       0 |    0 |  1295 |      0 |      0 |    0 |          0 |
|         regFile                                                                                                      |                                                                    RegFile |        167 |         87 |      80 |    0 |    31 |      0 |      0 |    0 |          0 |
|           (regFile)                                                                                                  |                                                                    RegFile |         52 |         52 |       0 |    0 |    31 |      0 |      0 |    0 |          0 |
|           content_ext                                                                                                |                                                              content_32x64 |        115 |         35 |      80 |    0 |     0 |      0 |      0 |    0 |          0 |
|       buffer                                                                                                         |                                                                FetchBuffer |        439 |        319 |     120 |    0 |     7 |      0 |      0 |    0 |          0 |
|         fifo                                                                                                         |                                                 Queue6_FrontendFetchBundle |        439 |        319 |     120 |    0 |     7 |      0 |      0 |    0 |          0 |
|           (fifo)                                                                                                     |                                                 Queue6_FrontendFetchBundle |         10 |         10 |       0 |    0 |     7 |      0 |      0 |    0 |          0 |
|           ram_ext                                                                                                    |                                                                  ram_6x209 |        430 |        310 |     120 |    0 |     0 |      0 |      0 |    0 |          0 |
|       dataTranslator                                                                                                 |                                                       BreezeDataTranslator |        256 |        256 |       0 |    0 |   279 |      0 |      0 |    0 |          0 |
|       frontend                                                                                                       |                                                             BreezeFrontend |       3265 |       3009 |     256 |    0 |  4095 |      0 |      0 |    0 |          0 |
|         (frontend)                                                                                                   |                                                             BreezeFrontend |        318 |        318 |       0 |    0 |   421 |      0 |      0 |    0 |          0 |
|         btb                                                                                                          |                                                                  BreezeBTB |       1091 |       1091 |       0 |    0 |  2084 |      0 |      0 |    0 |          0 |
|         fetchTranslator                                                                                              |                                                      BreezeFetchTranslator |        159 |        159 |       0 |    0 |   131 |      0 |      0 |    0 |          0 |
|         icache                                                                                                       |                                                                BreezeCache |        809 |        553 |     256 |    0 |   712 |      0 |      0 |    0 |          0 |
|           (icache)                                                                                                   |                                                                BreezeCache |        406 |        406 |       0 |    0 |   688 |      0 |      0 |    0 |          0 |
|           tag_array_0                                                                                                |                                                                flowSRAM_16 |        106 |         42 |      64 |    0 |    24 |      0 |      0 |    0 |          0 |
|             mem_ext                                                                                                  |                                                               mem_64x53_48 |        106 |         42 |      64 |    0 |    24 |      0 |      0 |    0 |          0 |
|           tag_array_1                                                                                                |                                                             flowSRAM_16_43 |         99 |         35 |      64 |    0 |     0 |      0 |      0 |    0 |          0 |
|             mem_ext                                                                                                  |                                                               mem_64x53_47 |         99 |         35 |      64 |    0 |     0 |      0 |      0 |    0 |          0 |
|           tag_array_2                                                                                                |                                                             flowSRAM_16_44 |         99 |         35 |      64 |    0 |     0 |      0 |      0 |    0 |          0 |
|             mem_ext                                                                                                  |                                                               mem_64x53_46 |         99 |         35 |      64 |    0 |     0 |      0 |      0 |    0 |          0 |
|           tag_array_3                                                                                                |                                                             flowSRAM_16_45 |         99 |         35 |      64 |    0 |     0 |      0 |      0 |    0 |          0 |
|             mem_ext                                                                                                  |                                                                  mem_64x53 |         99 |         35 |      64 |    0 |     0 |      0 |      0 |    0 |          0 |
|         pht                                                                                                          |                                                                  BreezePHT |        211 |        211 |       0 |    0 |   512 |      0 |      0 |    0 |          0 |
|         realigner                                                                                                    |                                                       BreezeInstrRealigner |        678 |        678 |       0 |    0 |   235 |      0 |      0 |    0 |          0 |
|       mmu                                                                                                            |                                                                  BreezeMmu |       2865 |       2865 |       0 |    0 |  3420 |      0 |      0 |    0 |          0 |
|     dcaches_0                                                                                                        |                                                               BreezeDCache |       6433 |       6337 |      96 |    0 |  3183 |     16 |      0 |    0 |          0 |
|       (dcaches_0)                                                                                                    |                                                               BreezeDCache |       1996 |       1996 |       0 |    0 |  3159 |      0 |      0 |    0 |          0 |
|       dataArray_0                                                                                                    |                                                              flowSRAM_8_29 |        838 |        838 |       0 |    0 |     0 |      4 |      0 |    0 |          0 |
|         mem_ext                                                                                                      |                                                              mem_64x256_42 |        838 |        838 |       0 |    0 |     0 |      4 |      0 |    0 |          0 |
|       dataArray_1                                                                                                    |                                                              flowSRAM_8_30 |       1041 |       1041 |       0 |    0 |     0 |      4 |      0 |    0 |          0 |
|         mem_ext                                                                                                      |                                                              mem_64x256_41 |       1041 |       1041 |       0 |    0 |     0 |      4 |      0 |    0 |          0 |
|       dataArray_2                                                                                                    |                                                              flowSRAM_8_31 |        500 |        500 |       0 |    0 |     0 |      4 |      0 |    0 |          0 |
|         mem_ext                                                                                                      |                                                              mem_64x256_40 |        500 |        500 |       0 |    0 |     0 |      4 |      0 |    0 |          0 |
|       dataArray_3                                                                                                    |                                                              flowSRAM_8_32 |       1678 |       1678 |       0 |    0 |     0 |      4 |      0 |    0 |          0 |
|         mem_ext                                                                                                      |                                                              mem_64x256_39 |       1678 |       1678 |       0 |    0 |     0 |      4 |      0 |    0 |          0 |
|       tagArray_0                                                                                                     |                                                                flowSRAM_24 |         78 |         54 |      24 |    0 |     6 |      0 |      0 |    0 |          0 |
|         mem_ext                                                                                                      |                                                               mem_64x21_38 |         78 |         54 |      24 |    0 |     6 |      0 |      0 |    0 |          0 |
|       tagArray_1                                                                                                     |                                                             flowSRAM_24_33 |         81 |         57 |      24 |    0 |     6 |      0 |      0 |    0 |          0 |
|         mem_ext                                                                                                      |                                                               mem_64x21_37 |         81 |         57 |      24 |    0 |     6 |      0 |      0 |    0 |          0 |
|       tagArray_2                                                                                                     |                                                             flowSRAM_24_34 |         78 |         54 |      24 |    0 |     6 |      0 |      0 |    0 |          0 |
|         mem_ext                                                                                                      |                                                               mem_64x21_36 |         78 |         54 |      24 |    0 |     6 |      0 |      0 |    0 |          0 |
|       tagArray_3                                                                                                     |                                                             flowSRAM_24_35 |        159 |        135 |      24 |    0 |     6 |      0 |      0 |    0 |          0 |
|         mem_ext                                                                                                      |                                                                  mem_64x21 |        159 |        135 |      24 |    0 |     6 |      0 |      0 |    0 |          0 |
|     l2Home                                                                                                           |                                                               BreezeL2Home |       7374 |       7118 |     256 |    0 |  2233 |     32 |      0 |    0 |          0 |
|       (l2Home)                                                                                                       |                                                               BreezeL2Home |       4120 |       4120 |       0 |    0 |  2185 |      0 |      0 |    0 |          0 |
|       dataArray_0                                                                                                    |                                                                 flowSRAM_8 |         76 |         76 |       0 |    0 |     0 |      4 |      0 |    0 |          0 |
|         mem_ext                                                                                                      |                                                              mem_64x256_28 |         76 |         76 |       0 |    0 |     0 |      4 |      0 |    0 |          0 |
|       dataArray_1                                                                                                    |                                                               flowSRAM_8_0 |        492 |        492 |       0 |    0 |     0 |      4 |      0 |    0 |          0 |
|         mem_ext                                                                                                      |                                                              mem_64x256_27 |        492 |        492 |       0 |    0 |     0 |      4 |      0 |    0 |          0 |
|       dataArray_2                                                                                                    |                                                               flowSRAM_8_1 |        308 |        308 |       0 |    0 |     0 |      4 |      0 |    0 |          0 |
|         mem_ext                                                                                                      |                                                              mem_64x256_26 |        308 |        308 |       0 |    0 |     0 |      4 |      0 |    0 |          0 |
|       dataArray_3                                                                                                    |                                                               flowSRAM_8_2 |        268 |        268 |       0 |    0 |     0 |      4 |      0 |    0 |          0 |
|         mem_ext                                                                                                      |                                                              mem_64x256_25 |        268 |        268 |       0 |    0 |     0 |      4 |      0 |    0 |          0 |
|       dataArray_4                                                                                                    |                                                               flowSRAM_8_3 |        548 |        548 |       0 |    0 |     0 |      4 |      0 |    0 |          0 |
|         mem_ext                                                                                                      |                                                              mem_64x256_24 |        548 |        548 |       0 |    0 |     0 |      4 |      0 |    0 |          0 |
|       dataArray_5                                                                                                    |                                                               flowSRAM_8_4 |        244 |        244 |       0 |    0 |     0 |      4 |      0 |    0 |          0 |
|         mem_ext                                                                                                      |                                                              mem_64x256_23 |        244 |        244 |       0 |    0 |     0 |      4 |      0 |    0 |          0 |
|       dataArray_6                                                                                                    |                                                               flowSRAM_8_5 |        356 |        356 |       0 |    0 |     0 |      4 |      0 |    0 |          0 |
|         mem_ext                                                                                                      |                                                              mem_64x256_22 |        356 |        356 |       0 |    0 |     0 |      4 |      0 |    0 |          0 |
|       dataArray_7                                                                                                    |                                                               flowSRAM_8_6 |         44 |         44 |       0 |    0 |     0 |      4 |      0 |    0 |          0 |
|         mem_ext                                                                                                      |                                                                 mem_64x256 |         44 |         44 |       0 |    0 |     0 |      4 |      0 |    0 |          0 |
|       dirArray_0                                                                                                     |                                                                   flowSRAM |         71 |         39 |      32 |    0 |     6 |      0 |      0 |    0 |          0 |
|         mem_ext                                                                                                      |                                                               mem_64x27_21 |         71 |         39 |      32 |    0 |     6 |      0 |      0 |    0 |          0 |
|       dirArray_1                                                                                                     |                                                                 flowSRAM_7 |         80 |         48 |      32 |    0 |     6 |      0 |      0 |    0 |          0 |
|         mem_ext                                                                                                      |                                                               mem_64x27_20 |         80 |         48 |      32 |    0 |     6 |      0 |      0 |    0 |          0 |
|       dirArray_2                                                                                                     |                                                                 flowSRAM_9 |         95 |         63 |      32 |    0 |     6 |      0 |      0 |    0 |          0 |
|         (dirArray_2)                                                                                                 |                                                                 flowSRAM_9 |          1 |          1 |       0 |    0 |     0 |      0 |      0 |    0 |          0 |
|         mem_ext                                                                                                      |                                                               mem_64x27_19 |         94 |         62 |      32 |    0 |     6 |      0 |      0 |    0 |          0 |
|       dirArray_3                                                                                                     |                                                                flowSRAM_10 |         71 |         39 |      32 |    0 |     6 |      0 |      0 |    0 |          0 |
|         (dirArray_3)                                                                                                 |                                                                flowSRAM_10 |          2 |          2 |       0 |    0 |     0 |      0 |      0 |    0 |          0 |
|         mem_ext                                                                                                      |                                                               mem_64x27_18 |         69 |         37 |      32 |    0 |     6 |      0 |      0 |    0 |          0 |
|       dirArray_4                                                                                                     |                                                                flowSRAM_11 |         82 |         50 |      32 |    0 |     6 |      0 |      0 |    0 |          0 |
|         mem_ext                                                                                                      |                                                               mem_64x27_17 |         82 |         50 |      32 |    0 |     6 |      0 |      0 |    0 |          0 |
|       dirArray_5                                                                                                     |                                                                flowSRAM_12 |         67 |         35 |      32 |    0 |     6 |      0 |      0 |    0 |          0 |
|         mem_ext                                                                                                      |                                                               mem_64x27_16 |         67 |         35 |      32 |    0 |     6 |      0 |      0 |    0 |          0 |
|       dirArray_6                                                                                                     |                                                                flowSRAM_13 |         81 |         49 |      32 |    0 |     6 |      0 |      0 |    0 |          0 |
|         (dirArray_6)                                                                                                 |                                                                flowSRAM_13 |          1 |          1 |       0 |    0 |     0 |      0 |      0 |    0 |          0 |
|         mem_ext                                                                                                      |                                                               mem_64x27_15 |         81 |         49 |      32 |    0 |     6 |      0 |      0 |    0 |          0 |
|       dirArray_7                                                                                                     |                                                                flowSRAM_14 |        389 |        357 |      32 |    0 |     6 |      0 |      0 |    0 |          0 |
|         (dirArray_7)                                                                                                 |                                                                flowSRAM_14 |          2 |          2 |       0 |    0 |     0 |      0 |      0 |    0 |          0 |
|         mem_ext                                                                                                      |                                                                  mem_64x27 |        387 |        355 |      32 |    0 |     6 |      0 |      0 |    0 |          0 |
|     mmioArbiter                                                                                                      |                                                          BreezeMmioArbiter |         10 |         10 |       0 |    0 |   137 |      0 |      0 |    0 |          0 |
|     mmioBridge                                                                                                       |                                                       DCacheWishboneBridge |        260 |        260 |       0 |    0 |   169 |      0 |      0 |    0 |          0 |
|   FlowClint                                                                                                          |                                                                  FlowClint |        116 |        116 |       0 |    0 |   201 |      0 |      0 |    0 |          0 |
|   FlowPlic                                                                                                           |                                                                   FlowPlic |        108 |        108 |       0 |    0 |   200 |      0 |      0 |    0 |          0 |
|   breeze_ila                                                                                                         |                                                                 breeze_ila |       4860 |       3424 |       0 | 1436 | 10731 |    134 |      0 |    0 |          0 |
|     (breeze_ila)                                                                                                     |                                                                 breeze_ila |          0 |          0 |       0 |    0 |     0 |      0 |      0 |    0 |          0 |
|     inst                                                                                                             |                                                  breeze_ilaila_v6_2_12_ila |       4860 |       3424 |       0 | 1436 | 10731 |    134 |      0 |    0 |          0 |
|       (inst)                                                                                                         |                                                  breeze_ilaila_v6_2_12_ila |          1 |          1 |       0 |    0 |  2412 |      0 |      0 |    0 |          0 |
|       ila_core_inst                                                                                                  |                                             breeze_ilaila_v6_2_12_ila_core |       4859 |       3423 |       0 | 1436 |  8319 |    134 |      0 |    0 |          0 |
|         (ila_core_inst)                                                                                              |                                             breeze_ilaila_v6_2_12_ila_core |        603 |          0 |       0 |  603 |  1246 |      0 |      0 |    0 |          0 |
|         ila_trace_memory_inst                                                                                        |                                     breeze_ilaila_v6_2_12_ila_trace_memory |          0 |          0 |       0 |    0 |     0 |    134 |      0 |    0 |          0 |
|           SUBCORE_RAM.BLK_MEM_GEN[0].trace_block_memory                                                              |                                            breeze_ilablk_mem_gen_v8_4_5__1 |          0 |          0 |       0 |    0 |     0 |     57 |      0 |    0 |          0 |
|             inst_blk_mem_gen                                                                                         |                                     breeze_ilablk_mem_gen_v8_4_5_synth_302 |          0 |          0 |       0 |    0 |     0 |     57 |      0 |    0 |          0 |
|               gnbram.gnativebmg.native_blk_mem_gen                                                                   |                           breeze_ilablk_mem_gen_v8_4_5_blk_mem_gen_top_303 |          0 |          0 |       0 |    0 |     0 |     57 |      0 |    0 |          0 |
|                 valid.cstr                                                                                           |                  breeze_ilablk_mem_gen_v8_4_5_blk_mem_gen_generic_cstr_304 |          0 |          0 |       0 |    0 |     0 |     57 |      0 |    0 |          0 |
|                   ramloop[0].ram.r                                                                                   |                    breeze_ilablk_mem_gen_v8_4_5_blk_mem_gen_prim_width_305 |          0 |          0 |       0 |    0 |     0 |      1 |      0 |    0 |          0 |
|                     prim_noinit.ram                                                                                  |                  breeze_ilablk_mem_gen_v8_4_5_blk_mem_gen_prim_wrapper_418 |          0 |          0 |       0 |    0 |     0 |      1 |      0 |    0 |          0 |
|                   ramloop[10].ram.r                                                                                  |    breeze_ilablk_mem_gen_v8_4_5_blk_mem_gen_prim_width__parameterized9_306 |          0 |          0 |       0 |    0 |     0 |      1 |      0 |    0 |          0 |
|                     prim_noinit.ram                                                                                  |  breeze_ilablk_mem_gen_v8_4_5_blk_mem_gen_prim_wrapper__parameterized9_417 |          0 |          0 |       0 |    0 |     0 |      1 |      0 |    0 |          0 |
|                   ramloop[11].ram.r                                                                                  |   breeze_ilablk_mem_gen_v8_4_5_blk_mem_gen_prim_width__parameterized10_307 |          0 |          0 |       0 |    0 |     0 |      1 |      0 |    0 |          0 |
|                     prim_noinit.ram                                                                                  | breeze_ilablk_mem_gen_v8_4_5_blk_mem_gen_prim_wrapper__parameterized10_416 |          0 |          0 |       0 |    0 |     0 |      1 |      0 |    0 |          0 |
|                   ramloop[12].ram.r                                                                                  |   breeze_ilablk_mem_gen_v8_4_5_blk_mem_gen_prim_width__parameterized11_308 |          0 |          0 |       0 |    0 |     0 |      1 |      0 |    0 |          0 |
|                     prim_noinit.ram                                                                                  | breeze_ilablk_mem_gen_v8_4_5_blk_mem_gen_prim_wrapper__parameterized11_415 |          0 |          0 |       0 |    0 |     0 |      1 |      0 |    0 |          0 |
|                   ramloop[13].ram.r                                                                                  |   breeze_ilablk_mem_gen_v8_4_5_blk_mem_gen_prim_width__parameterized12_309 |          0 |          0 |       0 |    0 |     0 |      1 |      0 |    0 |          0 |
|                     prim_noinit.ram                                                                                  | breeze_ilablk_mem_gen_v8_4_5_blk_mem_gen_prim_wrapper__parameterized12_414 |          0 |          0 |       0 |    0 |     0 |      1 |      0 |    0 |          0 |
|                   ramloop[14].ram.r                                                                                  |   breeze_ilablk_mem_gen_v8_4_5_blk_mem_gen_prim_width__parameterized13_310 |          0 |          0 |       0 |    0 |     0 |      1 |      0 |    0 |          0 |
|                     prim_noinit.ram                                                                                  | breeze_ilablk_mem_gen_v8_4_5_blk_mem_gen_prim_wrapper__parameterized13_413 |          0 |          0 |       0 |    0 |     0 |      1 |      0 |    0 |          0 |
|                   ramloop[15].ram.r                                                                                  |   breeze_ilablk_mem_gen_v8_4_5_blk_mem_gen_prim_width__parameterized14_311 |          0 |          0 |       0 |    0 |     0 |      1 |      0 |    0 |          0 |
|                     prim_noinit.ram                                                                                  | breeze_ilablk_mem_gen_v8_4_5_blk_mem_gen_prim_wrapper__parameterized14_412 |          0 |          0 |       0 |    0 |     0 |      1 |      0 |    0 |          0 |
|                   ramloop[16].ram.r                                                                                  |   breeze_ilablk_mem_gen_v8_4_5_blk_mem_gen_prim_width__parameterized15_312 |          0 |          0 |       0 |    0 |     0 |      1 |      0 |    0 |          0 |
|                     prim_noinit.ram                                                                                  | breeze_ilablk_mem_gen_v8_4_5_blk_mem_gen_prim_wrapper__parameterized15_411 |          0 |          0 |       0 |    0 |     0 |      1 |      0 |    0 |          0 |
|                   ramloop[17].ram.r                                                                                  |   breeze_ilablk_mem_gen_v8_4_5_blk_mem_gen_prim_width__parameterized16_313 |          0 |          0 |       0 |    0 |     0 |      1 |      0 |    0 |          0 |
|                     prim_noinit.ram                                                                                  | breeze_ilablk_mem_gen_v8_4_5_blk_mem_gen_prim_wrapper__parameterized16_410 |          0 |          0 |       0 |    0 |     0 |      1 |      0 |    0 |          0 |
|                   ramloop[18].ram.r                                                                                  |   breeze_ilablk_mem_gen_v8_4_5_blk_mem_gen_prim_width__parameterized17_314 |          0 |          0 |       0 |    0 |     0 |      1 |      0 |    0 |          0 |
|                     prim_noinit.ram                                                                                  | breeze_ilablk_mem_gen_v8_4_5_blk_mem_gen_prim_wrapper__parameterized17_409 |          0 |          0 |       0 |    0 |     0 |      1 |      0 |    0 |          0 |
|                   ramloop[19].ram.r                                                                                  |   breeze_ilablk_mem_gen_v8_4_5_blk_mem_gen_prim_width__parameterized18_315 |          0 |          0 |       0 |    0 |     0 |      1 |      0 |    0 |          0 |
|                     prim_noinit.ram                                                                                  | breeze_ilablk_mem_gen_v8_4_5_blk_mem_gen_prim_wrapper__parameterized18_408 |          0 |          0 |       0 |    0 |     0 |      1 |      0 |    0 |          0 |
|                   ramloop[1].ram.r                                                                                   |    breeze_ilablk_mem_gen_v8_4_5_blk_mem_gen_prim_width__parameterized0_316 |          0 |          0 |       0 |    0 |     0 |      1 |      0 |    0 |          0 |
|                     prim_noinit.ram                                                                                  |  breeze_ilablk_mem_gen_v8_4_5_blk_mem_gen_prim_wrapper__parameterized0_407 |          0 |          0 |       0 |    0 |     0 |      1 |      0 |    0 |          0 |
|                   ramloop[20].ram.r                                                                                  |   breeze_ilablk_mem_gen_v8_4_5_blk_mem_gen_prim_width__parameterized19_317 |          0 |          0 |       0 |    0 |     0 |      1 |      0 |    0 |          0 |
|                     prim_noinit.ram                                                                                  | breeze_ilablk_mem_gen_v8_4_5_blk_mem_gen_prim_wrapper__parameterized19_406 |          0 |          0 |       0 |    0 |     0 |      1 |      0 |    0 |          0 |
|                   ramloop[21].ram.r                                                                                  |   breeze_ilablk_mem_gen_v8_4_5_blk_mem_gen_prim_width__parameterized20_318 |          0 |          0 |       0 |    0 |     0 |      1 |      0 |    0 |          0 |
|                     prim_noinit.ram                                                                                  | breeze_ilablk_mem_gen_v8_4_5_blk_mem_gen_prim_wrapper__parameterized20_405 |          0 |          0 |       0 |    0 |     0 |      1 |      0 |    0 |          0 |
|                   ramloop[22].ram.r                                                                                  |   breeze_ilablk_mem_gen_v8_4_5_blk_mem_gen_prim_width__parameterized21_319 |          0 |          0 |       0 |    0 |     0 |      1 |      0 |    0 |          0 |
|                     prim_noinit.ram                                                                                  | breeze_ilablk_mem_gen_v8_4_5_blk_mem_gen_prim_wrapper__parameterized21_404 |          0 |          0 |       0 |    0 |     0 |      1 |      0 |    0 |          0 |
|                   ramloop[23].ram.r                                                                                  |   breeze_ilablk_mem_gen_v8_4_5_blk_mem_gen_prim_width__parameterized22_320 |          0 |          0 |       0 |    0 |     0 |      1 |      0 |    0 |          0 |
|                     prim_noinit.ram                                                                                  | breeze_ilablk_mem_gen_v8_4_5_blk_mem_gen_prim_wrapper__parameterized22_403 |          0 |          0 |       0 |    0 |     0 |      1 |      0 |    0 |          0 |
|                   ramloop[24].ram.r                                                                                  |   breeze_ilablk_mem_gen_v8_4_5_blk_mem_gen_prim_width__parameterized23_321 |          0 |          0 |       0 |    0 |     0 |      1 |      0 |    0 |          0 |
|                     prim_noinit.ram                                                                                  | breeze_ilablk_mem_gen_v8_4_5_blk_mem_gen_prim_wrapper__parameterized23_402 |          0 |          0 |       0 |    0 |     0 |      1 |      0 |    0 |          0 |
|                   ramloop[25].ram.r                                                                                  |   breeze_ilablk_mem_gen_v8_4_5_blk_mem_gen_prim_width__parameterized24_322 |          0 |          0 |       0 |    0 |     0 |      1 |      0 |    0 |          0 |
|                     prim_noinit.ram                                                                                  | breeze_ilablk_mem_gen_v8_4_5_blk_mem_gen_prim_wrapper__parameterized24_401 |          0 |          0 |       0 |    0 |     0 |      1 |      0 |    0 |          0 |
|                   ramloop[26].ram.r                                                                                  |   breeze_ilablk_mem_gen_v8_4_5_blk_mem_gen_prim_width__parameterized25_323 |          0 |          0 |       0 |    0 |     0 |      1 |      0 |    0 |          0 |
|                     prim_noinit.ram                                                                                  | breeze_ilablk_mem_gen_v8_4_5_blk_mem_gen_prim_wrapper__parameterized25_400 |          0 |          0 |       0 |    0 |     0 |      1 |      0 |    0 |          0 |
|                   ramloop[27].ram.r                                                                                  |   breeze_ilablk_mem_gen_v8_4_5_blk_mem_gen_prim_width__parameterized26_324 |          0 |          0 |       0 |    0 |     0 |      1 |      0 |    0 |          0 |
|                     prim_noinit.ram                                                                                  | breeze_ilablk_mem_gen_v8_4_5_blk_mem_gen_prim_wrapper__parameterized26_399 |          0 |          0 |       0 |    0 |     0 |      1 |      0 |    0 |          0 |
|                   ramloop[28].ram.r                                                                                  |   breeze_ilablk_mem_gen_v8_4_5_blk_mem_gen_prim_width__parameterized27_325 |          0 |          0 |       0 |    0 |     0 |      1 |      0 |    0 |          0 |
|                     prim_noinit.ram                                                                                  | breeze_ilablk_mem_gen_v8_4_5_blk_mem_gen_prim_wrapper__parameterized27_398 |          0 |          0 |       0 |    0 |     0 |      1 |      0 |    0 |          0 |
|                   ramloop[29].ram.r                                                                                  |   breeze_ilablk_mem_gen_v8_4_5_blk_mem_gen_prim_width__parameterized28_326 |          0 |          0 |       0 |    0 |     0 |      1 |      0 |    0 |          0 |
|                     prim_noinit.ram                                                                                  | breeze_ilablk_mem_gen_v8_4_5_blk_mem_gen_prim_wrapper__parameterized28_397 |          0 |          0 |       0 |    0 |     0 |      1 |      0 |    0 |          0 |
|                   ramloop[2].ram.r                                                                                   |    breeze_ilablk_mem_gen_v8_4_5_blk_mem_gen_prim_width__parameterized1_327 |          0 |          0 |       0 |    0 |     0 |      1 |      0 |    0 |          0 |
|                     prim_noinit.ram                                                                                  |  breeze_ilablk_mem_gen_v8_4_5_blk_mem_gen_prim_wrapper__parameterized1_396 |          0 |          0 |       0 |    0 |     0 |      1 |      0 |    0 |          0 |
|                   ramloop[30].ram.r                                                                                  |   breeze_ilablk_mem_gen_v8_4_5_blk_mem_gen_prim_width__parameterized29_328 |          0 |          0 |       0 |    0 |     0 |      1 |      0 |    0 |          0 |
|                     prim_noinit.ram                                                                                  | breeze_ilablk_mem_gen_v8_4_5_blk_mem_gen_prim_wrapper__parameterized29_395 |          0 |          0 |       0 |    0 |     0 |      1 |      0 |    0 |          0 |
|                   ramloop[31].ram.r                                                                                  |   breeze_ilablk_mem_gen_v8_4_5_blk_mem_gen_prim_width__parameterized30_329 |          0 |          0 |       0 |    0 |     0 |      1 |      0 |    0 |          0 |
|                     prim_noinit.ram                                                                                  | breeze_ilablk_mem_gen_v8_4_5_blk_mem_gen_prim_wrapper__parameterized30_394 |          0 |          0 |       0 |    0 |     0 |      1 |      0 |    0 |          0 |
|                   ramloop[32].ram.r                                                                                  |   breeze_ilablk_mem_gen_v8_4_5_blk_mem_gen_prim_width__parameterized31_330 |          0 |          0 |       0 |    0 |     0 |      1 |      0 |    0 |          0 |
|                     prim_noinit.ram                                                                                  | breeze_ilablk_mem_gen_v8_4_5_blk_mem_gen_prim_wrapper__parameterized31_393 |          0 |          0 |       0 |    0 |     0 |      1 |      0 |    0 |          0 |
|                   ramloop[33].ram.r                                                                                  |   breeze_ilablk_mem_gen_v8_4_5_blk_mem_gen_prim_width__parameterized32_331 |          0 |          0 |       0 |    0 |     0 |      1 |      0 |    0 |          0 |
|                     prim_noinit.ram                                                                                  | breeze_ilablk_mem_gen_v8_4_5_blk_mem_gen_prim_wrapper__parameterized32_392 |          0 |          0 |       0 |    0 |     0 |      1 |      0 |    0 |          0 |
|                   ramloop[34].ram.r                                                                                  |   breeze_ilablk_mem_gen_v8_4_5_blk_mem_gen_prim_width__parameterized33_332 |          0 |          0 |       0 |    0 |     0 |      1 |      0 |    0 |          0 |
|                     prim_noinit.ram                                                                                  | breeze_ilablk_mem_gen_v8_4_5_blk_mem_gen_prim_wrapper__parameterized33_391 |          0 |          0 |       0 |    0 |     0 |      1 |      0 |    0 |          0 |
|                   ramloop[35].ram.r                                                                                  |   breeze_ilablk_mem_gen_v8_4_5_blk_mem_gen_prim_width__parameterized34_333 |          0 |          0 |       0 |    0 |     0 |      1 |      0 |    0 |          0 |
|                     prim_noinit.ram                                                                                  | breeze_ilablk_mem_gen_v8_4_5_blk_mem_gen_prim_wrapper__parameterized34_390 |          0 |          0 |       0 |    0 |     0 |      1 |      0 |    0 |          0 |
|                   ramloop[36].ram.r                                                                                  |   breeze_ilablk_mem_gen_v8_4_5_blk_mem_gen_prim_width__parameterized35_334 |          0 |          0 |       0 |    0 |     0 |      1 |      0 |    0 |          0 |
|                     prim_noinit.ram                                                                                  | breeze_ilablk_mem_gen_v8_4_5_blk_mem_gen_prim_wrapper__parameterized35_389 |          0 |          0 |       0 |    0 |     0 |      1 |      0 |    0 |          0 |
|                   ramloop[37].ram.r                                                                                  |   breeze_ilablk_mem_gen_v8_4_5_blk_mem_gen_prim_width__parameterized36_335 |          0 |          0 |       0 |    0 |     0 |      1 |      0 |    0 |          0 |
|                     prim_noinit.ram                                                                                  | breeze_ilablk_mem_gen_v8_4_5_blk_mem_gen_prim_wrapper__parameterized36_388 |          0 |          0 |       0 |    0 |     0 |      1 |      0 |    0 |          0 |
|                   ramloop[38].ram.r                                                                                  |   breeze_ilablk_mem_gen_v8_4_5_blk_mem_gen_prim_width__parameterized37_336 |          0 |          0 |       0 |    0 |     0 |      1 |      0 |    0 |          0 |
|                     prim_noinit.ram                                                                                  | breeze_ilablk_mem_gen_v8_4_5_blk_mem_gen_prim_wrapper__parameterized37_387 |          0 |          0 |       0 |    0 |     0 |      1 |      0 |    0 |          0 |
|                   ramloop[39].ram.r                                                                                  |   breeze_ilablk_mem_gen_v8_4_5_blk_mem_gen_prim_width__parameterized38_337 |          0 |          0 |       0 |    0 |     0 |      1 |      0 |    0 |          0 |
|                     prim_noinit.ram                                                                                  | breeze_ilablk_mem_gen_v8_4_5_blk_mem_gen_prim_wrapper__parameterized38_386 |          0 |          0 |       0 |    0 |     0 |      1 |      0 |    0 |          0 |
|                   ramloop[3].ram.r                                                                                   |    breeze_ilablk_mem_gen_v8_4_5_blk_mem_gen_prim_width__parameterized2_338 |          0 |          0 |       0 |    0 |     0 |      1 |      0 |    0 |          0 |
|                     prim_noinit.ram                                                                                  |  breeze_ilablk_mem_gen_v8_4_5_blk_mem_gen_prim_wrapper__parameterized2_385 |          0 |          0 |       0 |    0 |     0 |      1 |      0 |    0 |          0 |
|                   ramloop[40].ram.r                                                                                  |   breeze_ilablk_mem_gen_v8_4_5_blk_mem_gen_prim_width__parameterized39_339 |          0 |          0 |       0 |    0 |     0 |      1 |      0 |    0 |          0 |
|                     prim_noinit.ram                                                                                  | breeze_ilablk_mem_gen_v8_4_5_blk_mem_gen_prim_wrapper__parameterized39_384 |          0 |          0 |       0 |    0 |     0 |      1 |      0 |    0 |          0 |
|                   ramloop[41].ram.r                                                                                  |   breeze_ilablk_mem_gen_v8_4_5_blk_mem_gen_prim_width__parameterized40_340 |          0 |          0 |       0 |    0 |     0 |      1 |      0 |    0 |          0 |
|                     prim_noinit.ram                                                                                  | breeze_ilablk_mem_gen_v8_4_5_blk_mem_gen_prim_wrapper__parameterized40_383 |          0 |          0 |       0 |    0 |     0 |      1 |      0 |    0 |          0 |
|                   ramloop[42].ram.r                                                                                  |   breeze_ilablk_mem_gen_v8_4_5_blk_mem_gen_prim_width__parameterized41_341 |          0 |          0 |       0 |    0 |     0 |      1 |      0 |    0 |          0 |
|                     prim_noinit.ram                                                                                  | breeze_ilablk_mem_gen_v8_4_5_blk_mem_gen_prim_wrapper__parameterized41_382 |          0 |          0 |       0 |    0 |     0 |      1 |      0 |    0 |          0 |
|                   ramloop[43].ram.r                                                                                  |   breeze_ilablk_mem_gen_v8_4_5_blk_mem_gen_prim_width__parameterized42_342 |          0 |          0 |       0 |    0 |     0 |      1 |      0 |    0 |          0 |
|                     prim_noinit.ram                                                                                  | breeze_ilablk_mem_gen_v8_4_5_blk_mem_gen_prim_wrapper__parameterized42_381 |          0 |          0 |       0 |    0 |     0 |      1 |      0 |    0 |          0 |
|                   ramloop[44].ram.r                                                                                  |   breeze_ilablk_mem_gen_v8_4_5_blk_mem_gen_prim_width__parameterized43_343 |          0 |          0 |       0 |    0 |     0 |      1 |      0 |    0 |          0 |
|                     prim_noinit.ram                                                                                  | breeze_ilablk_mem_gen_v8_4_5_blk_mem_gen_prim_wrapper__parameterized43_380 |          0 |          0 |       0 |    0 |     0 |      1 |      0 |    0 |          0 |
|                   ramloop[45].ram.r                                                                                  |   breeze_ilablk_mem_gen_v8_4_5_blk_mem_gen_prim_width__parameterized44_344 |          0 |          0 |       0 |    0 |     0 |      1 |      0 |    0 |          0 |
|                     prim_noinit.ram                                                                                  | breeze_ilablk_mem_gen_v8_4_5_blk_mem_gen_prim_wrapper__parameterized44_379 |          0 |          0 |       0 |    0 |     0 |      1 |      0 |    0 |          0 |
|                   ramloop[46].ram.r                                                                                  |   breeze_ilablk_mem_gen_v8_4_5_blk_mem_gen_prim_width__parameterized45_345 |          0 |          0 |       0 |    0 |     0 |      1 |      0 |    0 |          0 |
|                     prim_noinit.ram                                                                                  | breeze_ilablk_mem_gen_v8_4_5_blk_mem_gen_prim_wrapper__parameterized45_378 |          0 |          0 |       0 |    0 |     0 |      1 |      0 |    0 |          0 |
|                   ramloop[47].ram.r                                                                                  |   breeze_ilablk_mem_gen_v8_4_5_blk_mem_gen_prim_width__parameterized46_346 |          0 |          0 |       0 |    0 |     0 |      1 |      0 |    0 |          0 |
|                     prim_noinit.ram                                                                                  | breeze_ilablk_mem_gen_v8_4_5_blk_mem_gen_prim_wrapper__parameterized46_377 |          0 |          0 |       0 |    0 |     0 |      1 |      0 |    0 |          0 |
|                   ramloop[48].ram.r                                                                                  |   breeze_ilablk_mem_gen_v8_4_5_blk_mem_gen_prim_width__parameterized47_347 |          0 |          0 |       0 |    0 |     0 |      1 |      0 |    0 |          0 |
|                     prim_noinit.ram                                                                                  | breeze_ilablk_mem_gen_v8_4_5_blk_mem_gen_prim_wrapper__parameterized47_376 |          0 |          0 |       0 |    0 |     0 |      1 |      0 |    0 |          0 |
|                   ramloop[49].ram.r                                                                                  |   breeze_ilablk_mem_gen_v8_4_5_blk_mem_gen_prim_width__parameterized48_348 |          0 |          0 |       0 |    0 |     0 |      1 |      0 |    0 |          0 |
|                     prim_noinit.ram                                                                                  | breeze_ilablk_mem_gen_v8_4_5_blk_mem_gen_prim_wrapper__parameterized48_375 |          0 |          0 |       0 |    0 |     0 |      1 |      0 |    0 |          0 |
|                   ramloop[4].ram.r                                                                                   |    breeze_ilablk_mem_gen_v8_4_5_blk_mem_gen_prim_width__parameterized3_349 |          0 |          0 |       0 |    0 |     0 |      1 |      0 |    0 |          0 |
|                     prim_noinit.ram                                                                                  |  breeze_ilablk_mem_gen_v8_4_5_blk_mem_gen_prim_wrapper__parameterized3_374 |          0 |          0 |       0 |    0 |     0 |      1 |      0 |    0 |          0 |
|                   ramloop[50].ram.r                                                                                  |   breeze_ilablk_mem_gen_v8_4_5_blk_mem_gen_prim_width__parameterized49_350 |          0 |          0 |       0 |    0 |     0 |      1 |      0 |    0 |          0 |
|                     prim_noinit.ram                                                                                  | breeze_ilablk_mem_gen_v8_4_5_blk_mem_gen_prim_wrapper__parameterized49_373 |          0 |          0 |       0 |    0 |     0 |      1 |      0 |    0 |          0 |
|                   ramloop[51].ram.r                                                                                  |   breeze_ilablk_mem_gen_v8_4_5_blk_mem_gen_prim_width__parameterized50_351 |          0 |          0 |       0 |    0 |     0 |      1 |      0 |    0 |          0 |
|                     prim_noinit.ram                                                                                  | breeze_ilablk_mem_gen_v8_4_5_blk_mem_gen_prim_wrapper__parameterized50_372 |          0 |          0 |       0 |    0 |     0 |      1 |      0 |    0 |          0 |
|                   ramloop[52].ram.r                                                                                  |   breeze_ilablk_mem_gen_v8_4_5_blk_mem_gen_prim_width__parameterized51_352 |          0 |          0 |       0 |    0 |     0 |      1 |      0 |    0 |          0 |
|                     prim_noinit.ram                                                                                  | breeze_ilablk_mem_gen_v8_4_5_blk_mem_gen_prim_wrapper__parameterized51_371 |          0 |          0 |       0 |    0 |     0 |      1 |      0 |    0 |          0 |
|                   ramloop[53].ram.r                                                                                  |   breeze_ilablk_mem_gen_v8_4_5_blk_mem_gen_prim_width__parameterized52_353 |          0 |          0 |       0 |    0 |     0 |      1 |      0 |    0 |          0 |
|                     prim_noinit.ram                                                                                  | breeze_ilablk_mem_gen_v8_4_5_blk_mem_gen_prim_wrapper__parameterized52_370 |          0 |          0 |       0 |    0 |     0 |      1 |      0 |    0 |          0 |
|                   ramloop[54].ram.r                                                                                  |   breeze_ilablk_mem_gen_v8_4_5_blk_mem_gen_prim_width__parameterized53_354 |          0 |          0 |       0 |    0 |     0 |      1 |      0 |    0 |          0 |
|                     prim_noinit.ram                                                                                  | breeze_ilablk_mem_gen_v8_4_5_blk_mem_gen_prim_wrapper__parameterized53_369 |          0 |          0 |       0 |    0 |     0 |      1 |      0 |    0 |          0 |
|                   ramloop[55].ram.r                                                                                  |   breeze_ilablk_mem_gen_v8_4_5_blk_mem_gen_prim_width__parameterized54_355 |          0 |          0 |       0 |    0 |     0 |      1 |      0 |    0 |          0 |
|                     prim_noinit.ram                                                                                  | breeze_ilablk_mem_gen_v8_4_5_blk_mem_gen_prim_wrapper__parameterized54_368 |          0 |          0 |       0 |    0 |     0 |      1 |      0 |    0 |          0 |
|                   ramloop[56].ram.r                                                                                  |   breeze_ilablk_mem_gen_v8_4_5_blk_mem_gen_prim_width__parameterized55_356 |          0 |          0 |       0 |    0 |     0 |      1 |      0 |    0 |          0 |
|                     prim_noinit.ram                                                                                  | breeze_ilablk_mem_gen_v8_4_5_blk_mem_gen_prim_wrapper__parameterized55_367 |          0 |          0 |       0 |    0 |     0 |      1 |      0 |    0 |          0 |
|                   ramloop[5].ram.r                                                                                   |    breeze_ilablk_mem_gen_v8_4_5_blk_mem_gen_prim_width__parameterized4_357 |          0 |          0 |       0 |    0 |     0 |      1 |      0 |    0 |          0 |
|                     prim_noinit.ram                                                                                  |  breeze_ilablk_mem_gen_v8_4_5_blk_mem_gen_prim_wrapper__parameterized4_366 |          0 |          0 |       0 |    0 |     0 |      1 |      0 |    0 |          0 |
|                   ramloop[6].ram.r                                                                                   |    breeze_ilablk_mem_gen_v8_4_5_blk_mem_gen_prim_width__parameterized5_358 |          0 |          0 |       0 |    0 |     0 |      1 |      0 |    0 |          0 |
|                     prim_noinit.ram                                                                                  |  breeze_ilablk_mem_gen_v8_4_5_blk_mem_gen_prim_wrapper__parameterized5_365 |          0 |          0 |       0 |    0 |     0 |      1 |      0 |    0 |          0 |
|                   ramloop[7].ram.r                                                                                   |    breeze_ilablk_mem_gen_v8_4_5_blk_mem_gen_prim_width__parameterized6_359 |          0 |          0 |       0 |    0 |     0 |      1 |      0 |    0 |          0 |
|                     prim_noinit.ram                                                                                  |  breeze_ilablk_mem_gen_v8_4_5_blk_mem_gen_prim_wrapper__parameterized6_364 |          0 |          0 |       0 |    0 |     0 |      1 |      0 |    0 |          0 |
|                   ramloop[8].ram.r                                                                                   |    breeze_ilablk_mem_gen_v8_4_5_blk_mem_gen_prim_width__parameterized7_360 |          0 |          0 |       0 |    0 |     0 |      1 |      0 |    0 |          0 |
|                     prim_noinit.ram                                                                                  |  breeze_ilablk_mem_gen_v8_4_5_blk_mem_gen_prim_wrapper__parameterized7_363 |          0 |          0 |       0 |    0 |     0 |      1 |      0 |    0 |          0 |
|                   ramloop[9].ram.r                                                                                   |    breeze_ilablk_mem_gen_v8_4_5_blk_mem_gen_prim_width__parameterized8_361 |          0 |          0 |       0 |    0 |     0 |      1 |      0 |    0 |          0 |
|                     prim_noinit.ram                                                                                  |  breeze_ilablk_mem_gen_v8_4_5_blk_mem_gen_prim_wrapper__parameterized8_362 |          0 |          0 |       0 |    0 |     0 |      1 |      0 |    0 |          0 |
|           SUBCORE_RAM.BLK_MEM_GEN[1].trace_block_memory                                                              |                                               breeze_ilablk_mem_gen_v8_4_5 |          0 |          0 |       0 |    0 |     0 |     57 |      0 |    0 |          0 |
|             inst_blk_mem_gen                                                                                         |                                         breeze_ilablk_mem_gen_v8_4_5_synth |          0 |          0 |       0 |    0 |     0 |     57 |      0 |    0 |          0 |
|               gnbram.gnativebmg.native_blk_mem_gen                                                                   |                               breeze_ilablk_mem_gen_v8_4_5_blk_mem_gen_top |          0 |          0 |       0 |    0 |     0 |     57 |      0 |    0 |          0 |
|                 valid.cstr                                                                                           |                      breeze_ilablk_mem_gen_v8_4_5_blk_mem_gen_generic_cstr |          0 |          0 |       0 |    0 |     0 |     57 |      0 |    0 |          0 |
|                   ramloop[0].ram.r                                                                                   |                        breeze_ilablk_mem_gen_v8_4_5_blk_mem_gen_prim_width |          0 |          0 |       0 |    0 |     0 |      1 |      0 |    0 |          0 |
|                     prim_noinit.ram                                                                                  |                      breeze_ilablk_mem_gen_v8_4_5_blk_mem_gen_prim_wrapper |          0 |          0 |       0 |    0 |     0 |      1 |      0 |    0 |          0 |
|                   ramloop[10].ram.r                                                                                  |        breeze_ilablk_mem_gen_v8_4_5_blk_mem_gen_prim_width__parameterized9 |          0 |          0 |       0 |    0 |     0 |      1 |      0 |    0 |          0 |
|                     prim_noinit.ram                                                                                  |      breeze_ilablk_mem_gen_v8_4_5_blk_mem_gen_prim_wrapper__parameterized9 |          0 |          0 |       0 |    0 |     0 |      1 |      0 |    0 |          0 |
|                   ramloop[11].ram.r                                                                                  |       breeze_ilablk_mem_gen_v8_4_5_blk_mem_gen_prim_width__parameterized10 |          0 |          0 |       0 |    0 |     0 |      1 |      0 |    0 |          0 |
|                     prim_noinit.ram                                                                                  |     breeze_ilablk_mem_gen_v8_4_5_blk_mem_gen_prim_wrapper__parameterized10 |          0 |          0 |       0 |    0 |     0 |      1 |      0 |    0 |          0 |
|                   ramloop[12].ram.r                                                                                  |       breeze_ilablk_mem_gen_v8_4_5_blk_mem_gen_prim_width__parameterized11 |          0 |          0 |       0 |    0 |     0 |      1 |      0 |    0 |          0 |
|                     prim_noinit.ram                                                                                  |     breeze_ilablk_mem_gen_v8_4_5_blk_mem_gen_prim_wrapper__parameterized11 |          0 |          0 |       0 |    0 |     0 |      1 |      0 |    0 |          0 |
|                   ramloop[13].ram.r                                                                                  |       breeze_ilablk_mem_gen_v8_4_5_blk_mem_gen_prim_width__parameterized12 |          0 |          0 |       0 |    0 |     0 |      1 |      0 |    0 |          0 |
|                     prim_noinit.ram                                                                                  |     breeze_ilablk_mem_gen_v8_4_5_blk_mem_gen_prim_wrapper__parameterized12 |          0 |          0 |       0 |    0 |     0 |      1 |      0 |    0 |          0 |
|                   ramloop[14].ram.r                                                                                  |       breeze_ilablk_mem_gen_v8_4_5_blk_mem_gen_prim_width__parameterized13 |          0 |          0 |       0 |    0 |     0 |      1 |      0 |    0 |          0 |
|                     prim_noinit.ram                                                                                  |     breeze_ilablk_mem_gen_v8_4_5_blk_mem_gen_prim_wrapper__parameterized13 |          0 |          0 |       0 |    0 |     0 |      1 |      0 |    0 |          0 |
|                   ramloop[15].ram.r                                                                                  |       breeze_ilablk_mem_gen_v8_4_5_blk_mem_gen_prim_width__parameterized14 |          0 |          0 |       0 |    0 |     0 |      1 |      0 |    0 |          0 |
|                     prim_noinit.ram                                                                                  |     breeze_ilablk_mem_gen_v8_4_5_blk_mem_gen_prim_wrapper__parameterized14 |          0 |          0 |       0 |    0 |     0 |      1 |      0 |    0 |          0 |
|                   ramloop[16].ram.r                                                                                  |       breeze_ilablk_mem_gen_v8_4_5_blk_mem_gen_prim_width__parameterized15 |          0 |          0 |       0 |    0 |     0 |      1 |      0 |    0 |          0 |
|                     prim_noinit.ram                                                                                  |     breeze_ilablk_mem_gen_v8_4_5_blk_mem_gen_prim_wrapper__parameterized15 |          0 |          0 |       0 |    0 |     0 |      1 |      0 |    0 |          0 |
|                   ramloop[17].ram.r                                                                                  |       breeze_ilablk_mem_gen_v8_4_5_blk_mem_gen_prim_width__parameterized16 |          0 |          0 |       0 |    0 |     0 |      1 |      0 |    0 |          0 |
|                     prim_noinit.ram                                                                                  |     breeze_ilablk_mem_gen_v8_4_5_blk_mem_gen_prim_wrapper__parameterized16 |          0 |          0 |       0 |    0 |     0 |      1 |      0 |    0 |          0 |
|                   ramloop[18].ram.r                                                                                  |       breeze_ilablk_mem_gen_v8_4_5_blk_mem_gen_prim_width__parameterized17 |          0 |          0 |       0 |    0 |     0 |      1 |      0 |    0 |          0 |
|                     prim_noinit.ram                                                                                  |     breeze_ilablk_mem_gen_v8_4_5_blk_mem_gen_prim_wrapper__parameterized17 |          0 |          0 |       0 |    0 |     0 |      1 |      0 |    0 |          0 |
|                   ramloop[19].ram.r                                                                                  |       breeze_ilablk_mem_gen_v8_4_5_blk_mem_gen_prim_width__parameterized18 |          0 |          0 |       0 |    0 |     0 |      1 |      0 |    0 |          0 |
|                     prim_noinit.ram                                                                                  |     breeze_ilablk_mem_gen_v8_4_5_blk_mem_gen_prim_wrapper__parameterized18 |          0 |          0 |       0 |    0 |     0 |      1 |      0 |    0 |          0 |
|                   ramloop[1].ram.r                                                                                   |        breeze_ilablk_mem_gen_v8_4_5_blk_mem_gen_prim_width__parameterized0 |          0 |          0 |       0 |    0 |     0 |      1 |      0 |    0 |          0 |
|                     prim_noinit.ram                                                                                  |      breeze_ilablk_mem_gen_v8_4_5_blk_mem_gen_prim_wrapper__parameterized0 |          0 |          0 |       0 |    0 |     0 |      1 |      0 |    0 |          0 |
|                   ramloop[20].ram.r                                                                                  |       breeze_ilablk_mem_gen_v8_4_5_blk_mem_gen_prim_width__parameterized19 |          0 |          0 |       0 |    0 |     0 |      1 |      0 |    0 |          0 |
|                     prim_noinit.ram                                                                                  |     breeze_ilablk_mem_gen_v8_4_5_blk_mem_gen_prim_wrapper__parameterized19 |          0 |          0 |       0 |    0 |     0 |      1 |      0 |    0 |          0 |
|                   ramloop[21].ram.r                                                                                  |       breeze_ilablk_mem_gen_v8_4_5_blk_mem_gen_prim_width__parameterized20 |          0 |          0 |       0 |    0 |     0 |      1 |      0 |    0 |          0 |
|                     prim_noinit.ram                                                                                  |     breeze_ilablk_mem_gen_v8_4_5_blk_mem_gen_prim_wrapper__parameterized20 |          0 |          0 |       0 |    0 |     0 |      1 |      0 |    0 |          0 |
|                   ramloop[22].ram.r                                                                                  |       breeze_ilablk_mem_gen_v8_4_5_blk_mem_gen_prim_width__parameterized21 |          0 |          0 |       0 |    0 |     0 |      1 |      0 |    0 |          0 |
|                     prim_noinit.ram                                                                                  |     breeze_ilablk_mem_gen_v8_4_5_blk_mem_gen_prim_wrapper__parameterized21 |          0 |          0 |       0 |    0 |     0 |      1 |      0 |    0 |          0 |
|                   ramloop[23].ram.r                                                                                  |       breeze_ilablk_mem_gen_v8_4_5_blk_mem_gen_prim_width__parameterized22 |          0 |          0 |       0 |    0 |     0 |      1 |      0 |    0 |          0 |
|                     prim_noinit.ram                                                                                  |     breeze_ilablk_mem_gen_v8_4_5_blk_mem_gen_prim_wrapper__parameterized22 |          0 |          0 |       0 |    0 |     0 |      1 |      0 |    0 |          0 |
|                   ramloop[24].ram.r                                                                                  |       breeze_ilablk_mem_gen_v8_4_5_blk_mem_gen_prim_width__parameterized23 |          0 |          0 |       0 |    0 |     0 |      1 |      0 |    0 |          0 |
|                     prim_noinit.ram                                                                                  |     breeze_ilablk_mem_gen_v8_4_5_blk_mem_gen_prim_wrapper__parameterized23 |          0 |          0 |       0 |    0 |     0 |      1 |      0 |    0 |          0 |
|                   ramloop[25].ram.r                                                                                  |       breeze_ilablk_mem_gen_v8_4_5_blk_mem_gen_prim_width__parameterized24 |          0 |          0 |       0 |    0 |     0 |      1 |      0 |    0 |          0 |
|                     prim_noinit.ram                                                                                  |     breeze_ilablk_mem_gen_v8_4_5_blk_mem_gen_prim_wrapper__parameterized24 |          0 |          0 |       0 |    0 |     0 |      1 |      0 |    0 |          0 |
|                   ramloop[26].ram.r                                                                                  |       breeze_ilablk_mem_gen_v8_4_5_blk_mem_gen_prim_width__parameterized25 |          0 |          0 |       0 |    0 |     0 |      1 |      0 |    0 |          0 |
|                     prim_noinit.ram                                                                                  |     breeze_ilablk_mem_gen_v8_4_5_blk_mem_gen_prim_wrapper__parameterized25 |          0 |          0 |       0 |    0 |     0 |      1 |      0 |    0 |          0 |
|                   ramloop[27].ram.r                                                                                  |       breeze_ilablk_mem_gen_v8_4_5_blk_mem_gen_prim_width__parameterized26 |          0 |          0 |       0 |    0 |     0 |      1 |      0 |    0 |          0 |
|                     prim_noinit.ram                                                                                  |     breeze_ilablk_mem_gen_v8_4_5_blk_mem_gen_prim_wrapper__parameterized26 |          0 |          0 |       0 |    0 |     0 |      1 |      0 |    0 |          0 |
|                   ramloop[28].ram.r                                                                                  |       breeze_ilablk_mem_gen_v8_4_5_blk_mem_gen_prim_width__parameterized27 |          0 |          0 |       0 |    0 |     0 |      1 |      0 |    0 |          0 |
|                     prim_noinit.ram                                                                                  |     breeze_ilablk_mem_gen_v8_4_5_blk_mem_gen_prim_wrapper__parameterized27 |          0 |          0 |       0 |    0 |     0 |      1 |      0 |    0 |          0 |
|                   ramloop[29].ram.r                                                                                  |       breeze_ilablk_mem_gen_v8_4_5_blk_mem_gen_prim_width__parameterized28 |          0 |          0 |       0 |    0 |     0 |      1 |      0 |    0 |          0 |
|                     prim_noinit.ram                                                                                  |     breeze_ilablk_mem_gen_v8_4_5_blk_mem_gen_prim_wrapper__parameterized28 |          0 |          0 |       0 |    0 |     0 |      1 |      0 |    0 |          0 |
|                   ramloop[2].ram.r                                                                                   |        breeze_ilablk_mem_gen_v8_4_5_blk_mem_gen_prim_width__parameterized1 |          0 |          0 |       0 |    0 |     0 |      1 |      0 |    0 |          0 |
|                     prim_noinit.ram                                                                                  |      breeze_ilablk_mem_gen_v8_4_5_blk_mem_gen_prim_wrapper__parameterized1 |          0 |          0 |       0 |    0 |     0 |      1 |      0 |    0 |          0 |
|                   ramloop[30].ram.r                                                                                  |       breeze_ilablk_mem_gen_v8_4_5_blk_mem_gen_prim_width__parameterized29 |          0 |          0 |       0 |    0 |     0 |      1 |      0 |    0 |          0 |
|                     prim_noinit.ram                                                                                  |     breeze_ilablk_mem_gen_v8_4_5_blk_mem_gen_prim_wrapper__parameterized29 |          0 |          0 |       0 |    0 |     0 |      1 |      0 |    0 |          0 |
|                   ramloop[31].ram.r                                                                                  |       breeze_ilablk_mem_gen_v8_4_5_blk_mem_gen_prim_width__parameterized30 |          0 |          0 |       0 |    0 |     0 |      1 |      0 |    0 |          0 |
|                     prim_noinit.ram                                                                                  |     breeze_ilablk_mem_gen_v8_4_5_blk_mem_gen_prim_wrapper__parameterized30 |          0 |          0 |       0 |    0 |     0 |      1 |      0 |    0 |          0 |
|                   ramloop[32].ram.r                                                                                  |       breeze_ilablk_mem_gen_v8_4_5_blk_mem_gen_prim_width__parameterized31 |          0 |          0 |       0 |    0 |     0 |      1 |      0 |    0 |          0 |
|                     prim_noinit.ram                                                                                  |     breeze_ilablk_mem_gen_v8_4_5_blk_mem_gen_prim_wrapper__parameterized31 |          0 |          0 |       0 |    0 |     0 |      1 |      0 |    0 |          0 |
|                   ramloop[33].ram.r                                                                                  |       breeze_ilablk_mem_gen_v8_4_5_blk_mem_gen_prim_width__parameterized32 |          0 |          0 |       0 |    0 |     0 |      1 |      0 |    0 |          0 |
|                     prim_noinit.ram                                                                                  |     breeze_ilablk_mem_gen_v8_4_5_blk_mem_gen_prim_wrapper__parameterized32 |          0 |          0 |       0 |    0 |     0 |      1 |      0 |    0 |          0 |
|                   ramloop[34].ram.r                                                                                  |       breeze_ilablk_mem_gen_v8_4_5_blk_mem_gen_prim_width__parameterized33 |          0 |          0 |       0 |    0 |     0 |      1 |      0 |    0 |          0 |
|                     prim_noinit.ram                                                                                  |     breeze_ilablk_mem_gen_v8_4_5_blk_mem_gen_prim_wrapper__parameterized33 |          0 |          0 |       0 |    0 |     0 |      1 |      0 |    0 |          0 |
|                   ramloop[35].ram.r                                                                                  |       breeze_ilablk_mem_gen_v8_4_5_blk_mem_gen_prim_width__parameterized34 |          0 |          0 |       0 |    0 |     0 |      1 |      0 |    0 |          0 |
|                     prim_noinit.ram                                                                                  |     breeze_ilablk_mem_gen_v8_4_5_blk_mem_gen_prim_wrapper__parameterized34 |          0 |          0 |       0 |    0 |     0 |      1 |      0 |    0 |          0 |
|                   ramloop[36].ram.r                                                                                  |       breeze_ilablk_mem_gen_v8_4_5_blk_mem_gen_prim_width__parameterized35 |          0 |          0 |       0 |    0 |     0 |      1 |      0 |    0 |          0 |
|                     prim_noinit.ram                                                                                  |     breeze_ilablk_mem_gen_v8_4_5_blk_mem_gen_prim_wrapper__parameterized35 |          0 |          0 |       0 |    0 |     0 |      1 |      0 |    0 |          0 |
|                   ramloop[37].ram.r                                                                                  |       breeze_ilablk_mem_gen_v8_4_5_blk_mem_gen_prim_width__parameterized36 |          0 |          0 |       0 |    0 |     0 |      1 |      0 |    0 |          0 |
|                     prim_noinit.ram                                                                                  |     breeze_ilablk_mem_gen_v8_4_5_blk_mem_gen_prim_wrapper__parameterized36 |          0 |          0 |       0 |    0 |     0 |      1 |      0 |    0 |          0 |
|                   ramloop[38].ram.r                                                                                  |       breeze_ilablk_mem_gen_v8_4_5_blk_mem_gen_prim_width__parameterized37 |          0 |          0 |       0 |    0 |     0 |      1 |      0 |    0 |          0 |
|                     prim_noinit.ram                                                                                  |     breeze_ilablk_mem_gen_v8_4_5_blk_mem_gen_prim_wrapper__parameterized37 |          0 |          0 |       0 |    0 |     0 |      1 |      0 |    0 |          0 |
|                   ramloop[39].ram.r                                                                                  |       breeze_ilablk_mem_gen_v8_4_5_blk_mem_gen_prim_width__parameterized38 |          0 |          0 |       0 |    0 |     0 |      1 |      0 |    0 |          0 |
|                     prim_noinit.ram                                                                                  |     breeze_ilablk_mem_gen_v8_4_5_blk_mem_gen_prim_wrapper__parameterized38 |          0 |          0 |       0 |    0 |     0 |      1 |      0 |    0 |          0 |
|                   ramloop[3].ram.r                                                                                   |        breeze_ilablk_mem_gen_v8_4_5_blk_mem_gen_prim_width__parameterized2 |          0 |          0 |       0 |    0 |     0 |      1 |      0 |    0 |          0 |
|                     prim_noinit.ram                                                                                  |      breeze_ilablk_mem_gen_v8_4_5_blk_mem_gen_prim_wrapper__parameterized2 |          0 |          0 |       0 |    0 |     0 |      1 |      0 |    0 |          0 |
|                   ramloop[40].ram.r                                                                                  |       breeze_ilablk_mem_gen_v8_4_5_blk_mem_gen_prim_width__parameterized39 |          0 |          0 |       0 |    0 |     0 |      1 |      0 |    0 |          0 |
|                     prim_noinit.ram                                                                                  |     breeze_ilablk_mem_gen_v8_4_5_blk_mem_gen_prim_wrapper__parameterized39 |          0 |          0 |       0 |    0 |     0 |      1 |      0 |    0 |          0 |
|                   ramloop[41].ram.r                                                                                  |       breeze_ilablk_mem_gen_v8_4_5_blk_mem_gen_prim_width__parameterized40 |          0 |          0 |       0 |    0 |     0 |      1 |      0 |    0 |          0 |
|                     prim_noinit.ram                                                                                  |     breeze_ilablk_mem_gen_v8_4_5_blk_mem_gen_prim_wrapper__parameterized40 |          0 |          0 |       0 |    0 |     0 |      1 |      0 |    0 |          0 |
|                   ramloop[42].ram.r                                                                                  |       breeze_ilablk_mem_gen_v8_4_5_blk_mem_gen_prim_width__parameterized41 |          0 |          0 |       0 |    0 |     0 |      1 |      0 |    0 |          0 |
|                     prim_noinit.ram                                                                                  |     breeze_ilablk_mem_gen_v8_4_5_blk_mem_gen_prim_wrapper__parameterized41 |          0 |          0 |       0 |    0 |     0 |      1 |      0 |    0 |          0 |
|                   ramloop[43].ram.r                                                                                  |       breeze_ilablk_mem_gen_v8_4_5_blk_mem_gen_prim_width__parameterized42 |          0 |          0 |       0 |    0 |     0 |      1 |      0 |    0 |          0 |
|                     prim_noinit.ram                                                                                  |     breeze_ilablk_mem_gen_v8_4_5_blk_mem_gen_prim_wrapper__parameterized42 |          0 |          0 |       0 |    0 |     0 |      1 |      0 |    0 |          0 |
|                   ramloop[44].ram.r                                                                                  |       breeze_ilablk_mem_gen_v8_4_5_blk_mem_gen_prim_width__parameterized43 |          0 |          0 |       0 |    0 |     0 |      1 |      0 |    0 |          0 |
|                     prim_noinit.ram                                                                                  |     breeze_ilablk_mem_gen_v8_4_5_blk_mem_gen_prim_wrapper__parameterized43 |          0 |          0 |       0 |    0 |     0 |      1 |      0 |    0 |          0 |
|                   ramloop[45].ram.r                                                                                  |       breeze_ilablk_mem_gen_v8_4_5_blk_mem_gen_prim_width__parameterized44 |          0 |          0 |       0 |    0 |     0 |      1 |      0 |    0 |          0 |
|                     prim_noinit.ram                                                                                  |     breeze_ilablk_mem_gen_v8_4_5_blk_mem_gen_prim_wrapper__parameterized44 |          0 |          0 |       0 |    0 |     0 |      1 |      0 |    0 |          0 |
|                   ramloop[46].ram.r                                                                                  |       breeze_ilablk_mem_gen_v8_4_5_blk_mem_gen_prim_width__parameterized45 |          0 |          0 |       0 |    0 |     0 |      1 |      0 |    0 |          0 |
|                     prim_noinit.ram                                                                                  |     breeze_ilablk_mem_gen_v8_4_5_blk_mem_gen_prim_wrapper__parameterized45 |          0 |          0 |       0 |    0 |     0 |      1 |      0 |    0 |          0 |
|                   ramloop[47].ram.r                                                                                  |       breeze_ilablk_mem_gen_v8_4_5_blk_mem_gen_prim_width__parameterized46 |          0 |          0 |       0 |    0 |     0 |      1 |      0 |    0 |          0 |
|                     prim_noinit.ram                                                                                  |     breeze_ilablk_mem_gen_v8_4_5_blk_mem_gen_prim_wrapper__parameterized46 |          0 |          0 |       0 |    0 |     0 |      1 |      0 |    0 |          0 |
|                   ramloop[48].ram.r                                                                                  |       breeze_ilablk_mem_gen_v8_4_5_blk_mem_gen_prim_width__parameterized47 |          0 |          0 |       0 |    0 |     0 |      1 |      0 |    0 |          0 |
|                     prim_noinit.ram                                                                                  |     breeze_ilablk_mem_gen_v8_4_5_blk_mem_gen_prim_wrapper__parameterized47 |          0 |          0 |       0 |    0 |     0 |      1 |      0 |    0 |          0 |
|                   ramloop[49].ram.r                                                                                  |       breeze_ilablk_mem_gen_v8_4_5_blk_mem_gen_prim_width__parameterized48 |          0 |          0 |       0 |    0 |     0 |      1 |      0 |    0 |          0 |
|                     prim_noinit.ram                                                                                  |     breeze_ilablk_mem_gen_v8_4_5_blk_mem_gen_prim_wrapper__parameterized48 |          0 |          0 |       0 |    0 |     0 |      1 |      0 |    0 |          0 |
|                   ramloop[4].ram.r                                                                                   |        breeze_ilablk_mem_gen_v8_4_5_blk_mem_gen_prim_width__parameterized3 |          0 |          0 |       0 |    0 |     0 |      1 |      0 |    0 |          0 |
|                     prim_noinit.ram                                                                                  |      breeze_ilablk_mem_gen_v8_4_5_blk_mem_gen_prim_wrapper__parameterized3 |          0 |          0 |       0 |    0 |     0 |      1 |      0 |    0 |          0 |
|                   ramloop[50].ram.r                                                                                  |       breeze_ilablk_mem_gen_v8_4_5_blk_mem_gen_prim_width__parameterized49 |          0 |          0 |       0 |    0 |     0 |      1 |      0 |    0 |          0 |
|                     prim_noinit.ram                                                                                  |     breeze_ilablk_mem_gen_v8_4_5_blk_mem_gen_prim_wrapper__parameterized49 |          0 |          0 |       0 |    0 |     0 |      1 |      0 |    0 |          0 |
|                   ramloop[51].ram.r                                                                                  |       breeze_ilablk_mem_gen_v8_4_5_blk_mem_gen_prim_width__parameterized50 |          0 |          0 |       0 |    0 |     0 |      1 |      0 |    0 |          0 |
|                     prim_noinit.ram                                                                                  |     breeze_ilablk_mem_gen_v8_4_5_blk_mem_gen_prim_wrapper__parameterized50 |          0 |          0 |       0 |    0 |     0 |      1 |      0 |    0 |          0 |
|                   ramloop[52].ram.r                                                                                  |       breeze_ilablk_mem_gen_v8_4_5_blk_mem_gen_prim_width__parameterized51 |          0 |          0 |       0 |    0 |     0 |      1 |      0 |    0 |          0 |
|                     prim_noinit.ram                                                                                  |     breeze_ilablk_mem_gen_v8_4_5_blk_mem_gen_prim_wrapper__parameterized51 |          0 |          0 |       0 |    0 |     0 |      1 |      0 |    0 |          0 |
|                   ramloop[53].ram.r                                                                                  |       breeze_ilablk_mem_gen_v8_4_5_blk_mem_gen_prim_width__parameterized52 |          0 |          0 |       0 |    0 |     0 |      1 |      0 |    0 |          0 |
|                     prim_noinit.ram                                                                                  |     breeze_ilablk_mem_gen_v8_4_5_blk_mem_gen_prim_wrapper__parameterized52 |          0 |          0 |       0 |    0 |     0 |      1 |      0 |    0 |          0 |
|                   ramloop[54].ram.r                                                                                  |       breeze_ilablk_mem_gen_v8_4_5_blk_mem_gen_prim_width__parameterized53 |          0 |          0 |       0 |    0 |     0 |      1 |      0 |    0 |          0 |
|                     prim_noinit.ram                                                                                  |     breeze_ilablk_mem_gen_v8_4_5_blk_mem_gen_prim_wrapper__parameterized53 |          0 |          0 |       0 |    0 |     0 |      1 |      0 |    0 |          0 |
|                   ramloop[55].ram.r                                                                                  |       breeze_ilablk_mem_gen_v8_4_5_blk_mem_gen_prim_width__parameterized54 |          0 |          0 |       0 |    0 |     0 |      1 |      0 |    0 |          0 |
|                     prim_noinit.ram                                                                                  |     breeze_ilablk_mem_gen_v8_4_5_blk_mem_gen_prim_wrapper__parameterized54 |          0 |          0 |       0 |    0 |     0 |      1 |      0 |    0 |          0 |
|                   ramloop[56].ram.r                                                                                  |       breeze_ilablk_mem_gen_v8_4_5_blk_mem_gen_prim_width__parameterized55 |          0 |          0 |       0 |    0 |     0 |      1 |      0 |    0 |          0 |
|                     prim_noinit.ram                                                                                  |     breeze_ilablk_mem_gen_v8_4_5_blk_mem_gen_prim_wrapper__parameterized55 |          0 |          0 |       0 |    0 |     0 |      1 |      0 |    0 |          0 |
|                   ramloop[5].ram.r                                                                                   |        breeze_ilablk_mem_gen_v8_4_5_blk_mem_gen_prim_width__parameterized4 |          0 |          0 |       0 |    0 |     0 |      1 |      0 |    0 |          0 |
|                     prim_noinit.ram                                                                                  |      breeze_ilablk_mem_gen_v8_4_5_blk_mem_gen_prim_wrapper__parameterized4 |          0 |          0 |       0 |    0 |     0 |      1 |      0 |    0 |          0 |
|                   ramloop[6].ram.r                                                                                   |        breeze_ilablk_mem_gen_v8_4_5_blk_mem_gen_prim_width__parameterized5 |          0 |          0 |       0 |    0 |     0 |      1 |      0 |    0 |          0 |
|                     prim_noinit.ram                                                                                  |      breeze_ilablk_mem_gen_v8_4_5_blk_mem_gen_prim_wrapper__parameterized5 |          0 |          0 |       0 |    0 |     0 |      1 |      0 |    0 |          0 |
|                   ramloop[7].ram.r                                                                                   |        breeze_ilablk_mem_gen_v8_4_5_blk_mem_gen_prim_width__parameterized6 |          0 |          0 |       0 |    0 |     0 |      1 |      0 |    0 |          0 |
|                     prim_noinit.ram                                                                                  |      breeze_ilablk_mem_gen_v8_4_5_blk_mem_gen_prim_wrapper__parameterized6 |          0 |          0 |       0 |    0 |     0 |      1 |      0 |    0 |          0 |
|                   ramloop[8].ram.r                                                                                   |        breeze_ilablk_mem_gen_v8_4_5_blk_mem_gen_prim_width__parameterized7 |          0 |          0 |       0 |    0 |     0 |      1 |      0 |    0 |          0 |
|                     prim_noinit.ram                                                                                  |      breeze_ilablk_mem_gen_v8_4_5_blk_mem_gen_prim_wrapper__parameterized7 |          0 |          0 |       0 |    0 |     0 |      1 |      0 |    0 |          0 |
|                   ramloop[9].ram.r                                                                                   |        breeze_ilablk_mem_gen_v8_4_5_blk_mem_gen_prim_width__parameterized8 |          0 |          0 |       0 |    0 |     0 |      1 |      0 |    0 |          0 |
|                     prim_noinit.ram                                                                                  |      breeze_ilablk_mem_gen_v8_4_5_blk_mem_gen_prim_wrapper__parameterized8 |          0 |          0 |       0 |    0 |     0 |      1 |      0 |    0 |          0 |
|           SUBCORE_RAM.trace_block_memory                                                                             |                               breeze_ilablk_mem_gen_v8_4_5__parameterized0 |          0 |          0 |       0 |    0 |     0 |     20 |      0 |    0 |          0 |
|             inst_blk_mem_gen                                                                                         |                         breeze_ilablk_mem_gen_v8_4_5_synth__parameterized0 |          0 |          0 |       0 |    0 |     0 |     20 |      0 |    0 |          0 |
|               gnbram.gnativebmg.native_blk_mem_gen                                                                   |               breeze_ilablk_mem_gen_v8_4_5_blk_mem_gen_top__parameterized0 |          0 |          0 |       0 |    0 |     0 |     20 |      0 |    0 |          0 |
|                 valid.cstr                                                                                           |      breeze_ilablk_mem_gen_v8_4_5_blk_mem_gen_generic_cstr__parameterized0 |          0 |          0 |       0 |    0 |     0 |     20 |      0 |    0 |          0 |
|                   ramloop[0].ram.r                                                                                   |       breeze_ilablk_mem_gen_v8_4_5_blk_mem_gen_prim_width__parameterized56 |          0 |          0 |       0 |    0 |     0 |      1 |      0 |    0 |          0 |
|                     prim_noinit.ram                                                                                  |     breeze_ilablk_mem_gen_v8_4_5_blk_mem_gen_prim_wrapper__parameterized56 |          0 |          0 |       0 |    0 |     0 |      1 |      0 |    0 |          0 |
|                   ramloop[10].ram.r                                                                                  |       breeze_ilablk_mem_gen_v8_4_5_blk_mem_gen_prim_width__parameterized66 |          0 |          0 |       0 |    0 |     0 |      1 |      0 |    0 |          0 |
|                     prim_noinit.ram                                                                                  |     breeze_ilablk_mem_gen_v8_4_5_blk_mem_gen_prim_wrapper__parameterized66 |          0 |          0 |       0 |    0 |     0 |      1 |      0 |    0 |          0 |
|                   ramloop[11].ram.r                                                                                  |       breeze_ilablk_mem_gen_v8_4_5_blk_mem_gen_prim_width__parameterized67 |          0 |          0 |       0 |    0 |     0 |      1 |      0 |    0 |          0 |
|                     prim_noinit.ram                                                                                  |     breeze_ilablk_mem_gen_v8_4_5_blk_mem_gen_prim_wrapper__parameterized67 |          0 |          0 |       0 |    0 |     0 |      1 |      0 |    0 |          0 |
|                   ramloop[12].ram.r                                                                                  |       breeze_ilablk_mem_gen_v8_4_5_blk_mem_gen_prim_width__parameterized68 |          0 |          0 |       0 |    0 |     0 |      1 |      0 |    0 |          0 |
|                     prim_noinit.ram                                                                                  |     breeze_ilablk_mem_gen_v8_4_5_blk_mem_gen_prim_wrapper__parameterized68 |          0 |          0 |       0 |    0 |     0 |      1 |      0 |    0 |          0 |
|                   ramloop[13].ram.r                                                                                  |       breeze_ilablk_mem_gen_v8_4_5_blk_mem_gen_prim_width__parameterized69 |          0 |          0 |       0 |    0 |     0 |      1 |      0 |    0 |          0 |
|                     prim_noinit.ram                                                                                  |     breeze_ilablk_mem_gen_v8_4_5_blk_mem_gen_prim_wrapper__parameterized69 |          0 |          0 |       0 |    0 |     0 |      1 |      0 |    0 |          0 |
|                   ramloop[14].ram.r                                                                                  |       breeze_ilablk_mem_gen_v8_4_5_blk_mem_gen_prim_width__parameterized70 |          0 |          0 |       0 |    0 |     0 |      1 |      0 |    0 |          0 |
|                     prim_noinit.ram                                                                                  |     breeze_ilablk_mem_gen_v8_4_5_blk_mem_gen_prim_wrapper__parameterized70 |          0 |          0 |       0 |    0 |     0 |      1 |      0 |    0 |          0 |
|                   ramloop[15].ram.r                                                                                  |       breeze_ilablk_mem_gen_v8_4_5_blk_mem_gen_prim_width__parameterized71 |          0 |          0 |       0 |    0 |     0 |      1 |      0 |    0 |          0 |
|                     prim_noinit.ram                                                                                  |     breeze_ilablk_mem_gen_v8_4_5_blk_mem_gen_prim_wrapper__parameterized71 |          0 |          0 |       0 |    0 |     0 |      1 |      0 |    0 |          0 |
|                   ramloop[16].ram.r                                                                                  |       breeze_ilablk_mem_gen_v8_4_5_blk_mem_gen_prim_width__parameterized72 |          0 |          0 |       0 |    0 |     0 |      1 |      0 |    0 |          0 |
|                     prim_noinit.ram                                                                                  |     breeze_ilablk_mem_gen_v8_4_5_blk_mem_gen_prim_wrapper__parameterized72 |          0 |          0 |       0 |    0 |     0 |      1 |      0 |    0 |          0 |
|                   ramloop[17].ram.r                                                                                  |       breeze_ilablk_mem_gen_v8_4_5_blk_mem_gen_prim_width__parameterized73 |          0 |          0 |       0 |    0 |     0 |      1 |      0 |    0 |          0 |
|                     prim_noinit.ram                                                                                  |     breeze_ilablk_mem_gen_v8_4_5_blk_mem_gen_prim_wrapper__parameterized73 |          0 |          0 |       0 |    0 |     0 |      1 |      0 |    0 |          0 |
|                   ramloop[18].ram.r                                                                                  |       breeze_ilablk_mem_gen_v8_4_5_blk_mem_gen_prim_width__parameterized74 |          0 |          0 |       0 |    0 |     0 |      1 |      0 |    0 |          0 |
|                     prim_noinit.ram                                                                                  |     breeze_ilablk_mem_gen_v8_4_5_blk_mem_gen_prim_wrapper__parameterized74 |          0 |          0 |       0 |    0 |     0 |      1 |      0 |    0 |          0 |
|                   ramloop[19].ram.r                                                                                  |       breeze_ilablk_mem_gen_v8_4_5_blk_mem_gen_prim_width__parameterized75 |          0 |          0 |       0 |    0 |     0 |      1 |      0 |    0 |          0 |
|                     prim_noinit.ram                                                                                  |     breeze_ilablk_mem_gen_v8_4_5_blk_mem_gen_prim_wrapper__parameterized75 |          0 |          0 |       0 |    0 |     0 |      1 |      0 |    0 |          0 |
|                   ramloop[1].ram.r                                                                                   |       breeze_ilablk_mem_gen_v8_4_5_blk_mem_gen_prim_width__parameterized57 |          0 |          0 |       0 |    0 |     0 |      1 |      0 |    0 |          0 |
|                     prim_noinit.ram                                                                                  |     breeze_ilablk_mem_gen_v8_4_5_blk_mem_gen_prim_wrapper__parameterized57 |          0 |          0 |       0 |    0 |     0 |      1 |      0 |    0 |          0 |
|                   ramloop[2].ram.r                                                                                   |       breeze_ilablk_mem_gen_v8_4_5_blk_mem_gen_prim_width__parameterized58 |          0 |          0 |       0 |    0 |     0 |      1 |      0 |    0 |          0 |
|                     prim_noinit.ram                                                                                  |     breeze_ilablk_mem_gen_v8_4_5_blk_mem_gen_prim_wrapper__parameterized58 |          0 |          0 |       0 |    0 |     0 |      1 |      0 |    0 |          0 |
|                   ramloop[3].ram.r                                                                                   |       breeze_ilablk_mem_gen_v8_4_5_blk_mem_gen_prim_width__parameterized59 |          0 |          0 |       0 |    0 |     0 |      1 |      0 |    0 |          0 |
|                     prim_noinit.ram                                                                                  |     breeze_ilablk_mem_gen_v8_4_5_blk_mem_gen_prim_wrapper__parameterized59 |          0 |          0 |       0 |    0 |     0 |      1 |      0 |    0 |          0 |
|                   ramloop[4].ram.r                                                                                   |       breeze_ilablk_mem_gen_v8_4_5_blk_mem_gen_prim_width__parameterized60 |          0 |          0 |       0 |    0 |     0 |      1 |      0 |    0 |          0 |
|                     prim_noinit.ram                                                                                  |     breeze_ilablk_mem_gen_v8_4_5_blk_mem_gen_prim_wrapper__parameterized60 |          0 |          0 |       0 |    0 |     0 |      1 |      0 |    0 |          0 |
|                   ramloop[5].ram.r                                                                                   |       breeze_ilablk_mem_gen_v8_4_5_blk_mem_gen_prim_width__parameterized61 |          0 |          0 |       0 |    0 |     0 |      1 |      0 |    0 |          0 |
|                     prim_noinit.ram                                                                                  |     breeze_ilablk_mem_gen_v8_4_5_blk_mem_gen_prim_wrapper__parameterized61 |          0 |          0 |       0 |    0 |     0 |      1 |      0 |    0 |          0 |
|                   ramloop[6].ram.r                                                                                   |       breeze_ilablk_mem_gen_v8_4_5_blk_mem_gen_prim_width__parameterized62 |          0 |          0 |       0 |    0 |     0 |      1 |      0 |    0 |          0 |
|                     prim_noinit.ram                                                                                  |     breeze_ilablk_mem_gen_v8_4_5_blk_mem_gen_prim_wrapper__parameterized62 |          0 |          0 |       0 |    0 |     0 |      1 |      0 |    0 |          0 |
|                   ramloop[7].ram.r                                                                                   |       breeze_ilablk_mem_gen_v8_4_5_blk_mem_gen_prim_width__parameterized63 |          0 |          0 |       0 |    0 |     0 |      1 |      0 |    0 |          0 |
|                     prim_noinit.ram                                                                                  |     breeze_ilablk_mem_gen_v8_4_5_blk_mem_gen_prim_wrapper__parameterized63 |          0 |          0 |       0 |    0 |     0 |      1 |      0 |    0 |          0 |
|                   ramloop[8].ram.r                                                                                   |       breeze_ilablk_mem_gen_v8_4_5_blk_mem_gen_prim_width__parameterized64 |          0 |          0 |       0 |    0 |     0 |      1 |      0 |    0 |          0 |
|                     prim_noinit.ram                                                                                  |     breeze_ilablk_mem_gen_v8_4_5_blk_mem_gen_prim_wrapper__parameterized64 |          0 |          0 |       0 |    0 |     0 |      1 |      0 |    0 |          0 |
|                   ramloop[9].ram.r                                                                                   |       breeze_ilablk_mem_gen_v8_4_5_blk_mem_gen_prim_width__parameterized65 |          0 |          0 |       0 |    0 |     0 |      1 |      0 |    0 |          0 |
|                     prim_noinit.ram                                                                                  |     breeze_ilablk_mem_gen_v8_4_5_blk_mem_gen_prim_wrapper__parameterized65 |          0 |          0 |       0 |    0 |     0 |      1 |      0 |    0 |          0 |
|         u_ila_cap_ctrl                                                                                               |                                  breeze_ilaila_v6_2_12_ila_cap_ctrl_legacy |         69 |         22 |       0 |   47 |   147 |      0 |      0 |    0 |          0 |
|           (u_ila_cap_ctrl)                                                                                           |                                  breeze_ilaila_v6_2_12_ila_cap_ctrl_legacy |          2 |          2 |       0 |    0 |     3 |      0 |      0 |    0 |          0 |
|           U_CDONE                                                                                                    |                             breeze_ilaltlib_v1_0_0_cfglut6__parameterized0 |          3 |          1 |       0 |    2 |     1 |      0 |      0 |    0 |          0 |
|           U_NS0                                                                                                      |                                             breeze_ilaltlib_v1_0_0_cfglut7 |          5 |          1 |       0 |    4 |     1 |      0 |      0 |    0 |          0 |
|           U_NS1                                                                                                      |                                          breeze_ilaltlib_v1_0_0_cfglut7__1 |          5 |          1 |       0 |    4 |     1 |      0 |      0 |    0 |          0 |
|           u_cap_addrgen                                                                                              |                                      breeze_ilaila_v6_2_12_ila_cap_addrgen |         54 |         17 |       0 |   37 |   141 |      0 |      0 |    0 |          0 |
|             (u_cap_addrgen)                                                                                          |                                      breeze_ilaila_v6_2_12_ila_cap_addrgen |         13 |         12 |       0 |    1 |    78 |      0 |      0 |    0 |          0 |
|             U_CMPRESET                                                                                               |                                          breeze_ilaltlib_v1_0_0_cfglut6__1 |          3 |          1 |       0 |    2 |     0 |      0 |      0 |    0 |          0 |
|             u_cap_sample_counter                                                                                     |                               breeze_ilaila_v6_2_12_ila_cap_sample_counter |         16 |          3 |       0 |   13 |    25 |      0 |      0 |    0 |          0 |
|               (u_cap_sample_counter)                                                                                 |                               breeze_ilaila_v6_2_12_ila_cap_sample_counter |          2 |          2 |       0 |    0 |    13 |      0 |      0 |    0 |          0 |
|               U_SCE                                                                                                  |                                          breeze_ilaltlib_v1_0_0_cfglut4__1 |          1 |          0 |       0 |    1 |     0 |      0 |      0 |    0 |          0 |
|               U_SCMPCE                                                                                               |                                          breeze_ilaltlib_v1_0_0_cfglut5__1 |          1 |          0 |       0 |    1 |     0 |      0 |      0 |    0 |          0 |
|               U_SCRST                                                                                                |                                             breeze_ilaltlib_v1_0_0_cfglut6 |          3 |          1 |       0 |    2 |     0 |      0 |      0 |    0 |          0 |
|               u_scnt_cmp                                                                                             |                                    breeze_ilaltlib_v1_0_0_match_nodelay__1 |          9 |          0 |       0 |    9 |    12 |      0 |      0 |    0 |          0 |
|                 allx_typeA_match_detection.ltlib_v1_0_0_allx_typeA_inst                                              |                              breeze_ilaltlib_v1_0_0_allx_typeA_nodelay_298 |          9 |          0 |       0 |    9 |    12 |      0 |      0 |    0 |          0 |
|                   (allx_typeA_match_detection.ltlib_v1_0_0_allx_typeA_inst)                                          |                              breeze_ilaltlib_v1_0_0_allx_typeA_nodelay_298 |          0 |          0 |       0 |    0 |    12 |      0 |      0 |    0 |          0 |
|                   DUT                                                                                                |                       breeze_ilaltlib_v1_0_0_all_typeA__parameterized4_299 |          9 |          0 |       0 |    9 |     0 |      0 |      0 |    0 |          0 |
|                     (DUT)                                                                                            |                       breeze_ilaltlib_v1_0_0_all_typeA__parameterized4_299 |          1 |          0 |       0 |    1 |     0 |      0 |      0 |    0 |          0 |
|                     I_WHOLE_SLICE.G_SLICE_IDX[0].U_ALL_SRL_SLICE                                                     |                 breeze_ilaltlib_v1_0_0_all_typeA_slice__parameterized1_300 |          4 |          0 |       0 |    4 |     0 |      0 |      0 |    0 |          0 |
|                     I_WHOLE_SLICE.G_SLICE_IDX[1].U_ALL_SRL_SLICE                                                     |                 breeze_ilaltlib_v1_0_0_all_typeA_slice__parameterized2_301 |          4 |          0 |       0 |    4 |     0 |      0 |      0 |    0 |          0 |
|             u_cap_window_counter                                                                                     |                               breeze_ilaila_v6_2_12_ila_cap_window_counter |         23 |          2 |       0 |   21 |    38 |      0 |      0 |    0 |          0 |
|               (u_cap_window_counter)                                                                                 |                               breeze_ilaila_v6_2_12_ila_cap_window_counter |          2 |          2 |       0 |    0 |    14 |      0 |      0 |    0 |          0 |
|               U_WCE                                                                                                  |                                             breeze_ilaltlib_v1_0_0_cfglut4 |          1 |          0 |       0 |    1 |     0 |      0 |      0 |    0 |          0 |
|               U_WHCMPCE                                                                                              |                                             breeze_ilaltlib_v1_0_0_cfglut5 |          1 |          0 |       0 |    1 |     0 |      0 |      0 |    0 |          0 |
|               U_WLCMPCE                                                                                              |                                          breeze_ilaltlib_v1_0_0_cfglut5__2 |          1 |          0 |       0 |    1 |     0 |      0 |      0 |    0 |          0 |
|               u_wcnt_hcmp                                                                                            |                                       breeze_ilaltlib_v1_0_0_match_nodelay |          9 |          0 |       0 |    9 |    12 |      0 |      0 |    0 |          0 |
|                 allx_typeA_match_detection.ltlib_v1_0_0_allx_typeA_inst                                              |                                  breeze_ilaltlib_v1_0_0_allx_typeA_nodelay |          9 |          0 |       0 |    9 |    12 |      0 |      0 |    0 |          0 |
|                   (allx_typeA_match_detection.ltlib_v1_0_0_allx_typeA_inst)                                          |                                  breeze_ilaltlib_v1_0_0_allx_typeA_nodelay |          0 |          0 |       0 |    0 |    12 |      0 |      0 |    0 |          0 |
|                   DUT                                                                                                |                           breeze_ilaltlib_v1_0_0_all_typeA__parameterized4 |          9 |          0 |       0 |    9 |     0 |      0 |      0 |    0 |          0 |
|                     (DUT)                                                                                            |                           breeze_ilaltlib_v1_0_0_all_typeA__parameterized4 |          1 |          0 |       0 |    1 |     0 |      0 |      0 |    0 |          0 |
|                     I_WHOLE_SLICE.G_SLICE_IDX[0].U_ALL_SRL_SLICE                                                     |                     breeze_ilaltlib_v1_0_0_all_typeA_slice__parameterized1 |          4 |          0 |       0 |    4 |     0 |      0 |      0 |    0 |          0 |
|                     I_WHOLE_SLICE.G_SLICE_IDX[1].U_ALL_SRL_SLICE                                                     |                     breeze_ilaltlib_v1_0_0_all_typeA_slice__parameterized2 |          4 |          0 |       0 |    4 |     0 |      0 |      0 |    0 |          0 |
|               u_wcnt_lcmp                                                                                            |                                    breeze_ilaltlib_v1_0_0_match_nodelay__2 |          9 |          0 |       0 |    9 |    12 |      0 |      0 |    0 |          0 |
|                 allx_typeA_match_detection.ltlib_v1_0_0_allx_typeA_inst                                              |                              breeze_ilaltlib_v1_0_0_allx_typeA_nodelay_294 |          9 |          0 |       0 |    9 |    12 |      0 |      0 |    0 |          0 |
|                   (allx_typeA_match_detection.ltlib_v1_0_0_allx_typeA_inst)                                          |                              breeze_ilaltlib_v1_0_0_allx_typeA_nodelay_294 |          0 |          0 |       0 |    0 |    12 |      0 |      0 |    0 |          0 |
|                   DUT                                                                                                |                       breeze_ilaltlib_v1_0_0_all_typeA__parameterized4_295 |          9 |          0 |       0 |    9 |     0 |      0 |      0 |    0 |          0 |
|                     (DUT)                                                                                            |                       breeze_ilaltlib_v1_0_0_all_typeA__parameterized4_295 |          1 |          0 |       0 |    1 |     0 |      0 |      0 |    0 |          0 |
|                     I_WHOLE_SLICE.G_SLICE_IDX[0].U_ALL_SRL_SLICE                                                     |                 breeze_ilaltlib_v1_0_0_all_typeA_slice__parameterized1_296 |          4 |          0 |       0 |    4 |     0 |      0 |      0 |    0 |          0 |
|                     I_WHOLE_SLICE.G_SLICE_IDX[1].U_ALL_SRL_SLICE                                                     |                 breeze_ilaltlib_v1_0_0_all_typeA_slice__parameterized2_297 |          4 |          0 |       0 |    4 |     0 |      0 |      0 |    0 |          0 |
|         u_ila_regs                                                                                                   |                                         breeze_ilaila_v6_2_12_ila_register |       2434 |       2433 |       0 |    1 |  3084 |      0 |      0 |    0 |          0 |
|           (u_ila_regs)                                                                                               |                                         breeze_ilaila_v6_2_12_ila_register |        544 |        543 |       0 |    1 |   171 |      0 |      0 |    0 |          0 |
|           MU_SRL[0].mu_srl_reg                                                                                       |                                             breeze_ilaxsdbs_v1_0_2_reg_p2s |         32 |         32 |       0 |    0 |    43 |      0 |      0 |    0 |          0 |
|           MU_SRL[10].mu_srl_reg                                                                                      |                             breeze_ilaxsdbs_v1_0_2_reg_p2s__parameterized9 |         32 |         32 |       0 |    0 |    43 |      0 |      0 |    0 |          0 |
|           MU_SRL[11].mu_srl_reg                                                                                      |                            breeze_ilaxsdbs_v1_0_2_reg_p2s__parameterized10 |         32 |         32 |       0 |    0 |    43 |      0 |      0 |    0 |          0 |
|           MU_SRL[12].mu_srl_reg                                                                                      |                            breeze_ilaxsdbs_v1_0_2_reg_p2s__parameterized11 |         32 |         32 |       0 |    0 |    43 |      0 |      0 |    0 |          0 |
|           MU_SRL[13].mu_srl_reg                                                                                      |                            breeze_ilaxsdbs_v1_0_2_reg_p2s__parameterized12 |         32 |         32 |       0 |    0 |    43 |      0 |      0 |    0 |          0 |
|           MU_SRL[14].mu_srl_reg                                                                                      |                            breeze_ilaxsdbs_v1_0_2_reg_p2s__parameterized13 |         32 |         32 |       0 |    0 |    43 |      0 |      0 |    0 |          0 |
|           MU_SRL[15].mu_srl_reg                                                                                      |                            breeze_ilaxsdbs_v1_0_2_reg_p2s__parameterized14 |         32 |         32 |       0 |    0 |    43 |      0 |      0 |    0 |          0 |
|           MU_SRL[16].mu_srl_reg                                                                                      |                            breeze_ilaxsdbs_v1_0_2_reg_p2s__parameterized15 |         32 |         32 |       0 |    0 |    43 |      0 |      0 |    0 |          0 |
|           MU_SRL[17].mu_srl_reg                                                                                      |                            breeze_ilaxsdbs_v1_0_2_reg_p2s__parameterized16 |         32 |         32 |       0 |    0 |    43 |      0 |      0 |    0 |          0 |
|           MU_SRL[18].mu_srl_reg                                                                                      |                            breeze_ilaxsdbs_v1_0_2_reg_p2s__parameterized17 |         32 |         32 |       0 |    0 |    43 |      0 |      0 |    0 |          0 |
|           MU_SRL[19].mu_srl_reg                                                                                      |                            breeze_ilaxsdbs_v1_0_2_reg_p2s__parameterized18 |         32 |         32 |       0 |    0 |    43 |      0 |      0 |    0 |          0 |
|           MU_SRL[1].mu_srl_reg                                                                                       |                             breeze_ilaxsdbs_v1_0_2_reg_p2s__parameterized0 |         32 |         32 |       0 |    0 |    43 |      0 |      0 |    0 |          0 |
|           MU_SRL[20].mu_srl_reg                                                                                      |                            breeze_ilaxsdbs_v1_0_2_reg_p2s__parameterized19 |         32 |         32 |       0 |    0 |    43 |      0 |      0 |    0 |          0 |
|           MU_SRL[21].mu_srl_reg                                                                                      |                            breeze_ilaxsdbs_v1_0_2_reg_p2s__parameterized20 |         32 |         32 |       0 |    0 |    43 |      0 |      0 |    0 |          0 |
|           MU_SRL[22].mu_srl_reg                                                                                      |                            breeze_ilaxsdbs_v1_0_2_reg_p2s__parameterized21 |         32 |         32 |       0 |    0 |    43 |      0 |      0 |    0 |          0 |
|           MU_SRL[23].mu_srl_reg                                                                                      |                            breeze_ilaxsdbs_v1_0_2_reg_p2s__parameterized22 |         31 |         31 |       0 |    0 |    43 |      0 |      0 |    0 |          0 |
|           MU_SRL[24].mu_srl_reg                                                                                      |                            breeze_ilaxsdbs_v1_0_2_reg_p2s__parameterized23 |         32 |         32 |       0 |    0 |    43 |      0 |      0 |    0 |          0 |
|           MU_SRL[25].mu_srl_reg                                                                                      |                            breeze_ilaxsdbs_v1_0_2_reg_p2s__parameterized24 |         32 |         32 |       0 |    0 |    43 |      0 |      0 |    0 |          0 |
|           MU_SRL[26].mu_srl_reg                                                                                      |                            breeze_ilaxsdbs_v1_0_2_reg_p2s__parameterized25 |         32 |         32 |       0 |    0 |    43 |      0 |      0 |    0 |          0 |
|           MU_SRL[27].mu_srl_reg                                                                                      |                            breeze_ilaxsdbs_v1_0_2_reg_p2s__parameterized26 |         32 |         32 |       0 |    0 |    43 |      0 |      0 |    0 |          0 |
|           MU_SRL[28].mu_srl_reg                                                                                      |                            breeze_ilaxsdbs_v1_0_2_reg_p2s__parameterized27 |         32 |         32 |       0 |    0 |    43 |      0 |      0 |    0 |          0 |
|           MU_SRL[29].mu_srl_reg                                                                                      |                            breeze_ilaxsdbs_v1_0_2_reg_p2s__parameterized28 |         32 |         32 |       0 |    0 |    43 |      0 |      0 |    0 |          0 |
|           MU_SRL[2].mu_srl_reg                                                                                       |                             breeze_ilaxsdbs_v1_0_2_reg_p2s__parameterized1 |         32 |         32 |       0 |    0 |    43 |      0 |      0 |    0 |          0 |
|           MU_SRL[30].mu_srl_reg                                                                                      |                            breeze_ilaxsdbs_v1_0_2_reg_p2s__parameterized29 |         32 |         32 |       0 |    0 |    43 |      0 |      0 |    0 |          0 |
|           MU_SRL[31].mu_srl_reg                                                                                      |                            breeze_ilaxsdbs_v1_0_2_reg_p2s__parameterized30 |         32 |         32 |       0 |    0 |    43 |      0 |      0 |    0 |          0 |
|           MU_SRL[32].mu_srl_reg                                                                                      |                            breeze_ilaxsdbs_v1_0_2_reg_p2s__parameterized31 |         32 |         32 |       0 |    0 |    43 |      0 |      0 |    0 |          0 |
|           MU_SRL[33].mu_srl_reg                                                                                      |                            breeze_ilaxsdbs_v1_0_2_reg_p2s__parameterized32 |         32 |         32 |       0 |    0 |    43 |      0 |      0 |    0 |          0 |
|           MU_SRL[34].mu_srl_reg                                                                                      |                            breeze_ilaxsdbs_v1_0_2_reg_p2s__parameterized33 |         32 |         32 |       0 |    0 |    43 |      0 |      0 |    0 |          0 |
|           MU_SRL[35].mu_srl_reg                                                                                      |                            breeze_ilaxsdbs_v1_0_2_reg_p2s__parameterized34 |         32 |         32 |       0 |    0 |    43 |      0 |      0 |    0 |          0 |
|           MU_SRL[36].mu_srl_reg                                                                                      |                            breeze_ilaxsdbs_v1_0_2_reg_p2s__parameterized35 |         32 |         32 |       0 |    0 |    43 |      0 |      0 |    0 |          0 |
|           MU_SRL[37].mu_srl_reg                                                                                      |                            breeze_ilaxsdbs_v1_0_2_reg_p2s__parameterized36 |         32 |         32 |       0 |    0 |    43 |      0 |      0 |    0 |          0 |
|           MU_SRL[38].mu_srl_reg                                                                                      |                            breeze_ilaxsdbs_v1_0_2_reg_p2s__parameterized37 |         32 |         32 |       0 |    0 |    43 |      0 |      0 |    0 |          0 |
|           MU_SRL[39].mu_srl_reg                                                                                      |                            breeze_ilaxsdbs_v1_0_2_reg_p2s__parameterized38 |         32 |         32 |       0 |    0 |    43 |      0 |      0 |    0 |          0 |
|           MU_SRL[3].mu_srl_reg                                                                                       |                             breeze_ilaxsdbs_v1_0_2_reg_p2s__parameterized2 |         32 |         32 |       0 |    0 |    43 |      0 |      0 |    0 |          0 |
|           MU_SRL[40].mu_srl_reg                                                                                      |                            breeze_ilaxsdbs_v1_0_2_reg_p2s__parameterized39 |         32 |         32 |       0 |    0 |    43 |      0 |      0 |    0 |          0 |
|           MU_SRL[41].mu_srl_reg                                                                                      |                            breeze_ilaxsdbs_v1_0_2_reg_p2s__parameterized40 |         32 |         32 |       0 |    0 |    43 |      0 |      0 |    0 |          0 |
|           MU_SRL[42].mu_srl_reg                                                                                      |                            breeze_ilaxsdbs_v1_0_2_reg_p2s__parameterized41 |         32 |         32 |       0 |    0 |    43 |      0 |      0 |    0 |          0 |
|           MU_SRL[43].mu_srl_reg                                                                                      |                            breeze_ilaxsdbs_v1_0_2_reg_p2s__parameterized42 |         32 |         32 |       0 |    0 |    43 |      0 |      0 |    0 |          0 |
|           MU_SRL[44].mu_srl_reg                                                                                      |                            breeze_ilaxsdbs_v1_0_2_reg_p2s__parameterized43 |         32 |         32 |       0 |    0 |    43 |      0 |      0 |    0 |          0 |
|           MU_SRL[45].mu_srl_reg                                                                                      |                            breeze_ilaxsdbs_v1_0_2_reg_p2s__parameterized44 |         32 |         32 |       0 |    0 |    43 |      0 |      0 |    0 |          0 |
|           MU_SRL[46].mu_srl_reg                                                                                      |                            breeze_ilaxsdbs_v1_0_2_reg_p2s__parameterized45 |         32 |         32 |       0 |    0 |    43 |      0 |      0 |    0 |          0 |
|           MU_SRL[47].mu_srl_reg                                                                                      |                            breeze_ilaxsdbs_v1_0_2_reg_p2s__parameterized46 |         32 |         32 |       0 |    0 |    43 |      0 |      0 |    0 |          0 |
|           MU_SRL[48].mu_srl_reg                                                                                      |                            breeze_ilaxsdbs_v1_0_2_reg_p2s__parameterized47 |         32 |         32 |       0 |    0 |    43 |      0 |      0 |    0 |          0 |
|           MU_SRL[49].mu_srl_reg                                                                                      |                            breeze_ilaxsdbs_v1_0_2_reg_p2s__parameterized48 |         32 |         32 |       0 |    0 |    43 |      0 |      0 |    0 |          0 |
|           MU_SRL[4].mu_srl_reg                                                                                       |                             breeze_ilaxsdbs_v1_0_2_reg_p2s__parameterized3 |         32 |         32 |       0 |    0 |    43 |      0 |      0 |    0 |          0 |
|           MU_SRL[50].mu_srl_reg                                                                                      |                            breeze_ilaxsdbs_v1_0_2_reg_p2s__parameterized49 |         32 |         32 |       0 |    0 |    43 |      0 |      0 |    0 |          0 |
|           MU_SRL[51].mu_srl_reg                                                                                      |                            breeze_ilaxsdbs_v1_0_2_reg_p2s__parameterized50 |         32 |         32 |       0 |    0 |    43 |      0 |      0 |    0 |          0 |
|           MU_SRL[52].mu_srl_reg                                                                                      |                            breeze_ilaxsdbs_v1_0_2_reg_p2s__parameterized51 |         32 |         32 |       0 |    0 |    43 |      0 |      0 |    0 |          0 |
|           MU_SRL[53].mu_srl_reg                                                                                      |                            breeze_ilaxsdbs_v1_0_2_reg_p2s__parameterized52 |         32 |         32 |       0 |    0 |    43 |      0 |      0 |    0 |          0 |
|           MU_SRL[5].mu_srl_reg                                                                                       |                             breeze_ilaxsdbs_v1_0_2_reg_p2s__parameterized4 |         32 |         32 |       0 |    0 |    43 |      0 |      0 |    0 |          0 |
|           MU_SRL[6].mu_srl_reg                                                                                       |                             breeze_ilaxsdbs_v1_0_2_reg_p2s__parameterized5 |         32 |         32 |       0 |    0 |    43 |      0 |      0 |    0 |          0 |
|           MU_SRL[7].mu_srl_reg                                                                                       |                             breeze_ilaxsdbs_v1_0_2_reg_p2s__parameterized6 |         32 |         32 |       0 |    0 |    43 |      0 |      0 |    0 |          0 |
|           MU_SRL[8].mu_srl_reg                                                                                       |                             breeze_ilaxsdbs_v1_0_2_reg_p2s__parameterized7 |         32 |         32 |       0 |    0 |    43 |      0 |      0 |    0 |          0 |
|           MU_SRL[9].mu_srl_reg                                                                                       |                             breeze_ilaxsdbs_v1_0_2_reg_p2s__parameterized8 |         32 |         32 |       0 |    0 |    43 |      0 |      0 |    0 |          0 |
|           TC_SRL[0].tc_srl_reg                                                                                       |                            breeze_ilaxsdbs_v1_0_2_reg_p2s__parameterized53 |         32 |         32 |       0 |    0 |    43 |      0 |      0 |    0 |          0 |
|           U_XSDB_SLAVE                                                                                               |                                               breeze_ilaxsdbs_v1_0_2_xsdbs |         76 |         76 |       0 |    0 |   213 |      0 |      0 |    0 |          0 |
|           reg_15                                                                                                     |                               breeze_ilaxsdbs_v1_0_2_reg__parameterized132 |          3 |          3 |       0 |    0 |    16 |      0 |      0 |    0 |          0 |
|             I_EN_CTL_EQ1.U_CTL                                                                                       |                                         breeze_ilaxsdbs_v1_0_2_reg_ctl_290 |          3 |          3 |       0 |    0 |    16 |      0 |      0 |    0 |          0 |
|           reg_16                                                                                                     |                               breeze_ilaxsdbs_v1_0_2_reg__parameterized133 |          3 |          3 |       0 |    0 |    16 |      0 |      0 |    0 |          0 |
|             I_EN_CTL_EQ1.U_CTL                                                                                       |                                         breeze_ilaxsdbs_v1_0_2_reg_ctl_289 |          3 |          3 |       0 |    0 |    16 |      0 |      0 |    0 |          0 |
|           reg_17                                                                                                     |                               breeze_ilaxsdbs_v1_0_2_reg__parameterized134 |          3 |          3 |       0 |    0 |    16 |      0 |      0 |    0 |          0 |
|             I_EN_CTL_EQ1.U_CTL                                                                                       |                                         breeze_ilaxsdbs_v1_0_2_reg_ctl_288 |          3 |          3 |       0 |    0 |    16 |      0 |      0 |    0 |          0 |
|           reg_18                                                                                                     |                               breeze_ilaxsdbs_v1_0_2_reg__parameterized135 |          3 |          3 |       0 |    0 |    16 |      0 |      0 |    0 |          0 |
|             I_EN_CTL_EQ1.U_CTL                                                                                       |                                         breeze_ilaxsdbs_v1_0_2_reg_ctl_287 |          3 |          3 |       0 |    0 |    16 |      0 |      0 |    0 |          0 |
|           reg_19                                                                                                     |                               breeze_ilaxsdbs_v1_0_2_reg__parameterized136 |          3 |          3 |       0 |    0 |    16 |      0 |      0 |    0 |          0 |
|             I_EN_CTL_EQ1.U_CTL                                                                                       |                                         breeze_ilaxsdbs_v1_0_2_reg_ctl_286 |          3 |          3 |       0 |    0 |    16 |      0 |      0 |    0 |          0 |
|           reg_1a                                                                                                     |                               breeze_ilaxsdbs_v1_0_2_reg__parameterized137 |          3 |          3 |       0 |    0 |    16 |      0 |      0 |    0 |          0 |
|             I_EN_CTL_EQ1.U_CTL                                                                                       |                         breeze_ilaxsdbs_v1_0_2_reg_ctl__parameterized1_285 |          3 |          3 |       0 |    0 |    16 |      0 |      0 |    0 |          0 |
|           reg_6                                                                                                      |                               breeze_ilaxsdbs_v1_0_2_reg__parameterized117 |          3 |          3 |       0 |    0 |    16 |      0 |      0 |    0 |          0 |
|             I_EN_CTL_EQ1.U_CTL                                                                                       |                                         breeze_ilaxsdbs_v1_0_2_reg_ctl_293 |          3 |          3 |       0 |    0 |    16 |      0 |      0 |    0 |          0 |
|           reg_7                                                                                                      |                               breeze_ilaxsdbs_v1_0_2_reg__parameterized118 |          3 |          3 |       0 |    0 |    16 |      0 |      0 |    0 |          0 |
|             I_EN_CTL_EQ1.U_CTL                                                                                       |                             breeze_ilaxsdbs_v1_0_2_reg_ctl__parameterized0 |          3 |          3 |       0 |    0 |    16 |      0 |      0 |    0 |          0 |
|           reg_8                                                                                                      |                               breeze_ilaxsdbs_v1_0_2_reg__parameterized119 |          0 |          0 |       0 |    0 |     5 |      0 |      0 |    0 |          0 |
|             I_EN_STAT_EQ1.U_STAT                                                                                     |                                        breeze_ilaxsdbs_v1_0_2_reg_stat_292 |          0 |          0 |       0 |    0 |     5 |      0 |      0 |    0 |          0 |
|           reg_80                                                                                                     |                               breeze_ilaxsdbs_v1_0_2_reg__parameterized138 |          3 |          3 |       0 |    0 |    16 |      0 |      0 |    0 |          0 |
|             I_EN_CTL_EQ1.U_CTL                                                                                       |                         breeze_ilaxsdbs_v1_0_2_reg_ctl__parameterized1_284 |          3 |          3 |       0 |    0 |    16 |      0 |      0 |    0 |          0 |
|           reg_81                                                                                                     |                               breeze_ilaxsdbs_v1_0_2_reg__parameterized139 |          3 |          3 |       0 |    0 |    16 |      0 |      0 |    0 |          0 |
|             I_EN_CTL_EQ1.U_CTL                                                                                       |                                         breeze_ilaxsdbs_v1_0_2_reg_ctl_283 |          3 |          3 |       0 |    0 |    16 |      0 |      0 |    0 |          0 |
|           reg_82                                                                                                     |                               breeze_ilaxsdbs_v1_0_2_reg__parameterized140 |          3 |          3 |       0 |    0 |    16 |      0 |      0 |    0 |          0 |
|             I_EN_CTL_EQ1.U_CTL                                                                                       |                             breeze_ilaxsdbs_v1_0_2_reg_ctl__parameterized1 |          3 |          3 |       0 |    0 |    16 |      0 |      0 |    0 |          0 |
|           reg_83                                                                                                     |                               breeze_ilaxsdbs_v1_0_2_reg__parameterized141 |          3 |          3 |       0 |    0 |    16 |      0 |      0 |    0 |          0 |
|             I_EN_CTL_EQ1.U_CTL                                                                                       |                                         breeze_ilaxsdbs_v1_0_2_reg_ctl_282 |          3 |          3 |       0 |    0 |    16 |      0 |      0 |    0 |          0 |
|           reg_84                                                                                                     |                               breeze_ilaxsdbs_v1_0_2_reg__parameterized142 |          3 |          3 |       0 |    0 |    16 |      0 |      0 |    0 |          0 |
|             I_EN_CTL_EQ1.U_CTL                                                                                       |                                         breeze_ilaxsdbs_v1_0_2_reg_ctl_281 |          3 |          3 |       0 |    0 |    16 |      0 |      0 |    0 |          0 |
|           reg_85                                                                                                     |                               breeze_ilaxsdbs_v1_0_2_reg__parameterized143 |          3 |          3 |       0 |    0 |    16 |      0 |      0 |    0 |          0 |
|             I_EN_CTL_EQ1.U_CTL                                                                                       |                                         breeze_ilaxsdbs_v1_0_2_reg_ctl_280 |          3 |          3 |       0 |    0 |    16 |      0 |      0 |    0 |          0 |
|           reg_887                                                                                                    |                               breeze_ilaxsdbs_v1_0_2_reg__parameterized145 |          1 |          1 |       0 |    0 |     1 |      0 |      0 |    0 |          0 |
|             I_EN_STAT_EQ1.U_STAT                                                                                     |                                        breeze_ilaxsdbs_v1_0_2_reg_stat_279 |          1 |          1 |       0 |    0 |     1 |      0 |      0 |    0 |          0 |
|           reg_88d                                                                                                    |                               breeze_ilaxsdbs_v1_0_2_reg__parameterized147 |          0 |          0 |       0 |    0 |     2 |      0 |      0 |    0 |          0 |
|             I_EN_STAT_EQ1.U_STAT                                                                                     |                                        breeze_ilaxsdbs_v1_0_2_reg_stat_278 |          0 |          0 |       0 |    0 |     2 |      0 |      0 |    0 |          0 |
|           reg_890                                                                                                    |                               breeze_ilaxsdbs_v1_0_2_reg__parameterized150 |          0 |          0 |       0 |    0 |    16 |      0 |      0 |    0 |          0 |
|             (reg_890)                                                                                                |                               breeze_ilaxsdbs_v1_0_2_reg__parameterized150 |          0 |          0 |       0 |    0 |     0 |      0 |      0 |    0 |          0 |
|             I_EN_STAT_EQ1.U_STAT                                                                                     |                                        breeze_ilaxsdbs_v1_0_2_reg_stat_277 |          0 |          0 |       0 |    0 |    16 |      0 |      0 |    0 |          0 |
|           reg_9                                                                                                      |                               breeze_ilaxsdbs_v1_0_2_reg__parameterized120 |          0 |          0 |       0 |    0 |    12 |      0 |      0 |    0 |          0 |
|             I_EN_STAT_EQ1.U_STAT                                                                                     |                                        breeze_ilaxsdbs_v1_0_2_reg_stat_291 |          0 |          0 |       0 |    0 |    12 |      0 |      0 |    0 |          0 |
|           reg_srl_fff                                                                                                |                            breeze_ilaxsdbs_v1_0_2_reg_p2s__parameterized54 |         32 |         32 |       0 |    0 |    43 |      0 |      0 |    0 |          0 |
|           reg_stream_ffd                                                                                             |                                          breeze_ilaxsdbs_v1_0_2_reg_stream |          3 |          3 |       0 |    0 |    16 |      0 |      0 |    0 |          0 |
|             I_EN_CTL_EQ1.U_CTL                                                                                       |                                             breeze_ilaxsdbs_v1_0_2_reg_ctl |          3 |          3 |       0 |    0 |    16 |      0 |      0 |    0 |          0 |
|           reg_stream_ffe                                                                                             |                          breeze_ilaxsdbs_v1_0_2_reg_stream__parameterized0 |          3 |          3 |       0 |    0 |    16 |      0 |      0 |    0 |          0 |
|             (reg_stream_ffe)                                                                                         |                          breeze_ilaxsdbs_v1_0_2_reg_stream__parameterized0 |          3 |          3 |       0 |    0 |     0 |      0 |      0 |    0 |          0 |
|             I_EN_STAT_EQ1.U_STAT                                                                                     |                                            breeze_ilaxsdbs_v1_0_2_reg_stat |          0 |          0 |       0 |    0 |    16 |      0 |      0 |    0 |          0 |
|         u_ila_reset_ctrl                                                                                             |                                       breeze_ilaila_v6_2_12_ila_reset_ctrl |          9 |          9 |       0 |    0 |    34 |      0 |      0 |    0 |          0 |
|           (u_ila_reset_ctrl)                                                                                         |                                       breeze_ilaila_v6_2_12_ila_reset_ctrl |          3 |          3 |       0 |    0 |     8 |      0 |      0 |    0 |          0 |
|           arm_detection_inst                                                                                         |                               breeze_ilaltlib_v1_0_0_rising_edge_detection |          1 |          1 |       0 |    0 |     3 |      0 |      0 |    0 |          0 |
|           asyncrounous_transfer.arm_in_transfer_inst                                                                 |                                  breeze_ilaltlib_v1_0_0_async_edge_xfer__2 |          1 |          1 |       0 |    0 |     5 |      0 |      0 |    0 |          0 |
|           asyncrounous_transfer.arm_out_transfer_inst                                                                |                                  breeze_ilaltlib_v1_0_0_async_edge_xfer__3 |          1 |          1 |       0 |    0 |     5 |      0 |      0 |    0 |          0 |
|           asyncrounous_transfer.halt_in_transfer_inst                                                                |                                  breeze_ilaltlib_v1_0_0_async_edge_xfer__1 |          1 |          1 |       0 |    0 |     5 |      0 |      0 |    0 |          0 |
|           asyncrounous_transfer.halt_out_transfer_inst                                                               |                                     breeze_ilaltlib_v1_0_0_async_edge_xfer |          1 |          1 |       0 |    0 |     5 |      0 |      0 |    0 |          0 |
|           halt_detection_inst                                                                                        |                            breeze_ilaltlib_v1_0_0_rising_edge_detection__1 |          1 |          1 |       0 |    0 |     3 |      0 |      0 |    0 |          0 |
|         u_trig                                                                                                       |                                          breeze_ilaila_v6_2_12_ila_trigger |       1386 |        603 |       0 |  783 |  2571 |      0 |      0 |    0 |          0 |
|           (u_trig)                                                                                                   |                                          breeze_ilaila_v6_2_12_ila_trigger |          1 |          1 |       0 |    0 |     1 |      0 |      0 |    0 |          0 |
|           N_DDR_TC.N_DDR_TC_INST[0].U_TC                                                                             |                                               breeze_ilaltlib_v1_0_0_match |         29 |          0 |       0 |   29 |    56 |      0 |      0 |    0 |          0 |
|             (N_DDR_TC.N_DDR_TC_INST[0].U_TC)                                                                         |                                               breeze_ilaltlib_v1_0_0_match |          0 |          0 |       0 |    0 |     1 |      0 |      0 |    0 |          0 |
|             allx_typeA_match_detection.ltlib_v1_0_0_allx_typeA_inst                                                  |                                          breeze_ilaltlib_v1_0_0_allx_typeA |         29 |          0 |       0 |   29 |    55 |      0 |      0 |    0 |          0 |
|               (allx_typeA_match_detection.ltlib_v1_0_0_allx_typeA_inst)                                              |                                          breeze_ilaltlib_v1_0_0_allx_typeA |          0 |          0 |       0 |    0 |    54 |      0 |      0 |    0 |          0 |
|               DUT                                                                                                    |                                           breeze_ilaltlib_v1_0_0_all_typeA |         29 |          0 |       0 |   29 |     1 |      0 |      0 |    0 |          0 |
|                 (DUT)                                                                                                |                                           breeze_ilaltlib_v1_0_0_all_typeA |          1 |          0 |       0 |    1 |     0 |      0 |      0 |    0 |          0 |
|                 I_WHOLE_SLICE.G_SLICE_IDX[0].U_ALL_SRL_SLICE                                                         |                                 breeze_ilaltlib_v1_0_0_all_typeA_slice_270 |          4 |          0 |       0 |    4 |     0 |      0 |      0 |    0 |          0 |
|                 I_WHOLE_SLICE.G_SLICE_IDX[1].U_ALL_SRL_SLICE                                                         |                                 breeze_ilaltlib_v1_0_0_all_typeA_slice_271 |          4 |          0 |       0 |    4 |     0 |      0 |      0 |    0 |          0 |
|                 I_WHOLE_SLICE.G_SLICE_IDX[2].U_ALL_SRL_SLICE                                                         |                                 breeze_ilaltlib_v1_0_0_all_typeA_slice_272 |          4 |          0 |       0 |    4 |     0 |      0 |      0 |    0 |          0 |
|                 I_WHOLE_SLICE.G_SLICE_IDX[3].U_ALL_SRL_SLICE                                                         |                                 breeze_ilaltlib_v1_0_0_all_typeA_slice_273 |          4 |          0 |       0 |    4 |     0 |      0 |      0 |    0 |          0 |
|                 I_WHOLE_SLICE.G_SLICE_IDX[4].U_ALL_SRL_SLICE                                                         |                                 breeze_ilaltlib_v1_0_0_all_typeA_slice_274 |          4 |          0 |       0 |    4 |     0 |      0 |      0 |    0 |          0 |
|                 I_WHOLE_SLICE.G_SLICE_IDX[5].U_ALL_SRL_SLICE                                                         |                                 breeze_ilaltlib_v1_0_0_all_typeA_slice_275 |          4 |          0 |       0 |    4 |     0 |      0 |      0 |    0 |          0 |
|                 I_WHOLE_SLICE.G_SLICE_IDX[6].U_ALL_SRL_SLICE                                                         |                 breeze_ilaltlib_v1_0_0_all_typeA_slice__parameterized0_276 |          4 |          0 |       0 |    4 |     1 |      0 |      0 |    0 |          0 |
|           U_TM                                                                                                       |                                       breeze_ilaila_v6_2_12_ila_trig_match |       1356 |        602 |       0 |  754 |  2514 |      0 |      0 |    0 |          0 |
|             (U_TM)                                                                                                   |                                       breeze_ilaila_v6_2_12_ila_trig_match |        602 |        602 |       0 |    0 |     0 |      0 |      0 |    0 |          0 |
|             N_DDR_MODE.G_NMU[0].U_M                                                                                  |                            breeze_ilaltlib_v1_0_0_match__parameterized0__1 |          5 |          0 |       0 |    5 |     4 |      0 |      0 |    0 |          0 |
|               (N_DDR_MODE.G_NMU[0].U_M)                                                                              |                            breeze_ilaltlib_v1_0_0_match__parameterized0__1 |          0 |          0 |       0 |    0 |     1 |      0 |      0 |    0 |          0 |
|               allx_typeA_match_detection.ltlib_v1_0_0_allx_typeA_inst                                                |                      breeze_ilaltlib_v1_0_0_allx_typeA__parameterized0_267 |          5 |          0 |       0 |    5 |     3 |      0 |      0 |    0 |          0 |
|                 (allx_typeA_match_detection.ltlib_v1_0_0_allx_typeA_inst)                                            |                      breeze_ilaltlib_v1_0_0_allx_typeA__parameterized0_267 |          0 |          0 |       0 |    0 |     2 |      0 |      0 |    0 |          0 |
|                 DUT                                                                                                  |                       breeze_ilaltlib_v1_0_0_all_typeA__parameterized0_268 |          5 |          0 |       0 |    5 |     1 |      0 |      0 |    0 |          0 |
|                   (DUT)                                                                                              |                       breeze_ilaltlib_v1_0_0_all_typeA__parameterized0_268 |          1 |          0 |       0 |    1 |     0 |      0 |      0 |    0 |          0 |
|                   I_WHOLE_SLICE.G_SLICE_IDX[0].U_ALL_SRL_SLICE                                                       |                 breeze_ilaltlib_v1_0_0_all_typeA_slice__parameterized0_269 |          4 |          0 |       0 |    4 |     1 |      0 |      0 |    0 |          0 |
|             N_DDR_MODE.G_NMU[10].U_M                                                                                 |                            breeze_ilaltlib_v1_0_0_match__parameterized0__6 |          5 |          0 |       0 |    5 |     4 |      0 |      0 |    0 |          0 |
|               (N_DDR_MODE.G_NMU[10].U_M)                                                                             |                            breeze_ilaltlib_v1_0_0_match__parameterized0__6 |          0 |          0 |       0 |    0 |     1 |      0 |      0 |    0 |          0 |
|               allx_typeA_match_detection.ltlib_v1_0_0_allx_typeA_inst                                                |                      breeze_ilaltlib_v1_0_0_allx_typeA__parameterized0_214 |          5 |          0 |       0 |    5 |     3 |      0 |      0 |    0 |          0 |
|                 (allx_typeA_match_detection.ltlib_v1_0_0_allx_typeA_inst)                                            |                      breeze_ilaltlib_v1_0_0_allx_typeA__parameterized0_214 |          0 |          0 |       0 |    0 |     2 |      0 |      0 |    0 |          0 |
|                 DUT                                                                                                  |                       breeze_ilaltlib_v1_0_0_all_typeA__parameterized0_215 |          5 |          0 |       0 |    5 |     1 |      0 |      0 |    0 |          0 |
|                   (DUT)                                                                                              |                       breeze_ilaltlib_v1_0_0_all_typeA__parameterized0_215 |          1 |          0 |       0 |    1 |     0 |      0 |      0 |    0 |          0 |
|                   I_WHOLE_SLICE.G_SLICE_IDX[0].U_ALL_SRL_SLICE                                                       |                 breeze_ilaltlib_v1_0_0_all_typeA_slice__parameterized0_216 |          4 |          0 |       0 |    4 |     1 |      0 |      0 |    0 |          0 |
|             N_DDR_MODE.G_NMU[11].U_M                                                                                 |                            breeze_ilaltlib_v1_0_0_match__parameterized1__4 |         33 |          0 |       0 |   33 |   130 |      0 |      0 |    0 |          0 |
|               (N_DDR_MODE.G_NMU[11].U_M)                                                                             |                            breeze_ilaltlib_v1_0_0_match__parameterized1__4 |          0 |          0 |       0 |    0 |     1 |      0 |      0 |    0 |          0 |
|               allx_typeA_match_detection.ltlib_v1_0_0_allx_typeA_inst                                                |                      breeze_ilaltlib_v1_0_0_allx_typeA__parameterized1_204 |         33 |          0 |       0 |   33 |   129 |      0 |      0 |    0 |          0 |
|                 (allx_typeA_match_detection.ltlib_v1_0_0_allx_typeA_inst)                                            |                      breeze_ilaltlib_v1_0_0_allx_typeA__parameterized1_204 |          0 |          0 |       0 |    0 |   128 |      0 |      0 |    0 |          0 |
|                 DUT                                                                                                  |                       breeze_ilaltlib_v1_0_0_all_typeA__parameterized1_205 |         33 |          0 |       0 |   33 |     1 |      0 |      0 |    0 |          0 |
|                   (DUT)                                                                                              |                       breeze_ilaltlib_v1_0_0_all_typeA__parameterized1_205 |          1 |          0 |       0 |    1 |     0 |      0 |      0 |    0 |          0 |
|                   I_WHOLE_SLICE.G_SLICE_IDX[0].U_ALL_SRL_SLICE                                                       |                                 breeze_ilaltlib_v1_0_0_all_typeA_slice_206 |          4 |          0 |       0 |    4 |     0 |      0 |      0 |    0 |          0 |
|                   I_WHOLE_SLICE.G_SLICE_IDX[1].U_ALL_SRL_SLICE                                                       |                                 breeze_ilaltlib_v1_0_0_all_typeA_slice_207 |          4 |          0 |       0 |    4 |     0 |      0 |      0 |    0 |          0 |
|                   I_WHOLE_SLICE.G_SLICE_IDX[2].U_ALL_SRL_SLICE                                                       |                                 breeze_ilaltlib_v1_0_0_all_typeA_slice_208 |          4 |          0 |       0 |    4 |     0 |      0 |      0 |    0 |          0 |
|                   I_WHOLE_SLICE.G_SLICE_IDX[3].U_ALL_SRL_SLICE                                                       |                                 breeze_ilaltlib_v1_0_0_all_typeA_slice_209 |          4 |          0 |       0 |    4 |     0 |      0 |      0 |    0 |          0 |
|                   I_WHOLE_SLICE.G_SLICE_IDX[4].U_ALL_SRL_SLICE                                                       |                                 breeze_ilaltlib_v1_0_0_all_typeA_slice_210 |          4 |          0 |       0 |    4 |     0 |      0 |      0 |    0 |          0 |
|                   I_WHOLE_SLICE.G_SLICE_IDX[5].U_ALL_SRL_SLICE                                                       |                                 breeze_ilaltlib_v1_0_0_all_typeA_slice_211 |          4 |          0 |       0 |    4 |     0 |      0 |      0 |    0 |          0 |
|                   I_WHOLE_SLICE.G_SLICE_IDX[6].U_ALL_SRL_SLICE                                                       |                                 breeze_ilaltlib_v1_0_0_all_typeA_slice_212 |          4 |          0 |       0 |    4 |     0 |      0 |      0 |    0 |          0 |
|                   I_WHOLE_SLICE.G_SLICE_IDX[7].U_ALL_SRL_SLICE                                                       |                 breeze_ilaltlib_v1_0_0_all_typeA_slice__parameterized0_213 |          4 |          0 |       0 |    4 |     1 |      0 |      0 |    0 |          0 |
|             N_DDR_MODE.G_NMU[12].U_M                                                                                 |                            breeze_ilaltlib_v1_0_0_match__parameterized1__5 |         33 |          0 |       0 |   33 |   130 |      0 |      0 |    0 |          0 |
|               (N_DDR_MODE.G_NMU[12].U_M)                                                                             |                            breeze_ilaltlib_v1_0_0_match__parameterized1__5 |          0 |          0 |       0 |    0 |     1 |      0 |      0 |    0 |          0 |
|               allx_typeA_match_detection.ltlib_v1_0_0_allx_typeA_inst                                                |                      breeze_ilaltlib_v1_0_0_allx_typeA__parameterized1_194 |         33 |          0 |       0 |   33 |   129 |      0 |      0 |    0 |          0 |
|                 (allx_typeA_match_detection.ltlib_v1_0_0_allx_typeA_inst)                                            |                      breeze_ilaltlib_v1_0_0_allx_typeA__parameterized1_194 |          0 |          0 |       0 |    0 |   128 |      0 |      0 |    0 |          0 |
|                 DUT                                                                                                  |                       breeze_ilaltlib_v1_0_0_all_typeA__parameterized1_195 |         33 |          0 |       0 |   33 |     1 |      0 |      0 |    0 |          0 |
|                   (DUT)                                                                                              |                       breeze_ilaltlib_v1_0_0_all_typeA__parameterized1_195 |          1 |          0 |       0 |    1 |     0 |      0 |      0 |    0 |          0 |
|                   I_WHOLE_SLICE.G_SLICE_IDX[0].U_ALL_SRL_SLICE                                                       |                                 breeze_ilaltlib_v1_0_0_all_typeA_slice_196 |          4 |          0 |       0 |    4 |     0 |      0 |      0 |    0 |          0 |
|                   I_WHOLE_SLICE.G_SLICE_IDX[1].U_ALL_SRL_SLICE                                                       |                                 breeze_ilaltlib_v1_0_0_all_typeA_slice_197 |          4 |          0 |       0 |    4 |     0 |      0 |      0 |    0 |          0 |
|                   I_WHOLE_SLICE.G_SLICE_IDX[2].U_ALL_SRL_SLICE                                                       |                                 breeze_ilaltlib_v1_0_0_all_typeA_slice_198 |          4 |          0 |       0 |    4 |     0 |      0 |      0 |    0 |          0 |
|                   I_WHOLE_SLICE.G_SLICE_IDX[3].U_ALL_SRL_SLICE                                                       |                                 breeze_ilaltlib_v1_0_0_all_typeA_slice_199 |          4 |          0 |       0 |    4 |     0 |      0 |      0 |    0 |          0 |
|                   I_WHOLE_SLICE.G_SLICE_IDX[4].U_ALL_SRL_SLICE                                                       |                                 breeze_ilaltlib_v1_0_0_all_typeA_slice_200 |          4 |          0 |       0 |    4 |     0 |      0 |      0 |    0 |          0 |
|                   I_WHOLE_SLICE.G_SLICE_IDX[5].U_ALL_SRL_SLICE                                                       |                                 breeze_ilaltlib_v1_0_0_all_typeA_slice_201 |          4 |          0 |       0 |    4 |     0 |      0 |      0 |    0 |          0 |
|                   I_WHOLE_SLICE.G_SLICE_IDX[6].U_ALL_SRL_SLICE                                                       |                                 breeze_ilaltlib_v1_0_0_all_typeA_slice_202 |          4 |          0 |       0 |    4 |     0 |      0 |      0 |    0 |          0 |
|                   I_WHOLE_SLICE.G_SLICE_IDX[7].U_ALL_SRL_SLICE                                                       |                 breeze_ilaltlib_v1_0_0_all_typeA_slice__parameterized0_203 |          4 |          0 |       0 |    4 |     1 |      0 |      0 |    0 |          0 |
|             N_DDR_MODE.G_NMU[13].U_M                                                                                 |                            breeze_ilaltlib_v1_0_0_match__parameterized1__6 |         33 |          0 |       0 |   33 |   130 |      0 |      0 |    0 |          0 |
|               (N_DDR_MODE.G_NMU[13].U_M)                                                                             |                            breeze_ilaltlib_v1_0_0_match__parameterized1__6 |          0 |          0 |       0 |    0 |     1 |      0 |      0 |    0 |          0 |
|               allx_typeA_match_detection.ltlib_v1_0_0_allx_typeA_inst                                                |                      breeze_ilaltlib_v1_0_0_allx_typeA__parameterized1_184 |         33 |          0 |       0 |   33 |   129 |      0 |      0 |    0 |          0 |
|                 (allx_typeA_match_detection.ltlib_v1_0_0_allx_typeA_inst)                                            |                      breeze_ilaltlib_v1_0_0_allx_typeA__parameterized1_184 |          0 |          0 |       0 |    0 |   128 |      0 |      0 |    0 |          0 |
|                 DUT                                                                                                  |                       breeze_ilaltlib_v1_0_0_all_typeA__parameterized1_185 |         33 |          0 |       0 |   33 |     1 |      0 |      0 |    0 |          0 |
|                   (DUT)                                                                                              |                       breeze_ilaltlib_v1_0_0_all_typeA__parameterized1_185 |          1 |          0 |       0 |    1 |     0 |      0 |      0 |    0 |          0 |
|                   I_WHOLE_SLICE.G_SLICE_IDX[0].U_ALL_SRL_SLICE                                                       |                                 breeze_ilaltlib_v1_0_0_all_typeA_slice_186 |          4 |          0 |       0 |    4 |     0 |      0 |      0 |    0 |          0 |
|                   I_WHOLE_SLICE.G_SLICE_IDX[1].U_ALL_SRL_SLICE                                                       |                                 breeze_ilaltlib_v1_0_0_all_typeA_slice_187 |          4 |          0 |       0 |    4 |     0 |      0 |      0 |    0 |          0 |
|                   I_WHOLE_SLICE.G_SLICE_IDX[2].U_ALL_SRL_SLICE                                                       |                                 breeze_ilaltlib_v1_0_0_all_typeA_slice_188 |          4 |          0 |       0 |    4 |     0 |      0 |      0 |    0 |          0 |
|                   I_WHOLE_SLICE.G_SLICE_IDX[3].U_ALL_SRL_SLICE                                                       |                                 breeze_ilaltlib_v1_0_0_all_typeA_slice_189 |          4 |          0 |       0 |    4 |     0 |      0 |      0 |    0 |          0 |
|                   I_WHOLE_SLICE.G_SLICE_IDX[4].U_ALL_SRL_SLICE                                                       |                                 breeze_ilaltlib_v1_0_0_all_typeA_slice_190 |          4 |          0 |       0 |    4 |     0 |      0 |      0 |    0 |          0 |
|                   I_WHOLE_SLICE.G_SLICE_IDX[5].U_ALL_SRL_SLICE                                                       |                                 breeze_ilaltlib_v1_0_0_all_typeA_slice_191 |          4 |          0 |       0 |    4 |     0 |      0 |      0 |    0 |          0 |
|                   I_WHOLE_SLICE.G_SLICE_IDX[6].U_ALL_SRL_SLICE                                                       |                                 breeze_ilaltlib_v1_0_0_all_typeA_slice_192 |          4 |          0 |       0 |    4 |     0 |      0 |      0 |    0 |          0 |
|                   I_WHOLE_SLICE.G_SLICE_IDX[7].U_ALL_SRL_SLICE                                                       |                 breeze_ilaltlib_v1_0_0_all_typeA_slice__parameterized0_193 |          4 |          0 |       0 |    4 |     1 |      0 |      0 |    0 |          0 |
|             N_DDR_MODE.G_NMU[14].U_M                                                                                 |                            breeze_ilaltlib_v1_0_0_match__parameterized1__7 |         33 |          0 |       0 |   33 |   130 |      0 |      0 |    0 |          0 |
|               (N_DDR_MODE.G_NMU[14].U_M)                                                                             |                            breeze_ilaltlib_v1_0_0_match__parameterized1__7 |          0 |          0 |       0 |    0 |     1 |      0 |      0 |    0 |          0 |
|               allx_typeA_match_detection.ltlib_v1_0_0_allx_typeA_inst                                                |                      breeze_ilaltlib_v1_0_0_allx_typeA__parameterized1_174 |         33 |          0 |       0 |   33 |   129 |      0 |      0 |    0 |          0 |
|                 (allx_typeA_match_detection.ltlib_v1_0_0_allx_typeA_inst)                                            |                      breeze_ilaltlib_v1_0_0_allx_typeA__parameterized1_174 |          0 |          0 |       0 |    0 |   128 |      0 |      0 |    0 |          0 |
|                 DUT                                                                                                  |                       breeze_ilaltlib_v1_0_0_all_typeA__parameterized1_175 |         33 |          0 |       0 |   33 |     1 |      0 |      0 |    0 |          0 |
|                   (DUT)                                                                                              |                       breeze_ilaltlib_v1_0_0_all_typeA__parameterized1_175 |          1 |          0 |       0 |    1 |     0 |      0 |      0 |    0 |          0 |
|                   I_WHOLE_SLICE.G_SLICE_IDX[0].U_ALL_SRL_SLICE                                                       |                                 breeze_ilaltlib_v1_0_0_all_typeA_slice_176 |          4 |          0 |       0 |    4 |     0 |      0 |      0 |    0 |          0 |
|                   I_WHOLE_SLICE.G_SLICE_IDX[1].U_ALL_SRL_SLICE                                                       |                                 breeze_ilaltlib_v1_0_0_all_typeA_slice_177 |          4 |          0 |       0 |    4 |     0 |      0 |      0 |    0 |          0 |
|                   I_WHOLE_SLICE.G_SLICE_IDX[2].U_ALL_SRL_SLICE                                                       |                                 breeze_ilaltlib_v1_0_0_all_typeA_slice_178 |          4 |          0 |       0 |    4 |     0 |      0 |      0 |    0 |          0 |
|                   I_WHOLE_SLICE.G_SLICE_IDX[3].U_ALL_SRL_SLICE                                                       |                                 breeze_ilaltlib_v1_0_0_all_typeA_slice_179 |          4 |          0 |       0 |    4 |     0 |      0 |      0 |    0 |          0 |
|                   I_WHOLE_SLICE.G_SLICE_IDX[4].U_ALL_SRL_SLICE                                                       |                                 breeze_ilaltlib_v1_0_0_all_typeA_slice_180 |          4 |          0 |       0 |    4 |     0 |      0 |      0 |    0 |          0 |
|                   I_WHOLE_SLICE.G_SLICE_IDX[5].U_ALL_SRL_SLICE                                                       |                                 breeze_ilaltlib_v1_0_0_all_typeA_slice_181 |          4 |          0 |       0 |    4 |     0 |      0 |      0 |    0 |          0 |
|                   I_WHOLE_SLICE.G_SLICE_IDX[6].U_ALL_SRL_SLICE                                                       |                                 breeze_ilaltlib_v1_0_0_all_typeA_slice_182 |          4 |          0 |       0 |    4 |     0 |      0 |      0 |    0 |          0 |
|                   I_WHOLE_SLICE.G_SLICE_IDX[7].U_ALL_SRL_SLICE                                                       |                 breeze_ilaltlib_v1_0_0_all_typeA_slice__parameterized0_183 |          4 |          0 |       0 |    4 |     1 |      0 |      0 |    0 |          0 |
|             N_DDR_MODE.G_NMU[15].U_M                                                                                 |                            breeze_ilaltlib_v1_0_0_match__parameterized4__1 |          5 |          0 |       0 |    5 |    18 |      0 |      0 |    0 |          0 |
|               (N_DDR_MODE.G_NMU[15].U_M)                                                                             |                            breeze_ilaltlib_v1_0_0_match__parameterized4__1 |          0 |          0 |       0 |    0 |     1 |      0 |      0 |    0 |          0 |
|               allx_typeA_match_detection.ltlib_v1_0_0_allx_typeA_inst                                                |                      breeze_ilaltlib_v1_0_0_allx_typeA__parameterized4_171 |          5 |          0 |       0 |    5 |    17 |      0 |      0 |    0 |          0 |
|                 (allx_typeA_match_detection.ltlib_v1_0_0_allx_typeA_inst)                                            |                      breeze_ilaltlib_v1_0_0_allx_typeA__parameterized4_171 |          0 |          0 |       0 |    0 |    16 |      0 |      0 |    0 |          0 |
|                 DUT                                                                                                  |                       breeze_ilaltlib_v1_0_0_all_typeA__parameterized0_172 |          5 |          0 |       0 |    5 |     1 |      0 |      0 |    0 |          0 |
|                   (DUT)                                                                                              |                       breeze_ilaltlib_v1_0_0_all_typeA__parameterized0_172 |          1 |          0 |       0 |    1 |     0 |      0 |      0 |    0 |          0 |
|                   I_WHOLE_SLICE.G_SLICE_IDX[0].U_ALL_SRL_SLICE                                                       |                 breeze_ilaltlib_v1_0_0_all_typeA_slice__parameterized0_173 |          4 |          0 |       0 |    4 |     1 |      0 |      0 |    0 |          0 |
|             N_DDR_MODE.G_NMU[16].U_M                                                                                 |                            breeze_ilaltlib_v1_0_0_match__parameterized1__8 |         33 |          0 |       0 |   33 |   130 |      0 |      0 |    0 |          0 |
|               (N_DDR_MODE.G_NMU[16].U_M)                                                                             |                            breeze_ilaltlib_v1_0_0_match__parameterized1__8 |          0 |          0 |       0 |    0 |     1 |      0 |      0 |    0 |          0 |
|               allx_typeA_match_detection.ltlib_v1_0_0_allx_typeA_inst                                                |                      breeze_ilaltlib_v1_0_0_allx_typeA__parameterized1_161 |         33 |          0 |       0 |   33 |   129 |      0 |      0 |    0 |          0 |
|                 (allx_typeA_match_detection.ltlib_v1_0_0_allx_typeA_inst)                                            |                      breeze_ilaltlib_v1_0_0_allx_typeA__parameterized1_161 |          0 |          0 |       0 |    0 |   128 |      0 |      0 |    0 |          0 |
|                 DUT                                                                                                  |                       breeze_ilaltlib_v1_0_0_all_typeA__parameterized1_162 |         33 |          0 |       0 |   33 |     1 |      0 |      0 |    0 |          0 |
|                   (DUT)                                                                                              |                       breeze_ilaltlib_v1_0_0_all_typeA__parameterized1_162 |          1 |          0 |       0 |    1 |     0 |      0 |      0 |    0 |          0 |
|                   I_WHOLE_SLICE.G_SLICE_IDX[0].U_ALL_SRL_SLICE                                                       |                                 breeze_ilaltlib_v1_0_0_all_typeA_slice_163 |          4 |          0 |       0 |    4 |     0 |      0 |      0 |    0 |          0 |
|                   I_WHOLE_SLICE.G_SLICE_IDX[1].U_ALL_SRL_SLICE                                                       |                                 breeze_ilaltlib_v1_0_0_all_typeA_slice_164 |          4 |          0 |       0 |    4 |     0 |      0 |      0 |    0 |          0 |
|                   I_WHOLE_SLICE.G_SLICE_IDX[2].U_ALL_SRL_SLICE                                                       |                                 breeze_ilaltlib_v1_0_0_all_typeA_slice_165 |          4 |          0 |       0 |    4 |     0 |      0 |      0 |    0 |          0 |
|                   I_WHOLE_SLICE.G_SLICE_IDX[3].U_ALL_SRL_SLICE                                                       |                                 breeze_ilaltlib_v1_0_0_all_typeA_slice_166 |          4 |          0 |       0 |    4 |     0 |      0 |      0 |    0 |          0 |
|                   I_WHOLE_SLICE.G_SLICE_IDX[4].U_ALL_SRL_SLICE                                                       |                                 breeze_ilaltlib_v1_0_0_all_typeA_slice_167 |          4 |          0 |       0 |    4 |     0 |      0 |      0 |    0 |          0 |
|                   I_WHOLE_SLICE.G_SLICE_IDX[5].U_ALL_SRL_SLICE                                                       |                                 breeze_ilaltlib_v1_0_0_all_typeA_slice_168 |          4 |          0 |       0 |    4 |     0 |      0 |      0 |    0 |          0 |
|                   I_WHOLE_SLICE.G_SLICE_IDX[6].U_ALL_SRL_SLICE                                                       |                                 breeze_ilaltlib_v1_0_0_all_typeA_slice_169 |          4 |          0 |       0 |    4 |     0 |      0 |      0 |    0 |          0 |
|                   I_WHOLE_SLICE.G_SLICE_IDX[7].U_ALL_SRL_SLICE                                                       |                 breeze_ilaltlib_v1_0_0_all_typeA_slice__parameterized0_170 |          4 |          0 |       0 |    4 |     1 |      0 |      0 |    0 |          0 |
|             N_DDR_MODE.G_NMU[17].U_M                                                                                 |                            breeze_ilaltlib_v1_0_0_match__parameterized2__2 |         17 |          0 |       0 |   17 |    66 |      0 |      0 |    0 |          0 |
|               (N_DDR_MODE.G_NMU[17].U_M)                                                                             |                            breeze_ilaltlib_v1_0_0_match__parameterized2__2 |          0 |          0 |       0 |    0 |     1 |      0 |      0 |    0 |          0 |
|               allx_typeA_match_detection.ltlib_v1_0_0_allx_typeA_inst                                                |                      breeze_ilaltlib_v1_0_0_allx_typeA__parameterized2_155 |         17 |          0 |       0 |   17 |    65 |      0 |      0 |    0 |          0 |
|                 (allx_typeA_match_detection.ltlib_v1_0_0_allx_typeA_inst)                                            |                      breeze_ilaltlib_v1_0_0_allx_typeA__parameterized2_155 |          0 |          0 |       0 |    0 |    64 |      0 |      0 |    0 |          0 |
|                 DUT                                                                                                  |                       breeze_ilaltlib_v1_0_0_all_typeA__parameterized2_156 |         17 |          0 |       0 |   17 |     1 |      0 |      0 |    0 |          0 |
|                   (DUT)                                                                                              |                       breeze_ilaltlib_v1_0_0_all_typeA__parameterized2_156 |          1 |          0 |       0 |    1 |     0 |      0 |      0 |    0 |          0 |
|                   I_WHOLE_SLICE.G_SLICE_IDX[0].U_ALL_SRL_SLICE                                                       |                                 breeze_ilaltlib_v1_0_0_all_typeA_slice_157 |          4 |          0 |       0 |    4 |     0 |      0 |      0 |    0 |          0 |
|                   I_WHOLE_SLICE.G_SLICE_IDX[1].U_ALL_SRL_SLICE                                                       |                                 breeze_ilaltlib_v1_0_0_all_typeA_slice_158 |          4 |          0 |       0 |    4 |     0 |      0 |      0 |    0 |          0 |
|                   I_WHOLE_SLICE.G_SLICE_IDX[2].U_ALL_SRL_SLICE                                                       |                                 breeze_ilaltlib_v1_0_0_all_typeA_slice_159 |          4 |          0 |       0 |    4 |     0 |      0 |      0 |    0 |          0 |
|                   I_WHOLE_SLICE.G_SLICE_IDX[3].U_ALL_SRL_SLICE                                                       |                 breeze_ilaltlib_v1_0_0_all_typeA_slice__parameterized0_160 |          4 |          0 |       0 |    4 |     1 |      0 |      0 |    0 |          0 |
|             N_DDR_MODE.G_NMU[18].U_M                                                                                 |                            breeze_ilaltlib_v1_0_0_match__parameterized0__7 |          5 |          0 |       0 |    5 |     4 |      0 |      0 |    0 |          0 |
|               (N_DDR_MODE.G_NMU[18].U_M)                                                                             |                            breeze_ilaltlib_v1_0_0_match__parameterized0__7 |          0 |          0 |       0 |    0 |     1 |      0 |      0 |    0 |          0 |
|               allx_typeA_match_detection.ltlib_v1_0_0_allx_typeA_inst                                                |                      breeze_ilaltlib_v1_0_0_allx_typeA__parameterized0_152 |          5 |          0 |       0 |    5 |     3 |      0 |      0 |    0 |          0 |
|                 (allx_typeA_match_detection.ltlib_v1_0_0_allx_typeA_inst)                                            |                      breeze_ilaltlib_v1_0_0_allx_typeA__parameterized0_152 |          0 |          0 |       0 |    0 |     2 |      0 |      0 |    0 |          0 |
|                 DUT                                                                                                  |                       breeze_ilaltlib_v1_0_0_all_typeA__parameterized0_153 |          5 |          0 |       0 |    5 |     1 |      0 |      0 |    0 |          0 |
|                   (DUT)                                                                                              |                       breeze_ilaltlib_v1_0_0_all_typeA__parameterized0_153 |          1 |          0 |       0 |    1 |     0 |      0 |      0 |    0 |          0 |
|                   I_WHOLE_SLICE.G_SLICE_IDX[0].U_ALL_SRL_SLICE                                                       |                 breeze_ilaltlib_v1_0_0_all_typeA_slice__parameterized0_154 |          4 |          0 |       0 |    4 |     1 |      0 |      0 |    0 |          0 |
|             N_DDR_MODE.G_NMU[19].U_M                                                                                 |                               breeze_ilaltlib_v1_0_0_match__parameterized5 |          9 |          0 |       0 |    9 |    34 |      0 |      0 |    0 |          0 |
|               (N_DDR_MODE.G_NMU[19].U_M)                                                                             |                               breeze_ilaltlib_v1_0_0_match__parameterized5 |          0 |          0 |       0 |    0 |     1 |      0 |      0 |    0 |          0 |
|               allx_typeA_match_detection.ltlib_v1_0_0_allx_typeA_inst                                                |                          breeze_ilaltlib_v1_0_0_allx_typeA__parameterized5 |          9 |          0 |       0 |    9 |    33 |      0 |      0 |    0 |          0 |
|                 (allx_typeA_match_detection.ltlib_v1_0_0_allx_typeA_inst)                                            |                          breeze_ilaltlib_v1_0_0_allx_typeA__parameterized5 |          0 |          0 |       0 |    0 |    32 |      0 |      0 |    0 |          0 |
|                 DUT                                                                                                  |                           breeze_ilaltlib_v1_0_0_all_typeA__parameterized3 |          9 |          0 |       0 |    9 |     1 |      0 |      0 |    0 |          0 |
|                   (DUT)                                                                                              |                           breeze_ilaltlib_v1_0_0_all_typeA__parameterized3 |          1 |          0 |       0 |    1 |     0 |      0 |      0 |    0 |          0 |
|                   I_WHOLE_SLICE.G_SLICE_IDX[0].U_ALL_SRL_SLICE                                                       |                                 breeze_ilaltlib_v1_0_0_all_typeA_slice_150 |          4 |          0 |       0 |    4 |     0 |      0 |      0 |    0 |          0 |
|                   I_WHOLE_SLICE.G_SLICE_IDX[1].U_ALL_SRL_SLICE                                                       |                 breeze_ilaltlib_v1_0_0_all_typeA_slice__parameterized0_151 |          4 |          0 |       0 |    4 |     1 |      0 |      0 |    0 |          0 |
|             N_DDR_MODE.G_NMU[1].U_M                                                                                  |                            breeze_ilaltlib_v1_0_0_match__parameterized0__2 |          5 |          0 |       0 |    5 |     4 |      0 |      0 |    0 |          0 |
|               (N_DDR_MODE.G_NMU[1].U_M)                                                                              |                            breeze_ilaltlib_v1_0_0_match__parameterized0__2 |          0 |          0 |       0 |    0 |     1 |      0 |      0 |    0 |          0 |
|               allx_typeA_match_detection.ltlib_v1_0_0_allx_typeA_inst                                                |                      breeze_ilaltlib_v1_0_0_allx_typeA__parameterized0_264 |          5 |          0 |       0 |    5 |     3 |      0 |      0 |    0 |          0 |
|                 (allx_typeA_match_detection.ltlib_v1_0_0_allx_typeA_inst)                                            |                      breeze_ilaltlib_v1_0_0_allx_typeA__parameterized0_264 |          0 |          0 |       0 |    0 |     2 |      0 |      0 |    0 |          0 |
|                 DUT                                                                                                  |                       breeze_ilaltlib_v1_0_0_all_typeA__parameterized0_265 |          5 |          0 |       0 |    5 |     1 |      0 |      0 |    0 |          0 |
|                   (DUT)                                                                                              |                       breeze_ilaltlib_v1_0_0_all_typeA__parameterized0_265 |          1 |          0 |       0 |    1 |     0 |      0 |      0 |    0 |          0 |
|                   I_WHOLE_SLICE.G_SLICE_IDX[0].U_ALL_SRL_SLICE                                                       |                 breeze_ilaltlib_v1_0_0_all_typeA_slice__parameterized0_266 |          4 |          0 |       0 |    4 |     1 |      0 |      0 |    0 |          0 |
|             N_DDR_MODE.G_NMU[20].U_M                                                                                 |                            breeze_ilaltlib_v1_0_0_match__parameterized0__8 |          5 |          0 |       0 |    5 |     4 |      0 |      0 |    0 |          0 |
|               (N_DDR_MODE.G_NMU[20].U_M)                                                                             |                            breeze_ilaltlib_v1_0_0_match__parameterized0__8 |          0 |          0 |       0 |    0 |     1 |      0 |      0 |    0 |          0 |
|               allx_typeA_match_detection.ltlib_v1_0_0_allx_typeA_inst                                                |                      breeze_ilaltlib_v1_0_0_allx_typeA__parameterized0_147 |          5 |          0 |       0 |    5 |     3 |      0 |      0 |    0 |          0 |
|                 (allx_typeA_match_detection.ltlib_v1_0_0_allx_typeA_inst)                                            |                      breeze_ilaltlib_v1_0_0_allx_typeA__parameterized0_147 |          0 |          0 |       0 |    0 |     2 |      0 |      0 |    0 |          0 |
|                 DUT                                                                                                  |                       breeze_ilaltlib_v1_0_0_all_typeA__parameterized0_148 |          5 |          0 |       0 |    5 |     1 |      0 |      0 |    0 |          0 |
|                   (DUT)                                                                                              |                       breeze_ilaltlib_v1_0_0_all_typeA__parameterized0_148 |          1 |          0 |       0 |    1 |     0 |      0 |      0 |    0 |          0 |
|                   I_WHOLE_SLICE.G_SLICE_IDX[0].U_ALL_SRL_SLICE                                                       |                 breeze_ilaltlib_v1_0_0_all_typeA_slice__parameterized0_149 |          4 |          0 |       0 |    4 |     1 |      0 |      0 |    0 |          0 |
|             N_DDR_MODE.G_NMU[21].U_M                                                                                 |                            breeze_ilaltlib_v1_0_0_match__parameterized0__9 |          5 |          0 |       0 |    5 |     4 |      0 |      0 |    0 |          0 |
|               (N_DDR_MODE.G_NMU[21].U_M)                                                                             |                            breeze_ilaltlib_v1_0_0_match__parameterized0__9 |          0 |          0 |       0 |    0 |     1 |      0 |      0 |    0 |          0 |
|               allx_typeA_match_detection.ltlib_v1_0_0_allx_typeA_inst                                                |                      breeze_ilaltlib_v1_0_0_allx_typeA__parameterized0_144 |          5 |          0 |       0 |    5 |     3 |      0 |      0 |    0 |          0 |
|                 (allx_typeA_match_detection.ltlib_v1_0_0_allx_typeA_inst)                                            |                      breeze_ilaltlib_v1_0_0_allx_typeA__parameterized0_144 |          0 |          0 |       0 |    0 |     2 |      0 |      0 |    0 |          0 |
|                 DUT                                                                                                  |                       breeze_ilaltlib_v1_0_0_all_typeA__parameterized0_145 |          5 |          0 |       0 |    5 |     1 |      0 |      0 |    0 |          0 |
|                   (DUT)                                                                                              |                       breeze_ilaltlib_v1_0_0_all_typeA__parameterized0_145 |          1 |          0 |       0 |    1 |     0 |      0 |      0 |    0 |          0 |
|                   I_WHOLE_SLICE.G_SLICE_IDX[0].U_ALL_SRL_SLICE                                                       |                 breeze_ilaltlib_v1_0_0_all_typeA_slice__parameterized0_146 |          4 |          0 |       0 |    4 |     1 |      0 |      0 |    0 |          0 |
|             N_DDR_MODE.G_NMU[22].U_M                                                                                 |                            breeze_ilaltlib_v1_0_0_match__parameterized2__3 |         17 |          0 |       0 |   17 |    66 |      0 |      0 |    0 |          0 |
|               (N_DDR_MODE.G_NMU[22].U_M)                                                                             |                            breeze_ilaltlib_v1_0_0_match__parameterized2__3 |          0 |          0 |       0 |    0 |     1 |      0 |      0 |    0 |          0 |
|               allx_typeA_match_detection.ltlib_v1_0_0_allx_typeA_inst                                                |                      breeze_ilaltlib_v1_0_0_allx_typeA__parameterized2_138 |         17 |          0 |       0 |   17 |    65 |      0 |      0 |    0 |          0 |
|                 (allx_typeA_match_detection.ltlib_v1_0_0_allx_typeA_inst)                                            |                      breeze_ilaltlib_v1_0_0_allx_typeA__parameterized2_138 |          0 |          0 |       0 |    0 |    64 |      0 |      0 |    0 |          0 |
|                 DUT                                                                                                  |                       breeze_ilaltlib_v1_0_0_all_typeA__parameterized2_139 |         17 |          0 |       0 |   17 |     1 |      0 |      0 |    0 |          0 |
|                   (DUT)                                                                                              |                       breeze_ilaltlib_v1_0_0_all_typeA__parameterized2_139 |          1 |          0 |       0 |    1 |     0 |      0 |      0 |    0 |          0 |
|                   I_WHOLE_SLICE.G_SLICE_IDX[0].U_ALL_SRL_SLICE                                                       |                                 breeze_ilaltlib_v1_0_0_all_typeA_slice_140 |          4 |          0 |       0 |    4 |     0 |      0 |      0 |    0 |          0 |
|                   I_WHOLE_SLICE.G_SLICE_IDX[1].U_ALL_SRL_SLICE                                                       |                                 breeze_ilaltlib_v1_0_0_all_typeA_slice_141 |          4 |          0 |       0 |    4 |     0 |      0 |      0 |    0 |          0 |
|                   I_WHOLE_SLICE.G_SLICE_IDX[2].U_ALL_SRL_SLICE                                                       |                                 breeze_ilaltlib_v1_0_0_all_typeA_slice_142 |          4 |          0 |       0 |    4 |     0 |      0 |      0 |    0 |          0 |
|                   I_WHOLE_SLICE.G_SLICE_IDX[3].U_ALL_SRL_SLICE                                                       |                 breeze_ilaltlib_v1_0_0_all_typeA_slice__parameterized0_143 |          4 |          0 |       0 |    4 |     1 |      0 |      0 |    0 |          0 |
|             N_DDR_MODE.G_NMU[23].U_M                                                                                 |                           breeze_ilaltlib_v1_0_0_match__parameterized0__10 |          5 |          0 |       0 |    5 |     4 |      0 |      0 |    0 |          0 |
|               (N_DDR_MODE.G_NMU[23].U_M)                                                                             |                           breeze_ilaltlib_v1_0_0_match__parameterized0__10 |          0 |          0 |       0 |    0 |     1 |      0 |      0 |    0 |          0 |
|               allx_typeA_match_detection.ltlib_v1_0_0_allx_typeA_inst                                                |                      breeze_ilaltlib_v1_0_0_allx_typeA__parameterized0_135 |          5 |          0 |       0 |    5 |     3 |      0 |      0 |    0 |          0 |
|                 (allx_typeA_match_detection.ltlib_v1_0_0_allx_typeA_inst)                                            |                      breeze_ilaltlib_v1_0_0_allx_typeA__parameterized0_135 |          0 |          0 |       0 |    0 |     2 |      0 |      0 |    0 |          0 |
|                 DUT                                                                                                  |                       breeze_ilaltlib_v1_0_0_all_typeA__parameterized0_136 |          5 |          0 |       0 |    5 |     1 |      0 |      0 |    0 |          0 |
|                   (DUT)                                                                                              |                       breeze_ilaltlib_v1_0_0_all_typeA__parameterized0_136 |          1 |          0 |       0 |    1 |     0 |      0 |      0 |    0 |          0 |
|                   I_WHOLE_SLICE.G_SLICE_IDX[0].U_ALL_SRL_SLICE                                                       |                 breeze_ilaltlib_v1_0_0_all_typeA_slice__parameterized0_137 |          4 |          0 |       0 |    4 |     1 |      0 |      0 |    0 |          0 |
|             N_DDR_MODE.G_NMU[24].U_M                                                                                 |                           breeze_ilaltlib_v1_0_0_match__parameterized0__11 |          5 |          0 |       0 |    5 |     4 |      0 |      0 |    0 |          0 |
|               (N_DDR_MODE.G_NMU[24].U_M)                                                                             |                           breeze_ilaltlib_v1_0_0_match__parameterized0__11 |          0 |          0 |       0 |    0 |     1 |      0 |      0 |    0 |          0 |
|               allx_typeA_match_detection.ltlib_v1_0_0_allx_typeA_inst                                                |                      breeze_ilaltlib_v1_0_0_allx_typeA__parameterized0_132 |          5 |          0 |       0 |    5 |     3 |      0 |      0 |    0 |          0 |
|                 (allx_typeA_match_detection.ltlib_v1_0_0_allx_typeA_inst)                                            |                      breeze_ilaltlib_v1_0_0_allx_typeA__parameterized0_132 |          0 |          0 |       0 |    0 |     2 |      0 |      0 |    0 |          0 |
|                 DUT                                                                                                  |                       breeze_ilaltlib_v1_0_0_all_typeA__parameterized0_133 |          5 |          0 |       0 |    5 |     1 |      0 |      0 |    0 |          0 |
|                   (DUT)                                                                                              |                       breeze_ilaltlib_v1_0_0_all_typeA__parameterized0_133 |          1 |          0 |       0 |    1 |     0 |      0 |      0 |    0 |          0 |
|                   I_WHOLE_SLICE.G_SLICE_IDX[0].U_ALL_SRL_SLICE                                                       |                 breeze_ilaltlib_v1_0_0_all_typeA_slice__parameterized0_134 |          4 |          0 |       0 |    4 |     1 |      0 |      0 |    0 |          0 |
|             N_DDR_MODE.G_NMU[25].U_M                                                                                 |                            breeze_ilaltlib_v1_0_0_match__parameterized1__9 |         33 |          0 |       0 |   33 |   130 |      0 |      0 |    0 |          0 |
|               (N_DDR_MODE.G_NMU[25].U_M)                                                                             |                            breeze_ilaltlib_v1_0_0_match__parameterized1__9 |          0 |          0 |       0 |    0 |     1 |      0 |      0 |    0 |          0 |
|               allx_typeA_match_detection.ltlib_v1_0_0_allx_typeA_inst                                                |                      breeze_ilaltlib_v1_0_0_allx_typeA__parameterized1_122 |         33 |          0 |       0 |   33 |   129 |      0 |      0 |    0 |          0 |
|                 (allx_typeA_match_detection.ltlib_v1_0_0_allx_typeA_inst)                                            |                      breeze_ilaltlib_v1_0_0_allx_typeA__parameterized1_122 |          0 |          0 |       0 |    0 |   128 |      0 |      0 |    0 |          0 |
|                 DUT                                                                                                  |                       breeze_ilaltlib_v1_0_0_all_typeA__parameterized1_123 |         33 |          0 |       0 |   33 |     1 |      0 |      0 |    0 |          0 |
|                   (DUT)                                                                                              |                       breeze_ilaltlib_v1_0_0_all_typeA__parameterized1_123 |          1 |          0 |       0 |    1 |     0 |      0 |      0 |    0 |          0 |
|                   I_WHOLE_SLICE.G_SLICE_IDX[0].U_ALL_SRL_SLICE                                                       |                                 breeze_ilaltlib_v1_0_0_all_typeA_slice_124 |          4 |          0 |       0 |    4 |     0 |      0 |      0 |    0 |          0 |
|                   I_WHOLE_SLICE.G_SLICE_IDX[1].U_ALL_SRL_SLICE                                                       |                                 breeze_ilaltlib_v1_0_0_all_typeA_slice_125 |          4 |          0 |       0 |    4 |     0 |      0 |      0 |    0 |          0 |
|                   I_WHOLE_SLICE.G_SLICE_IDX[2].U_ALL_SRL_SLICE                                                       |                                 breeze_ilaltlib_v1_0_0_all_typeA_slice_126 |          4 |          0 |       0 |    4 |     0 |      0 |      0 |    0 |          0 |
|                   I_WHOLE_SLICE.G_SLICE_IDX[3].U_ALL_SRL_SLICE                                                       |                                 breeze_ilaltlib_v1_0_0_all_typeA_slice_127 |          4 |          0 |       0 |    4 |     0 |      0 |      0 |    0 |          0 |
|                   I_WHOLE_SLICE.G_SLICE_IDX[4].U_ALL_SRL_SLICE                                                       |                                 breeze_ilaltlib_v1_0_0_all_typeA_slice_128 |          4 |          0 |       0 |    4 |     0 |      0 |      0 |    0 |          0 |
|                   I_WHOLE_SLICE.G_SLICE_IDX[5].U_ALL_SRL_SLICE                                                       |                                 breeze_ilaltlib_v1_0_0_all_typeA_slice_129 |          4 |          0 |       0 |    4 |     0 |      0 |      0 |    0 |          0 |
|                   I_WHOLE_SLICE.G_SLICE_IDX[6].U_ALL_SRL_SLICE                                                       |                                 breeze_ilaltlib_v1_0_0_all_typeA_slice_130 |          4 |          0 |       0 |    4 |     0 |      0 |      0 |    0 |          0 |
|                   I_WHOLE_SLICE.G_SLICE_IDX[7].U_ALL_SRL_SLICE                                                       |                 breeze_ilaltlib_v1_0_0_all_typeA_slice__parameterized0_131 |          4 |          0 |       0 |    4 |     1 |      0 |      0 |    0 |          0 |
|             N_DDR_MODE.G_NMU[26].U_M                                                                                 |                               breeze_ilaltlib_v1_0_0_match__parameterized6 |          5 |          0 |       0 |    5 |     8 |      0 |      0 |    0 |          0 |
|               (N_DDR_MODE.G_NMU[26].U_M)                                                                             |                               breeze_ilaltlib_v1_0_0_match__parameterized6 |          0 |          0 |       0 |    0 |     1 |      0 |      0 |    0 |          0 |
|               allx_typeA_match_detection.ltlib_v1_0_0_allx_typeA_inst                                                |                          breeze_ilaltlib_v1_0_0_allx_typeA__parameterized6 |          5 |          0 |       0 |    5 |     7 |      0 |      0 |    0 |          0 |
|                 (allx_typeA_match_detection.ltlib_v1_0_0_allx_typeA_inst)                                            |                          breeze_ilaltlib_v1_0_0_allx_typeA__parameterized6 |          0 |          0 |       0 |    0 |     6 |      0 |      0 |    0 |          0 |
|                 DUT                                                                                                  |                       breeze_ilaltlib_v1_0_0_all_typeA__parameterized0_120 |          5 |          0 |       0 |    5 |     1 |      0 |      0 |    0 |          0 |
|                   (DUT)                                                                                              |                       breeze_ilaltlib_v1_0_0_all_typeA__parameterized0_120 |          1 |          0 |       0 |    1 |     0 |      0 |      0 |    0 |          0 |
|                   I_WHOLE_SLICE.G_SLICE_IDX[0].U_ALL_SRL_SLICE                                                       |                 breeze_ilaltlib_v1_0_0_all_typeA_slice__parameterized0_121 |          4 |          0 |       0 |    4 |     1 |      0 |      0 |    0 |          0 |
|             N_DDR_MODE.G_NMU[27].U_M                                                                                 |                           breeze_ilaltlib_v1_0_0_match__parameterized0__12 |          5 |          0 |       0 |    5 |     4 |      0 |      0 |    0 |          0 |
|               (N_DDR_MODE.G_NMU[27].U_M)                                                                             |                           breeze_ilaltlib_v1_0_0_match__parameterized0__12 |          0 |          0 |       0 |    0 |     1 |      0 |      0 |    0 |          0 |
|               allx_typeA_match_detection.ltlib_v1_0_0_allx_typeA_inst                                                |                      breeze_ilaltlib_v1_0_0_allx_typeA__parameterized0_117 |          5 |          0 |       0 |    5 |     3 |      0 |      0 |    0 |          0 |
|                 (allx_typeA_match_detection.ltlib_v1_0_0_allx_typeA_inst)                                            |                      breeze_ilaltlib_v1_0_0_allx_typeA__parameterized0_117 |          0 |          0 |       0 |    0 |     2 |      0 |      0 |    0 |          0 |
|                 DUT                                                                                                  |                       breeze_ilaltlib_v1_0_0_all_typeA__parameterized0_118 |          5 |          0 |       0 |    5 |     1 |      0 |      0 |    0 |          0 |
|                   (DUT)                                                                                              |                       breeze_ilaltlib_v1_0_0_all_typeA__parameterized0_118 |          1 |          0 |       0 |    1 |     0 |      0 |      0 |    0 |          0 |
|                   I_WHOLE_SLICE.G_SLICE_IDX[0].U_ALL_SRL_SLICE                                                       |                 breeze_ilaltlib_v1_0_0_all_typeA_slice__parameterized0_119 |          4 |          0 |       0 |    4 |     1 |      0 |      0 |    0 |          0 |
|             N_DDR_MODE.G_NMU[28].U_M                                                                                 |                           breeze_ilaltlib_v1_0_0_match__parameterized1__10 |         33 |          0 |       0 |   33 |   130 |      0 |      0 |    0 |          0 |
|               (N_DDR_MODE.G_NMU[28].U_M)                                                                             |                           breeze_ilaltlib_v1_0_0_match__parameterized1__10 |          0 |          0 |       0 |    0 |     1 |      0 |      0 |    0 |          0 |
|               allx_typeA_match_detection.ltlib_v1_0_0_allx_typeA_inst                                                |                      breeze_ilaltlib_v1_0_0_allx_typeA__parameterized1_107 |         33 |          0 |       0 |   33 |   129 |      0 |      0 |    0 |          0 |
|                 (allx_typeA_match_detection.ltlib_v1_0_0_allx_typeA_inst)                                            |                      breeze_ilaltlib_v1_0_0_allx_typeA__parameterized1_107 |          0 |          0 |       0 |    0 |   128 |      0 |      0 |    0 |          0 |
|                 DUT                                                                                                  |                       breeze_ilaltlib_v1_0_0_all_typeA__parameterized1_108 |         33 |          0 |       0 |   33 |     1 |      0 |      0 |    0 |          0 |
|                   (DUT)                                                                                              |                       breeze_ilaltlib_v1_0_0_all_typeA__parameterized1_108 |          1 |          0 |       0 |    1 |     0 |      0 |      0 |    0 |          0 |
|                   I_WHOLE_SLICE.G_SLICE_IDX[0].U_ALL_SRL_SLICE                                                       |                                 breeze_ilaltlib_v1_0_0_all_typeA_slice_109 |          4 |          0 |       0 |    4 |     0 |      0 |      0 |    0 |          0 |
|                   I_WHOLE_SLICE.G_SLICE_IDX[1].U_ALL_SRL_SLICE                                                       |                                 breeze_ilaltlib_v1_0_0_all_typeA_slice_110 |          4 |          0 |       0 |    4 |     0 |      0 |      0 |    0 |          0 |
|                   I_WHOLE_SLICE.G_SLICE_IDX[2].U_ALL_SRL_SLICE                                                       |                                 breeze_ilaltlib_v1_0_0_all_typeA_slice_111 |          4 |          0 |       0 |    4 |     0 |      0 |      0 |    0 |          0 |
|                   I_WHOLE_SLICE.G_SLICE_IDX[3].U_ALL_SRL_SLICE                                                       |                                 breeze_ilaltlib_v1_0_0_all_typeA_slice_112 |          4 |          0 |       0 |    4 |     0 |      0 |      0 |    0 |          0 |
|                   I_WHOLE_SLICE.G_SLICE_IDX[4].U_ALL_SRL_SLICE                                                       |                                 breeze_ilaltlib_v1_0_0_all_typeA_slice_113 |          4 |          0 |       0 |    4 |     0 |      0 |      0 |    0 |          0 |
|                   I_WHOLE_SLICE.G_SLICE_IDX[5].U_ALL_SRL_SLICE                                                       |                                 breeze_ilaltlib_v1_0_0_all_typeA_slice_114 |          4 |          0 |       0 |    4 |     0 |      0 |      0 |    0 |          0 |
|                   I_WHOLE_SLICE.G_SLICE_IDX[6].U_ALL_SRL_SLICE                                                       |                                 breeze_ilaltlib_v1_0_0_all_typeA_slice_115 |          4 |          0 |       0 |    4 |     0 |      0 |      0 |    0 |          0 |
|                   I_WHOLE_SLICE.G_SLICE_IDX[7].U_ALL_SRL_SLICE                                                       |                 breeze_ilaltlib_v1_0_0_all_typeA_slice__parameterized0_116 |          4 |          0 |       0 |    4 |     1 |      0 |      0 |    0 |          0 |
|             N_DDR_MODE.G_NMU[29].U_M                                                                                 |                            breeze_ilaltlib_v1_0_0_match__parameterized4__2 |          5 |          0 |       0 |    5 |    18 |      0 |      0 |    0 |          0 |
|               (N_DDR_MODE.G_NMU[29].U_M)                                                                             |                            breeze_ilaltlib_v1_0_0_match__parameterized4__2 |          0 |          0 |       0 |    0 |     1 |      0 |      0 |    0 |          0 |
|               allx_typeA_match_detection.ltlib_v1_0_0_allx_typeA_inst                                                |                      breeze_ilaltlib_v1_0_0_allx_typeA__parameterized4_104 |          5 |          0 |       0 |    5 |    17 |      0 |      0 |    0 |          0 |
|                 (allx_typeA_match_detection.ltlib_v1_0_0_allx_typeA_inst)                                            |                      breeze_ilaltlib_v1_0_0_allx_typeA__parameterized4_104 |          0 |          0 |       0 |    0 |    16 |      0 |      0 |    0 |          0 |
|                 DUT                                                                                                  |                       breeze_ilaltlib_v1_0_0_all_typeA__parameterized0_105 |          5 |          0 |       0 |    5 |     1 |      0 |      0 |    0 |          0 |
|                   (DUT)                                                                                              |                       breeze_ilaltlib_v1_0_0_all_typeA__parameterized0_105 |          1 |          0 |       0 |    1 |     0 |      0 |      0 |    0 |          0 |
|                   I_WHOLE_SLICE.G_SLICE_IDX[0].U_ALL_SRL_SLICE                                                       |                 breeze_ilaltlib_v1_0_0_all_typeA_slice__parameterized0_106 |          4 |          0 |       0 |    4 |     1 |      0 |      0 |    0 |          0 |
|             N_DDR_MODE.G_NMU[2].U_M                                                                                  |                            breeze_ilaltlib_v1_0_0_match__parameterized1__1 |         33 |          0 |       0 |   33 |   130 |      0 |      0 |    0 |          0 |
|               (N_DDR_MODE.G_NMU[2].U_M)                                                                              |                            breeze_ilaltlib_v1_0_0_match__parameterized1__1 |          0 |          0 |       0 |    0 |     1 |      0 |      0 |    0 |          0 |
|               allx_typeA_match_detection.ltlib_v1_0_0_allx_typeA_inst                                                |                      breeze_ilaltlib_v1_0_0_allx_typeA__parameterized1_254 |         33 |          0 |       0 |   33 |   129 |      0 |      0 |    0 |          0 |
|                 (allx_typeA_match_detection.ltlib_v1_0_0_allx_typeA_inst)                                            |                      breeze_ilaltlib_v1_0_0_allx_typeA__parameterized1_254 |          0 |          0 |       0 |    0 |   128 |      0 |      0 |    0 |          0 |
|                 DUT                                                                                                  |                       breeze_ilaltlib_v1_0_0_all_typeA__parameterized1_255 |         33 |          0 |       0 |   33 |     1 |      0 |      0 |    0 |          0 |
|                   (DUT)                                                                                              |                       breeze_ilaltlib_v1_0_0_all_typeA__parameterized1_255 |          1 |          0 |       0 |    1 |     0 |      0 |      0 |    0 |          0 |
|                   I_WHOLE_SLICE.G_SLICE_IDX[0].U_ALL_SRL_SLICE                                                       |                                 breeze_ilaltlib_v1_0_0_all_typeA_slice_256 |          4 |          0 |       0 |    4 |     0 |      0 |      0 |    0 |          0 |
|                   I_WHOLE_SLICE.G_SLICE_IDX[1].U_ALL_SRL_SLICE                                                       |                                 breeze_ilaltlib_v1_0_0_all_typeA_slice_257 |          4 |          0 |       0 |    4 |     0 |      0 |      0 |    0 |          0 |
|                   I_WHOLE_SLICE.G_SLICE_IDX[2].U_ALL_SRL_SLICE                                                       |                                 breeze_ilaltlib_v1_0_0_all_typeA_slice_258 |          4 |          0 |       0 |    4 |     0 |      0 |      0 |    0 |          0 |
|                   I_WHOLE_SLICE.G_SLICE_IDX[3].U_ALL_SRL_SLICE                                                       |                                 breeze_ilaltlib_v1_0_0_all_typeA_slice_259 |          4 |          0 |       0 |    4 |     0 |      0 |      0 |    0 |          0 |
|                   I_WHOLE_SLICE.G_SLICE_IDX[4].U_ALL_SRL_SLICE                                                       |                                 breeze_ilaltlib_v1_0_0_all_typeA_slice_260 |          4 |          0 |       0 |    4 |     0 |      0 |      0 |    0 |          0 |
|                   I_WHOLE_SLICE.G_SLICE_IDX[5].U_ALL_SRL_SLICE                                                       |                                 breeze_ilaltlib_v1_0_0_all_typeA_slice_261 |          4 |          0 |       0 |    4 |     0 |      0 |      0 |    0 |          0 |
|                   I_WHOLE_SLICE.G_SLICE_IDX[6].U_ALL_SRL_SLICE                                                       |                                 breeze_ilaltlib_v1_0_0_all_typeA_slice_262 |          4 |          0 |       0 |    4 |     0 |      0 |      0 |    0 |          0 |
|                   I_WHOLE_SLICE.G_SLICE_IDX[7].U_ALL_SRL_SLICE                                                       |                 breeze_ilaltlib_v1_0_0_all_typeA_slice__parameterized0_263 |          4 |          0 |       0 |    4 |     1 |      0 |      0 |    0 |          0 |
|             N_DDR_MODE.G_NMU[30].U_M                                                                                 |                           breeze_ilaltlib_v1_0_0_match__parameterized0__13 |          5 |          0 |       0 |    5 |     4 |      0 |      0 |    0 |          0 |
|               (N_DDR_MODE.G_NMU[30].U_M)                                                                             |                           breeze_ilaltlib_v1_0_0_match__parameterized0__13 |          0 |          0 |       0 |    0 |     1 |      0 |      0 |    0 |          0 |
|               allx_typeA_match_detection.ltlib_v1_0_0_allx_typeA_inst                                                |                      breeze_ilaltlib_v1_0_0_allx_typeA__parameterized0_101 |          5 |          0 |       0 |    5 |     3 |      0 |      0 |    0 |          0 |
|                 (allx_typeA_match_detection.ltlib_v1_0_0_allx_typeA_inst)                                            |                      breeze_ilaltlib_v1_0_0_allx_typeA__parameterized0_101 |          0 |          0 |       0 |    0 |     2 |      0 |      0 |    0 |          0 |
|                 DUT                                                                                                  |                       breeze_ilaltlib_v1_0_0_all_typeA__parameterized0_102 |          5 |          0 |       0 |    5 |     1 |      0 |      0 |    0 |          0 |
|                   (DUT)                                                                                              |                       breeze_ilaltlib_v1_0_0_all_typeA__parameterized0_102 |          1 |          0 |       0 |    1 |     0 |      0 |      0 |    0 |          0 |
|                   I_WHOLE_SLICE.G_SLICE_IDX[0].U_ALL_SRL_SLICE                                                       |                 breeze_ilaltlib_v1_0_0_all_typeA_slice__parameterized0_103 |          4 |          0 |       0 |    4 |     1 |      0 |      0 |    0 |          0 |
|             N_DDR_MODE.G_NMU[31].U_M                                                                                 |                           breeze_ilaltlib_v1_0_0_match__parameterized0__14 |          5 |          0 |       0 |    5 |     4 |      0 |      0 |    0 |          0 |
|               (N_DDR_MODE.G_NMU[31].U_M)                                                                             |                           breeze_ilaltlib_v1_0_0_match__parameterized0__14 |          0 |          0 |       0 |    0 |     1 |      0 |      0 |    0 |          0 |
|               allx_typeA_match_detection.ltlib_v1_0_0_allx_typeA_inst                                                |                       breeze_ilaltlib_v1_0_0_allx_typeA__parameterized0_98 |          5 |          0 |       0 |    5 |     3 |      0 |      0 |    0 |          0 |
|                 (allx_typeA_match_detection.ltlib_v1_0_0_allx_typeA_inst)                                            |                       breeze_ilaltlib_v1_0_0_allx_typeA__parameterized0_98 |          0 |          0 |       0 |    0 |     2 |      0 |      0 |    0 |          0 |
|                 DUT                                                                                                  |                        breeze_ilaltlib_v1_0_0_all_typeA__parameterized0_99 |          5 |          0 |       0 |    5 |     1 |      0 |      0 |    0 |          0 |
|                   (DUT)                                                                                              |                        breeze_ilaltlib_v1_0_0_all_typeA__parameterized0_99 |          1 |          0 |       0 |    1 |     0 |      0 |      0 |    0 |          0 |
|                   I_WHOLE_SLICE.G_SLICE_IDX[0].U_ALL_SRL_SLICE                                                       |                 breeze_ilaltlib_v1_0_0_all_typeA_slice__parameterized0_100 |          4 |          0 |       0 |    4 |     1 |      0 |      0 |    0 |          0 |
|             N_DDR_MODE.G_NMU[32].U_M                                                                                 |                           breeze_ilaltlib_v1_0_0_match__parameterized0__15 |          5 |          0 |       0 |    5 |     4 |      0 |      0 |    0 |          0 |
|               (N_DDR_MODE.G_NMU[32].U_M)                                                                             |                           breeze_ilaltlib_v1_0_0_match__parameterized0__15 |          0 |          0 |       0 |    0 |     1 |      0 |      0 |    0 |          0 |
|               allx_typeA_match_detection.ltlib_v1_0_0_allx_typeA_inst                                                |                       breeze_ilaltlib_v1_0_0_allx_typeA__parameterized0_95 |          5 |          0 |       0 |    5 |     3 |      0 |      0 |    0 |          0 |
|                 (allx_typeA_match_detection.ltlib_v1_0_0_allx_typeA_inst)                                            |                       breeze_ilaltlib_v1_0_0_allx_typeA__parameterized0_95 |          0 |          0 |       0 |    0 |     2 |      0 |      0 |    0 |          0 |
|                 DUT                                                                                                  |                        breeze_ilaltlib_v1_0_0_all_typeA__parameterized0_96 |          5 |          0 |       0 |    5 |     1 |      0 |      0 |    0 |          0 |
|                   (DUT)                                                                                              |                        breeze_ilaltlib_v1_0_0_all_typeA__parameterized0_96 |          1 |          0 |       0 |    1 |     0 |      0 |      0 |    0 |          0 |
|                   I_WHOLE_SLICE.G_SLICE_IDX[0].U_ALL_SRL_SLICE                                                       |                  breeze_ilaltlib_v1_0_0_all_typeA_slice__parameterized0_97 |          4 |          0 |       0 |    4 |     1 |      0 |      0 |    0 |          0 |
|             N_DDR_MODE.G_NMU[33].U_M                                                                                 |                           breeze_ilaltlib_v1_0_0_match__parameterized0__16 |          5 |          0 |       0 |    5 |     4 |      0 |      0 |    0 |          0 |
|               (N_DDR_MODE.G_NMU[33].U_M)                                                                             |                           breeze_ilaltlib_v1_0_0_match__parameterized0__16 |          0 |          0 |       0 |    0 |     1 |      0 |      0 |    0 |          0 |
|               allx_typeA_match_detection.ltlib_v1_0_0_allx_typeA_inst                                                |                       breeze_ilaltlib_v1_0_0_allx_typeA__parameterized0_92 |          5 |          0 |       0 |    5 |     3 |      0 |      0 |    0 |          0 |
|                 (allx_typeA_match_detection.ltlib_v1_0_0_allx_typeA_inst)                                            |                       breeze_ilaltlib_v1_0_0_allx_typeA__parameterized0_92 |          0 |          0 |       0 |    0 |     2 |      0 |      0 |    0 |          0 |
|                 DUT                                                                                                  |                        breeze_ilaltlib_v1_0_0_all_typeA__parameterized0_93 |          5 |          0 |       0 |    5 |     1 |      0 |      0 |    0 |          0 |
|                   (DUT)                                                                                              |                        breeze_ilaltlib_v1_0_0_all_typeA__parameterized0_93 |          1 |          0 |       0 |    1 |     0 |      0 |      0 |    0 |          0 |
|                   I_WHOLE_SLICE.G_SLICE_IDX[0].U_ALL_SRL_SLICE                                                       |                  breeze_ilaltlib_v1_0_0_all_typeA_slice__parameterized0_94 |          4 |          0 |       0 |    4 |     1 |      0 |      0 |    0 |          0 |
|             N_DDR_MODE.G_NMU[34].U_M                                                                                 |                           breeze_ilaltlib_v1_0_0_match__parameterized1__11 |         33 |          0 |       0 |   33 |   130 |      0 |      0 |    0 |          0 |
|               (N_DDR_MODE.G_NMU[34].U_M)                                                                             |                           breeze_ilaltlib_v1_0_0_match__parameterized1__11 |          0 |          0 |       0 |    0 |     1 |      0 |      0 |    0 |          0 |
|               allx_typeA_match_detection.ltlib_v1_0_0_allx_typeA_inst                                                |                       breeze_ilaltlib_v1_0_0_allx_typeA__parameterized1_82 |         33 |          0 |       0 |   33 |   129 |      0 |      0 |    0 |          0 |
|                 (allx_typeA_match_detection.ltlib_v1_0_0_allx_typeA_inst)                                            |                       breeze_ilaltlib_v1_0_0_allx_typeA__parameterized1_82 |          0 |          0 |       0 |    0 |   128 |      0 |      0 |    0 |          0 |
|                 DUT                                                                                                  |                        breeze_ilaltlib_v1_0_0_all_typeA__parameterized1_83 |         33 |          0 |       0 |   33 |     1 |      0 |      0 |    0 |          0 |
|                   (DUT)                                                                                              |                        breeze_ilaltlib_v1_0_0_all_typeA__parameterized1_83 |          1 |          0 |       0 |    1 |     0 |      0 |      0 |    0 |          0 |
|                   I_WHOLE_SLICE.G_SLICE_IDX[0].U_ALL_SRL_SLICE                                                       |                                  breeze_ilaltlib_v1_0_0_all_typeA_slice_84 |          4 |          0 |       0 |    4 |     0 |      0 |      0 |    0 |          0 |
|                   I_WHOLE_SLICE.G_SLICE_IDX[1].U_ALL_SRL_SLICE                                                       |                                  breeze_ilaltlib_v1_0_0_all_typeA_slice_85 |          4 |          0 |       0 |    4 |     0 |      0 |      0 |    0 |          0 |
|                   I_WHOLE_SLICE.G_SLICE_IDX[2].U_ALL_SRL_SLICE                                                       |                                  breeze_ilaltlib_v1_0_0_all_typeA_slice_86 |          4 |          0 |       0 |    4 |     0 |      0 |      0 |    0 |          0 |
|                   I_WHOLE_SLICE.G_SLICE_IDX[3].U_ALL_SRL_SLICE                                                       |                                  breeze_ilaltlib_v1_0_0_all_typeA_slice_87 |          4 |          0 |       0 |    4 |     0 |      0 |      0 |    0 |          0 |
|                   I_WHOLE_SLICE.G_SLICE_IDX[4].U_ALL_SRL_SLICE                                                       |                                  breeze_ilaltlib_v1_0_0_all_typeA_slice_88 |          4 |          0 |       0 |    4 |     0 |      0 |      0 |    0 |          0 |
|                   I_WHOLE_SLICE.G_SLICE_IDX[5].U_ALL_SRL_SLICE                                                       |                                  breeze_ilaltlib_v1_0_0_all_typeA_slice_89 |          4 |          0 |       0 |    4 |     0 |      0 |      0 |    0 |          0 |
|                   I_WHOLE_SLICE.G_SLICE_IDX[6].U_ALL_SRL_SLICE                                                       |                                  breeze_ilaltlib_v1_0_0_all_typeA_slice_90 |          4 |          0 |       0 |    4 |     0 |      0 |      0 |    0 |          0 |
|                   I_WHOLE_SLICE.G_SLICE_IDX[7].U_ALL_SRL_SLICE                                                       |                  breeze_ilaltlib_v1_0_0_all_typeA_slice__parameterized0_91 |          4 |          0 |       0 |    4 |     1 |      0 |      0 |    0 |          0 |
|             N_DDR_MODE.G_NMU[35].U_M                                                                                 |                           breeze_ilaltlib_v1_0_0_match__parameterized0__17 |          5 |          0 |       0 |    5 |     4 |      0 |      0 |    0 |          0 |
|               (N_DDR_MODE.G_NMU[35].U_M)                                                                             |                           breeze_ilaltlib_v1_0_0_match__parameterized0__17 |          0 |          0 |       0 |    0 |     1 |      0 |      0 |    0 |          0 |
|               allx_typeA_match_detection.ltlib_v1_0_0_allx_typeA_inst                                                |                       breeze_ilaltlib_v1_0_0_allx_typeA__parameterized0_79 |          5 |          0 |       0 |    5 |     3 |      0 |      0 |    0 |          0 |
|                 (allx_typeA_match_detection.ltlib_v1_0_0_allx_typeA_inst)                                            |                       breeze_ilaltlib_v1_0_0_allx_typeA__parameterized0_79 |          0 |          0 |       0 |    0 |     2 |      0 |      0 |    0 |          0 |
|                 DUT                                                                                                  |                        breeze_ilaltlib_v1_0_0_all_typeA__parameterized0_80 |          5 |          0 |       0 |    5 |     1 |      0 |      0 |    0 |          0 |
|                   (DUT)                                                                                              |                        breeze_ilaltlib_v1_0_0_all_typeA__parameterized0_80 |          1 |          0 |       0 |    1 |     0 |      0 |      0 |    0 |          0 |
|                   I_WHOLE_SLICE.G_SLICE_IDX[0].U_ALL_SRL_SLICE                                                       |                  breeze_ilaltlib_v1_0_0_all_typeA_slice__parameterized0_81 |          4 |          0 |       0 |    4 |     1 |      0 |      0 |    0 |          0 |
|             N_DDR_MODE.G_NMU[36].U_M                                                                                 |                            breeze_ilaltlib_v1_0_0_match__parameterized2__4 |         17 |          0 |       0 |   17 |    66 |      0 |      0 |    0 |          0 |
|               (N_DDR_MODE.G_NMU[36].U_M)                                                                             |                            breeze_ilaltlib_v1_0_0_match__parameterized2__4 |          0 |          0 |       0 |    0 |     1 |      0 |      0 |    0 |          0 |
|               allx_typeA_match_detection.ltlib_v1_0_0_allx_typeA_inst                                                |                       breeze_ilaltlib_v1_0_0_allx_typeA__parameterized2_73 |         17 |          0 |       0 |   17 |    65 |      0 |      0 |    0 |          0 |
|                 (allx_typeA_match_detection.ltlib_v1_0_0_allx_typeA_inst)                                            |                       breeze_ilaltlib_v1_0_0_allx_typeA__parameterized2_73 |          0 |          0 |       0 |    0 |    64 |      0 |      0 |    0 |          0 |
|                 DUT                                                                                                  |                        breeze_ilaltlib_v1_0_0_all_typeA__parameterized2_74 |         17 |          0 |       0 |   17 |     1 |      0 |      0 |    0 |          0 |
|                   (DUT)                                                                                              |                        breeze_ilaltlib_v1_0_0_all_typeA__parameterized2_74 |          1 |          0 |       0 |    1 |     0 |      0 |      0 |    0 |          0 |
|                   I_WHOLE_SLICE.G_SLICE_IDX[0].U_ALL_SRL_SLICE                                                       |                                  breeze_ilaltlib_v1_0_0_all_typeA_slice_75 |          4 |          0 |       0 |    4 |     0 |      0 |      0 |    0 |          0 |
|                   I_WHOLE_SLICE.G_SLICE_IDX[1].U_ALL_SRL_SLICE                                                       |                                  breeze_ilaltlib_v1_0_0_all_typeA_slice_76 |          4 |          0 |       0 |    4 |     0 |      0 |      0 |    0 |          0 |
|                   I_WHOLE_SLICE.G_SLICE_IDX[2].U_ALL_SRL_SLICE                                                       |                                  breeze_ilaltlib_v1_0_0_all_typeA_slice_77 |          4 |          0 |       0 |    4 |     0 |      0 |      0 |    0 |          0 |
|                   I_WHOLE_SLICE.G_SLICE_IDX[3].U_ALL_SRL_SLICE                                                       |                  breeze_ilaltlib_v1_0_0_all_typeA_slice__parameterized0_78 |          4 |          0 |       0 |    4 |     1 |      0 |      0 |    0 |          0 |
|             N_DDR_MODE.G_NMU[37].U_M                                                                                 |                           breeze_ilaltlib_v1_0_0_match__parameterized0__18 |          5 |          0 |       0 |    5 |     4 |      0 |      0 |    0 |          0 |
|               (N_DDR_MODE.G_NMU[37].U_M)                                                                             |                           breeze_ilaltlib_v1_0_0_match__parameterized0__18 |          0 |          0 |       0 |    0 |     1 |      0 |      0 |    0 |          0 |
|               allx_typeA_match_detection.ltlib_v1_0_0_allx_typeA_inst                                                |                       breeze_ilaltlib_v1_0_0_allx_typeA__parameterized0_70 |          5 |          0 |       0 |    5 |     3 |      0 |      0 |    0 |          0 |
|                 (allx_typeA_match_detection.ltlib_v1_0_0_allx_typeA_inst)                                            |                       breeze_ilaltlib_v1_0_0_allx_typeA__parameterized0_70 |          0 |          0 |       0 |    0 |     2 |      0 |      0 |    0 |          0 |
|                 DUT                                                                                                  |                        breeze_ilaltlib_v1_0_0_all_typeA__parameterized0_71 |          5 |          0 |       0 |    5 |     1 |      0 |      0 |    0 |          0 |
|                   (DUT)                                                                                              |                        breeze_ilaltlib_v1_0_0_all_typeA__parameterized0_71 |          1 |          0 |       0 |    1 |     0 |      0 |      0 |    0 |          0 |
|                   I_WHOLE_SLICE.G_SLICE_IDX[0].U_ALL_SRL_SLICE                                                       |                  breeze_ilaltlib_v1_0_0_all_typeA_slice__parameterized0_72 |          4 |          0 |       0 |    4 |     1 |      0 |      0 |    0 |          0 |
|             N_DDR_MODE.G_NMU[38].U_M                                                                                 |                           breeze_ilaltlib_v1_0_0_match__parameterized0__19 |          5 |          0 |       0 |    5 |     4 |      0 |      0 |    0 |          0 |
|               (N_DDR_MODE.G_NMU[38].U_M)                                                                             |                           breeze_ilaltlib_v1_0_0_match__parameterized0__19 |          0 |          0 |       0 |    0 |     1 |      0 |      0 |    0 |          0 |
|               allx_typeA_match_detection.ltlib_v1_0_0_allx_typeA_inst                                                |                       breeze_ilaltlib_v1_0_0_allx_typeA__parameterized0_67 |          5 |          0 |       0 |    5 |     3 |      0 |      0 |    0 |          0 |
|                 (allx_typeA_match_detection.ltlib_v1_0_0_allx_typeA_inst)                                            |                       breeze_ilaltlib_v1_0_0_allx_typeA__parameterized0_67 |          0 |          0 |       0 |    0 |     2 |      0 |      0 |    0 |          0 |
|                 DUT                                                                                                  |                        breeze_ilaltlib_v1_0_0_all_typeA__parameterized0_68 |          5 |          0 |       0 |    5 |     1 |      0 |      0 |    0 |          0 |
|                   (DUT)                                                                                              |                        breeze_ilaltlib_v1_0_0_all_typeA__parameterized0_68 |          1 |          0 |       0 |    1 |     0 |      0 |      0 |    0 |          0 |
|                   I_WHOLE_SLICE.G_SLICE_IDX[0].U_ALL_SRL_SLICE                                                       |                  breeze_ilaltlib_v1_0_0_all_typeA_slice__parameterized0_69 |          4 |          0 |       0 |    4 |     1 |      0 |      0 |    0 |          0 |
|             N_DDR_MODE.G_NMU[39].U_M                                                                                 |                           breeze_ilaltlib_v1_0_0_match__parameterized0__20 |          5 |          0 |       0 |    5 |     4 |      0 |      0 |    0 |          0 |
|               (N_DDR_MODE.G_NMU[39].U_M)                                                                             |                           breeze_ilaltlib_v1_0_0_match__parameterized0__20 |          0 |          0 |       0 |    0 |     1 |      0 |      0 |    0 |          0 |
|               allx_typeA_match_detection.ltlib_v1_0_0_allx_typeA_inst                                                |                       breeze_ilaltlib_v1_0_0_allx_typeA__parameterized0_64 |          5 |          0 |       0 |    5 |     3 |      0 |      0 |    0 |          0 |
|                 (allx_typeA_match_detection.ltlib_v1_0_0_allx_typeA_inst)                                            |                       breeze_ilaltlib_v1_0_0_allx_typeA__parameterized0_64 |          0 |          0 |       0 |    0 |     2 |      0 |      0 |    0 |          0 |
|                 DUT                                                                                                  |                        breeze_ilaltlib_v1_0_0_all_typeA__parameterized0_65 |          5 |          0 |       0 |    5 |     1 |      0 |      0 |    0 |          0 |
|                   (DUT)                                                                                              |                        breeze_ilaltlib_v1_0_0_all_typeA__parameterized0_65 |          1 |          0 |       0 |    1 |     0 |      0 |      0 |    0 |          0 |
|                   I_WHOLE_SLICE.G_SLICE_IDX[0].U_ALL_SRL_SLICE                                                       |                  breeze_ilaltlib_v1_0_0_all_typeA_slice__parameterized0_66 |          4 |          0 |       0 |    4 |     1 |      0 |      0 |    0 |          0 |
|             N_DDR_MODE.G_NMU[3].U_M                                                                                  |                            breeze_ilaltlib_v1_0_0_match__parameterized2__1 |         17 |          0 |       0 |   17 |    66 |      0 |      0 |    0 |          0 |
|               (N_DDR_MODE.G_NMU[3].U_M)                                                                              |                            breeze_ilaltlib_v1_0_0_match__parameterized2__1 |          0 |          0 |       0 |    0 |     1 |      0 |      0 |    0 |          0 |
|               allx_typeA_match_detection.ltlib_v1_0_0_allx_typeA_inst                                                |                      breeze_ilaltlib_v1_0_0_allx_typeA__parameterized2_248 |         17 |          0 |       0 |   17 |    65 |      0 |      0 |    0 |          0 |
|                 (allx_typeA_match_detection.ltlib_v1_0_0_allx_typeA_inst)                                            |                      breeze_ilaltlib_v1_0_0_allx_typeA__parameterized2_248 |          0 |          0 |       0 |    0 |    64 |      0 |      0 |    0 |          0 |
|                 DUT                                                                                                  |                       breeze_ilaltlib_v1_0_0_all_typeA__parameterized2_249 |         17 |          0 |       0 |   17 |     1 |      0 |      0 |    0 |          0 |
|                   (DUT)                                                                                              |                       breeze_ilaltlib_v1_0_0_all_typeA__parameterized2_249 |          1 |          0 |       0 |    1 |     0 |      0 |      0 |    0 |          0 |
|                   I_WHOLE_SLICE.G_SLICE_IDX[0].U_ALL_SRL_SLICE                                                       |                                 breeze_ilaltlib_v1_0_0_all_typeA_slice_250 |          4 |          0 |       0 |    4 |     0 |      0 |      0 |    0 |          0 |
|                   I_WHOLE_SLICE.G_SLICE_IDX[1].U_ALL_SRL_SLICE                                                       |                                 breeze_ilaltlib_v1_0_0_all_typeA_slice_251 |          4 |          0 |       0 |    4 |     0 |      0 |      0 |    0 |          0 |
|                   I_WHOLE_SLICE.G_SLICE_IDX[2].U_ALL_SRL_SLICE                                                       |                                 breeze_ilaltlib_v1_0_0_all_typeA_slice_252 |          4 |          0 |       0 |    4 |     0 |      0 |      0 |    0 |          0 |
|                   I_WHOLE_SLICE.G_SLICE_IDX[3].U_ALL_SRL_SLICE                                                       |                 breeze_ilaltlib_v1_0_0_all_typeA_slice__parameterized0_253 |          4 |          0 |       0 |    4 |     1 |      0 |      0 |    0 |          0 |
|             N_DDR_MODE.G_NMU[40].U_M                                                                                 |                           breeze_ilaltlib_v1_0_0_match__parameterized0__21 |          5 |          0 |       0 |    5 |     4 |      0 |      0 |    0 |          0 |
|               (N_DDR_MODE.G_NMU[40].U_M)                                                                             |                           breeze_ilaltlib_v1_0_0_match__parameterized0__21 |          0 |          0 |       0 |    0 |     1 |      0 |      0 |    0 |          0 |
|               allx_typeA_match_detection.ltlib_v1_0_0_allx_typeA_inst                                                |                       breeze_ilaltlib_v1_0_0_allx_typeA__parameterized0_61 |          5 |          0 |       0 |    5 |     3 |      0 |      0 |    0 |          0 |
|                 (allx_typeA_match_detection.ltlib_v1_0_0_allx_typeA_inst)                                            |                       breeze_ilaltlib_v1_0_0_allx_typeA__parameterized0_61 |          0 |          0 |       0 |    0 |     2 |      0 |      0 |    0 |          0 |
|                 DUT                                                                                                  |                        breeze_ilaltlib_v1_0_0_all_typeA__parameterized0_62 |          5 |          0 |       0 |    5 |     1 |      0 |      0 |    0 |          0 |
|                   (DUT)                                                                                              |                        breeze_ilaltlib_v1_0_0_all_typeA__parameterized0_62 |          1 |          0 |       0 |    1 |     0 |      0 |      0 |    0 |          0 |
|                   I_WHOLE_SLICE.G_SLICE_IDX[0].U_ALL_SRL_SLICE                                                       |                  breeze_ilaltlib_v1_0_0_all_typeA_slice__parameterized0_63 |          4 |          0 |       0 |    4 |     1 |      0 |      0 |    0 |          0 |
|             N_DDR_MODE.G_NMU[41].U_M                                                                                 |                           breeze_ilaltlib_v1_0_0_match__parameterized0__22 |          5 |          0 |       0 |    5 |     4 |      0 |      0 |    0 |          0 |
|               (N_DDR_MODE.G_NMU[41].U_M)                                                                             |                           breeze_ilaltlib_v1_0_0_match__parameterized0__22 |          0 |          0 |       0 |    0 |     1 |      0 |      0 |    0 |          0 |
|               allx_typeA_match_detection.ltlib_v1_0_0_allx_typeA_inst                                                |                       breeze_ilaltlib_v1_0_0_allx_typeA__parameterized0_58 |          5 |          0 |       0 |    5 |     3 |      0 |      0 |    0 |          0 |
|                 (allx_typeA_match_detection.ltlib_v1_0_0_allx_typeA_inst)                                            |                       breeze_ilaltlib_v1_0_0_allx_typeA__parameterized0_58 |          0 |          0 |       0 |    0 |     2 |      0 |      0 |    0 |          0 |
|                 DUT                                                                                                  |                        breeze_ilaltlib_v1_0_0_all_typeA__parameterized0_59 |          5 |          0 |       0 |    5 |     1 |      0 |      0 |    0 |          0 |
|                   (DUT)                                                                                              |                        breeze_ilaltlib_v1_0_0_all_typeA__parameterized0_59 |          1 |          0 |       0 |    1 |     0 |      0 |      0 |    0 |          0 |
|                   I_WHOLE_SLICE.G_SLICE_IDX[0].U_ALL_SRL_SLICE                                                       |                  breeze_ilaltlib_v1_0_0_all_typeA_slice__parameterized0_60 |          4 |          0 |       0 |    4 |     1 |      0 |      0 |    0 |          0 |
|             N_DDR_MODE.G_NMU[42].U_M                                                                                 |                            breeze_ilaltlib_v1_0_0_match__parameterized4__3 |          5 |          0 |       0 |    5 |    18 |      0 |      0 |    0 |          0 |
|               (N_DDR_MODE.G_NMU[42].U_M)                                                                             |                            breeze_ilaltlib_v1_0_0_match__parameterized4__3 |          0 |          0 |       0 |    0 |     1 |      0 |      0 |    0 |          0 |
|               allx_typeA_match_detection.ltlib_v1_0_0_allx_typeA_inst                                                |                       breeze_ilaltlib_v1_0_0_allx_typeA__parameterized4_55 |          5 |          0 |       0 |    5 |    17 |      0 |      0 |    0 |          0 |
|                 (allx_typeA_match_detection.ltlib_v1_0_0_allx_typeA_inst)                                            |                       breeze_ilaltlib_v1_0_0_allx_typeA__parameterized4_55 |          0 |          0 |       0 |    0 |    16 |      0 |      0 |    0 |          0 |
|                 DUT                                                                                                  |                        breeze_ilaltlib_v1_0_0_all_typeA__parameterized0_56 |          5 |          0 |       0 |    5 |     1 |      0 |      0 |    0 |          0 |
|                   (DUT)                                                                                              |                        breeze_ilaltlib_v1_0_0_all_typeA__parameterized0_56 |          1 |          0 |       0 |    1 |     0 |      0 |      0 |    0 |          0 |
|                   I_WHOLE_SLICE.G_SLICE_IDX[0].U_ALL_SRL_SLICE                                                       |                  breeze_ilaltlib_v1_0_0_all_typeA_slice__parameterized0_57 |          4 |          0 |       0 |    4 |     1 |      0 |      0 |    0 |          0 |
|             N_DDR_MODE.G_NMU[43].U_M                                                                                 |                           breeze_ilaltlib_v1_0_0_match__parameterized1__12 |         33 |          0 |       0 |   33 |   130 |      0 |      0 |    0 |          0 |
|               (N_DDR_MODE.G_NMU[43].U_M)                                                                             |                           breeze_ilaltlib_v1_0_0_match__parameterized1__12 |          0 |          0 |       0 |    0 |     1 |      0 |      0 |    0 |          0 |
|               allx_typeA_match_detection.ltlib_v1_0_0_allx_typeA_inst                                                |                       breeze_ilaltlib_v1_0_0_allx_typeA__parameterized1_45 |         33 |          0 |       0 |   33 |   129 |      0 |      0 |    0 |          0 |
|                 (allx_typeA_match_detection.ltlib_v1_0_0_allx_typeA_inst)                                            |                       breeze_ilaltlib_v1_0_0_allx_typeA__parameterized1_45 |          0 |          0 |       0 |    0 |   128 |      0 |      0 |    0 |          0 |
|                 DUT                                                                                                  |                        breeze_ilaltlib_v1_0_0_all_typeA__parameterized1_46 |         33 |          0 |       0 |   33 |     1 |      0 |      0 |    0 |          0 |
|                   (DUT)                                                                                              |                        breeze_ilaltlib_v1_0_0_all_typeA__parameterized1_46 |          1 |          0 |       0 |    1 |     0 |      0 |      0 |    0 |          0 |
|                   I_WHOLE_SLICE.G_SLICE_IDX[0].U_ALL_SRL_SLICE                                                       |                                  breeze_ilaltlib_v1_0_0_all_typeA_slice_47 |          4 |          0 |       0 |    4 |     0 |      0 |      0 |    0 |          0 |
|                   I_WHOLE_SLICE.G_SLICE_IDX[1].U_ALL_SRL_SLICE                                                       |                                  breeze_ilaltlib_v1_0_0_all_typeA_slice_48 |          4 |          0 |       0 |    4 |     0 |      0 |      0 |    0 |          0 |
|                   I_WHOLE_SLICE.G_SLICE_IDX[2].U_ALL_SRL_SLICE                                                       |                                  breeze_ilaltlib_v1_0_0_all_typeA_slice_49 |          4 |          0 |       0 |    4 |     0 |      0 |      0 |    0 |          0 |
|                   I_WHOLE_SLICE.G_SLICE_IDX[3].U_ALL_SRL_SLICE                                                       |                                  breeze_ilaltlib_v1_0_0_all_typeA_slice_50 |          4 |          0 |       0 |    4 |     0 |      0 |      0 |    0 |          0 |
|                   I_WHOLE_SLICE.G_SLICE_IDX[4].U_ALL_SRL_SLICE                                                       |                                  breeze_ilaltlib_v1_0_0_all_typeA_slice_51 |          4 |          0 |       0 |    4 |     0 |      0 |      0 |    0 |          0 |
|                   I_WHOLE_SLICE.G_SLICE_IDX[5].U_ALL_SRL_SLICE                                                       |                                  breeze_ilaltlib_v1_0_0_all_typeA_slice_52 |          4 |          0 |       0 |    4 |     0 |      0 |      0 |    0 |          0 |
|                   I_WHOLE_SLICE.G_SLICE_IDX[6].U_ALL_SRL_SLICE                                                       |                                  breeze_ilaltlib_v1_0_0_all_typeA_slice_53 |          4 |          0 |       0 |    4 |     0 |      0 |      0 |    0 |          0 |
|                   I_WHOLE_SLICE.G_SLICE_IDX[7].U_ALL_SRL_SLICE                                                       |                  breeze_ilaltlib_v1_0_0_all_typeA_slice__parameterized0_54 |          4 |          0 |       0 |    4 |     1 |      0 |      0 |    0 |          0 |
|             N_DDR_MODE.G_NMU[44].U_M                                                                                 |                           breeze_ilaltlib_v1_0_0_match__parameterized1__13 |         33 |          0 |       0 |   33 |   130 |      0 |      0 |    0 |          0 |
|               (N_DDR_MODE.G_NMU[44].U_M)                                                                             |                           breeze_ilaltlib_v1_0_0_match__parameterized1__13 |          0 |          0 |       0 |    0 |     1 |      0 |      0 |    0 |          0 |
|               allx_typeA_match_detection.ltlib_v1_0_0_allx_typeA_inst                                                |                       breeze_ilaltlib_v1_0_0_allx_typeA__parameterized1_35 |         33 |          0 |       0 |   33 |   129 |      0 |      0 |    0 |          0 |
|                 (allx_typeA_match_detection.ltlib_v1_0_0_allx_typeA_inst)                                            |                       breeze_ilaltlib_v1_0_0_allx_typeA__parameterized1_35 |          0 |          0 |       0 |    0 |   128 |      0 |      0 |    0 |          0 |
|                 DUT                                                                                                  |                        breeze_ilaltlib_v1_0_0_all_typeA__parameterized1_36 |         33 |          0 |       0 |   33 |     1 |      0 |      0 |    0 |          0 |
|                   (DUT)                                                                                              |                        breeze_ilaltlib_v1_0_0_all_typeA__parameterized1_36 |          1 |          0 |       0 |    1 |     0 |      0 |      0 |    0 |          0 |
|                   I_WHOLE_SLICE.G_SLICE_IDX[0].U_ALL_SRL_SLICE                                                       |                                  breeze_ilaltlib_v1_0_0_all_typeA_slice_37 |          4 |          0 |       0 |    4 |     0 |      0 |      0 |    0 |          0 |
|                   I_WHOLE_SLICE.G_SLICE_IDX[1].U_ALL_SRL_SLICE                                                       |                                  breeze_ilaltlib_v1_0_0_all_typeA_slice_38 |          4 |          0 |       0 |    4 |     0 |      0 |      0 |    0 |          0 |
|                   I_WHOLE_SLICE.G_SLICE_IDX[2].U_ALL_SRL_SLICE                                                       |                                  breeze_ilaltlib_v1_0_0_all_typeA_slice_39 |          4 |          0 |       0 |    4 |     0 |      0 |      0 |    0 |          0 |
|                   I_WHOLE_SLICE.G_SLICE_IDX[3].U_ALL_SRL_SLICE                                                       |                                  breeze_ilaltlib_v1_0_0_all_typeA_slice_40 |          4 |          0 |       0 |    4 |     0 |      0 |      0 |    0 |          0 |
|                   I_WHOLE_SLICE.G_SLICE_IDX[4].U_ALL_SRL_SLICE                                                       |                                  breeze_ilaltlib_v1_0_0_all_typeA_slice_41 |          4 |          0 |       0 |    4 |     0 |      0 |      0 |    0 |          0 |
|                   I_WHOLE_SLICE.G_SLICE_IDX[5].U_ALL_SRL_SLICE                                                       |                                  breeze_ilaltlib_v1_0_0_all_typeA_slice_42 |          4 |          0 |       0 |    4 |     0 |      0 |      0 |    0 |          0 |
|                   I_WHOLE_SLICE.G_SLICE_IDX[6].U_ALL_SRL_SLICE                                                       |                                  breeze_ilaltlib_v1_0_0_all_typeA_slice_43 |          4 |          0 |       0 |    4 |     0 |      0 |      0 |    0 |          0 |
|                   I_WHOLE_SLICE.G_SLICE_IDX[7].U_ALL_SRL_SLICE                                                       |                  breeze_ilaltlib_v1_0_0_all_typeA_slice__parameterized0_44 |          4 |          0 |       0 |    4 |     1 |      0 |      0 |    0 |          0 |
|             N_DDR_MODE.G_NMU[45].U_M                                                                                 |                               breeze_ilaltlib_v1_0_0_match__parameterized2 |         17 |          0 |       0 |   17 |    66 |      0 |      0 |    0 |          0 |
|               (N_DDR_MODE.G_NMU[45].U_M)                                                                             |                               breeze_ilaltlib_v1_0_0_match__parameterized2 |          0 |          0 |       0 |    0 |     1 |      0 |      0 |    0 |          0 |
|               allx_typeA_match_detection.ltlib_v1_0_0_allx_typeA_inst                                                |                          breeze_ilaltlib_v1_0_0_allx_typeA__parameterized2 |         17 |          0 |       0 |   17 |    65 |      0 |      0 |    0 |          0 |
|                 (allx_typeA_match_detection.ltlib_v1_0_0_allx_typeA_inst)                                            |                          breeze_ilaltlib_v1_0_0_allx_typeA__parameterized2 |          0 |          0 |       0 |    0 |    64 |      0 |      0 |    0 |          0 |
|                 DUT                                                                                                  |                           breeze_ilaltlib_v1_0_0_all_typeA__parameterized2 |         17 |          0 |       0 |   17 |     1 |      0 |      0 |    0 |          0 |
|                   (DUT)                                                                                              |                           breeze_ilaltlib_v1_0_0_all_typeA__parameterized2 |          1 |          0 |       0 |    1 |     0 |      0 |      0 |    0 |          0 |
|                   I_WHOLE_SLICE.G_SLICE_IDX[0].U_ALL_SRL_SLICE                                                       |                                  breeze_ilaltlib_v1_0_0_all_typeA_slice_31 |          4 |          0 |       0 |    4 |     0 |      0 |      0 |    0 |          0 |
|                   I_WHOLE_SLICE.G_SLICE_IDX[1].U_ALL_SRL_SLICE                                                       |                                  breeze_ilaltlib_v1_0_0_all_typeA_slice_32 |          4 |          0 |       0 |    4 |     0 |      0 |      0 |    0 |          0 |
|                   I_WHOLE_SLICE.G_SLICE_IDX[2].U_ALL_SRL_SLICE                                                       |                                  breeze_ilaltlib_v1_0_0_all_typeA_slice_33 |          4 |          0 |       0 |    4 |     0 |      0 |      0 |    0 |          0 |
|                   I_WHOLE_SLICE.G_SLICE_IDX[3].U_ALL_SRL_SLICE                                                       |                  breeze_ilaltlib_v1_0_0_all_typeA_slice__parameterized0_34 |          4 |          0 |       0 |    4 |     1 |      0 |      0 |    0 |          0 |
|             N_DDR_MODE.G_NMU[46].U_M                                                                                 |                           breeze_ilaltlib_v1_0_0_match__parameterized0__23 |          5 |          0 |       0 |    5 |     4 |      0 |      0 |    0 |          0 |
|               (N_DDR_MODE.G_NMU[46].U_M)                                                                             |                           breeze_ilaltlib_v1_0_0_match__parameterized0__23 |          0 |          0 |       0 |    0 |     1 |      0 |      0 |    0 |          0 |
|               allx_typeA_match_detection.ltlib_v1_0_0_allx_typeA_inst                                                |                       breeze_ilaltlib_v1_0_0_allx_typeA__parameterized0_28 |          5 |          0 |       0 |    5 |     3 |      0 |      0 |    0 |          0 |
|                 (allx_typeA_match_detection.ltlib_v1_0_0_allx_typeA_inst)                                            |                       breeze_ilaltlib_v1_0_0_allx_typeA__parameterized0_28 |          0 |          0 |       0 |    0 |     2 |      0 |      0 |    0 |          0 |
|                 DUT                                                                                                  |                        breeze_ilaltlib_v1_0_0_all_typeA__parameterized0_29 |          5 |          0 |       0 |    5 |     1 |      0 |      0 |    0 |          0 |
|                   (DUT)                                                                                              |                        breeze_ilaltlib_v1_0_0_all_typeA__parameterized0_29 |          1 |          0 |       0 |    1 |     0 |      0 |      0 |    0 |          0 |
|                   I_WHOLE_SLICE.G_SLICE_IDX[0].U_ALL_SRL_SLICE                                                       |                  breeze_ilaltlib_v1_0_0_all_typeA_slice__parameterized0_30 |          4 |          0 |       0 |    4 |     1 |      0 |      0 |    0 |          0 |
|             N_DDR_MODE.G_NMU[47].U_M                                                                                 |                           breeze_ilaltlib_v1_0_0_match__parameterized0__24 |          5 |          0 |       0 |    5 |     4 |      0 |      0 |    0 |          0 |
|               (N_DDR_MODE.G_NMU[47].U_M)                                                                             |                           breeze_ilaltlib_v1_0_0_match__parameterized0__24 |          0 |          0 |       0 |    0 |     1 |      0 |      0 |    0 |          0 |
|               allx_typeA_match_detection.ltlib_v1_0_0_allx_typeA_inst                                                |                       breeze_ilaltlib_v1_0_0_allx_typeA__parameterized0_25 |          5 |          0 |       0 |    5 |     3 |      0 |      0 |    0 |          0 |
|                 (allx_typeA_match_detection.ltlib_v1_0_0_allx_typeA_inst)                                            |                       breeze_ilaltlib_v1_0_0_allx_typeA__parameterized0_25 |          0 |          0 |       0 |    0 |     2 |      0 |      0 |    0 |          0 |
|                 DUT                                                                                                  |                        breeze_ilaltlib_v1_0_0_all_typeA__parameterized0_26 |          5 |          0 |       0 |    5 |     1 |      0 |      0 |    0 |          0 |
|                   (DUT)                                                                                              |                        breeze_ilaltlib_v1_0_0_all_typeA__parameterized0_26 |          1 |          0 |       0 |    1 |     0 |      0 |      0 |    0 |          0 |
|                   I_WHOLE_SLICE.G_SLICE_IDX[0].U_ALL_SRL_SLICE                                                       |                  breeze_ilaltlib_v1_0_0_all_typeA_slice__parameterized0_27 |          4 |          0 |       0 |    4 |     1 |      0 |      0 |    0 |          0 |
|             N_DDR_MODE.G_NMU[48].U_M                                                                                 |                           breeze_ilaltlib_v1_0_0_match__parameterized0__25 |          5 |          0 |       0 |    5 |     4 |      0 |      0 |    0 |          0 |
|               (N_DDR_MODE.G_NMU[48].U_M)                                                                             |                           breeze_ilaltlib_v1_0_0_match__parameterized0__25 |          0 |          0 |       0 |    0 |     1 |      0 |      0 |    0 |          0 |
|               allx_typeA_match_detection.ltlib_v1_0_0_allx_typeA_inst                                                |                       breeze_ilaltlib_v1_0_0_allx_typeA__parameterized0_22 |          5 |          0 |       0 |    5 |     3 |      0 |      0 |    0 |          0 |
|                 (allx_typeA_match_detection.ltlib_v1_0_0_allx_typeA_inst)                                            |                       breeze_ilaltlib_v1_0_0_allx_typeA__parameterized0_22 |          0 |          0 |       0 |    0 |     2 |      0 |      0 |    0 |          0 |
|                 DUT                                                                                                  |                        breeze_ilaltlib_v1_0_0_all_typeA__parameterized0_23 |          5 |          0 |       0 |    5 |     1 |      0 |      0 |    0 |          0 |
|                   (DUT)                                                                                              |                        breeze_ilaltlib_v1_0_0_all_typeA__parameterized0_23 |          1 |          0 |       0 |    1 |     0 |      0 |      0 |    0 |          0 |
|                   I_WHOLE_SLICE.G_SLICE_IDX[0].U_ALL_SRL_SLICE                                                       |                  breeze_ilaltlib_v1_0_0_all_typeA_slice__parameterized0_24 |          4 |          0 |       0 |    4 |     1 |      0 |      0 |    0 |          0 |
|             N_DDR_MODE.G_NMU[49].U_M                                                                                 |                           breeze_ilaltlib_v1_0_0_match__parameterized0__26 |          5 |          0 |       0 |    5 |     4 |      0 |      0 |    0 |          0 |
|               (N_DDR_MODE.G_NMU[49].U_M)                                                                             |                           breeze_ilaltlib_v1_0_0_match__parameterized0__26 |          0 |          0 |       0 |    0 |     1 |      0 |      0 |    0 |          0 |
|               allx_typeA_match_detection.ltlib_v1_0_0_allx_typeA_inst                                                |                       breeze_ilaltlib_v1_0_0_allx_typeA__parameterized0_19 |          5 |          0 |       0 |    5 |     3 |      0 |      0 |    0 |          0 |
|                 (allx_typeA_match_detection.ltlib_v1_0_0_allx_typeA_inst)                                            |                       breeze_ilaltlib_v1_0_0_allx_typeA__parameterized0_19 |          0 |          0 |       0 |    0 |     2 |      0 |      0 |    0 |          0 |
|                 DUT                                                                                                  |                        breeze_ilaltlib_v1_0_0_all_typeA__parameterized0_20 |          5 |          0 |       0 |    5 |     1 |      0 |      0 |    0 |          0 |
|                   (DUT)                                                                                              |                        breeze_ilaltlib_v1_0_0_all_typeA__parameterized0_20 |          1 |          0 |       0 |    1 |     0 |      0 |      0 |    0 |          0 |
|                   I_WHOLE_SLICE.G_SLICE_IDX[0].U_ALL_SRL_SLICE                                                       |                  breeze_ilaltlib_v1_0_0_all_typeA_slice__parameterized0_21 |          4 |          0 |       0 |    4 |     1 |      0 |      0 |    0 |          0 |
|             N_DDR_MODE.G_NMU[4].U_M                                                                                  |                            breeze_ilaltlib_v1_0_0_match__parameterized1__2 |         33 |          0 |       0 |   33 |   130 |      0 |      0 |    0 |          0 |
|               (N_DDR_MODE.G_NMU[4].U_M)                                                                              |                            breeze_ilaltlib_v1_0_0_match__parameterized1__2 |          0 |          0 |       0 |    0 |     1 |      0 |      0 |    0 |          0 |
|               allx_typeA_match_detection.ltlib_v1_0_0_allx_typeA_inst                                                |                      breeze_ilaltlib_v1_0_0_allx_typeA__parameterized1_238 |         33 |          0 |       0 |   33 |   129 |      0 |      0 |    0 |          0 |
|                 (allx_typeA_match_detection.ltlib_v1_0_0_allx_typeA_inst)                                            |                      breeze_ilaltlib_v1_0_0_allx_typeA__parameterized1_238 |          0 |          0 |       0 |    0 |   128 |      0 |      0 |    0 |          0 |
|                 DUT                                                                                                  |                       breeze_ilaltlib_v1_0_0_all_typeA__parameterized1_239 |         33 |          0 |       0 |   33 |     1 |      0 |      0 |    0 |          0 |
|                   (DUT)                                                                                              |                       breeze_ilaltlib_v1_0_0_all_typeA__parameterized1_239 |          1 |          0 |       0 |    1 |     0 |      0 |      0 |    0 |          0 |
|                   I_WHOLE_SLICE.G_SLICE_IDX[0].U_ALL_SRL_SLICE                                                       |                                 breeze_ilaltlib_v1_0_0_all_typeA_slice_240 |          4 |          0 |       0 |    4 |     0 |      0 |      0 |    0 |          0 |
|                   I_WHOLE_SLICE.G_SLICE_IDX[1].U_ALL_SRL_SLICE                                                       |                                 breeze_ilaltlib_v1_0_0_all_typeA_slice_241 |          4 |          0 |       0 |    4 |     0 |      0 |      0 |    0 |          0 |
|                   I_WHOLE_SLICE.G_SLICE_IDX[2].U_ALL_SRL_SLICE                                                       |                                 breeze_ilaltlib_v1_0_0_all_typeA_slice_242 |          4 |          0 |       0 |    4 |     0 |      0 |      0 |    0 |          0 |
|                   I_WHOLE_SLICE.G_SLICE_IDX[3].U_ALL_SRL_SLICE                                                       |                                 breeze_ilaltlib_v1_0_0_all_typeA_slice_243 |          4 |          0 |       0 |    4 |     0 |      0 |      0 |    0 |          0 |
|                   I_WHOLE_SLICE.G_SLICE_IDX[4].U_ALL_SRL_SLICE                                                       |                                 breeze_ilaltlib_v1_0_0_all_typeA_slice_244 |          4 |          0 |       0 |    4 |     0 |      0 |      0 |    0 |          0 |
|                   I_WHOLE_SLICE.G_SLICE_IDX[5].U_ALL_SRL_SLICE                                                       |                                 breeze_ilaltlib_v1_0_0_all_typeA_slice_245 |          4 |          0 |       0 |    4 |     0 |      0 |      0 |    0 |          0 |
|                   I_WHOLE_SLICE.G_SLICE_IDX[6].U_ALL_SRL_SLICE                                                       |                                 breeze_ilaltlib_v1_0_0_all_typeA_slice_246 |          4 |          0 |       0 |    4 |     0 |      0 |      0 |    0 |          0 |
|                   I_WHOLE_SLICE.G_SLICE_IDX[7].U_ALL_SRL_SLICE                                                       |                 breeze_ilaltlib_v1_0_0_all_typeA_slice__parameterized0_247 |          4 |          0 |       0 |    4 |     1 |      0 |      0 |    0 |          0 |
|             N_DDR_MODE.G_NMU[50].U_M                                                                                 |                               breeze_ilaltlib_v1_0_0_match__parameterized0 |          5 |          0 |       0 |    5 |     4 |      0 |      0 |    0 |          0 |
|               (N_DDR_MODE.G_NMU[50].U_M)                                                                             |                               breeze_ilaltlib_v1_0_0_match__parameterized0 |          0 |          0 |       0 |    0 |     1 |      0 |      0 |    0 |          0 |
|               allx_typeA_match_detection.ltlib_v1_0_0_allx_typeA_inst                                                |                          breeze_ilaltlib_v1_0_0_allx_typeA__parameterized0 |          5 |          0 |       0 |    5 |     3 |      0 |      0 |    0 |          0 |
|                 (allx_typeA_match_detection.ltlib_v1_0_0_allx_typeA_inst)                                            |                          breeze_ilaltlib_v1_0_0_allx_typeA__parameterized0 |          0 |          0 |       0 |    0 |     2 |      0 |      0 |    0 |          0 |
|                 DUT                                                                                                  |                        breeze_ilaltlib_v1_0_0_all_typeA__parameterized0_17 |          5 |          0 |       0 |    5 |     1 |      0 |      0 |    0 |          0 |
|                   (DUT)                                                                                              |                        breeze_ilaltlib_v1_0_0_all_typeA__parameterized0_17 |          1 |          0 |       0 |    1 |     0 |      0 |      0 |    0 |          0 |
|                   I_WHOLE_SLICE.G_SLICE_IDX[0].U_ALL_SRL_SLICE                                                       |                  breeze_ilaltlib_v1_0_0_all_typeA_slice__parameterized0_18 |          4 |          0 |       0 |    4 |     1 |      0 |      0 |    0 |          0 |
|             N_DDR_MODE.G_NMU[51].U_M                                                                                 |                               breeze_ilaltlib_v1_0_0_match__parameterized4 |          5 |          0 |       0 |    5 |    18 |      0 |      0 |    0 |          0 |
|               (N_DDR_MODE.G_NMU[51].U_M)                                                                             |                               breeze_ilaltlib_v1_0_0_match__parameterized4 |          0 |          0 |       0 |    0 |     1 |      0 |      0 |    0 |          0 |
|               allx_typeA_match_detection.ltlib_v1_0_0_allx_typeA_inst                                                |                          breeze_ilaltlib_v1_0_0_allx_typeA__parameterized4 |          5 |          0 |       0 |    5 |    17 |      0 |      0 |    0 |          0 |
|                 (allx_typeA_match_detection.ltlib_v1_0_0_allx_typeA_inst)                                            |                          breeze_ilaltlib_v1_0_0_allx_typeA__parameterized4 |          0 |          0 |       0 |    0 |    16 |      0 |      0 |    0 |          0 |
|                 DUT                                                                                                  |                           breeze_ilaltlib_v1_0_0_all_typeA__parameterized0 |          5 |          0 |       0 |    5 |     1 |      0 |      0 |    0 |          0 |
|                   (DUT)                                                                                              |                           breeze_ilaltlib_v1_0_0_all_typeA__parameterized0 |          1 |          0 |       0 |    1 |     0 |      0 |      0 |    0 |          0 |
|                   I_WHOLE_SLICE.G_SLICE_IDX[0].U_ALL_SRL_SLICE                                                       |                  breeze_ilaltlib_v1_0_0_all_typeA_slice__parameterized0_16 |          4 |          0 |       0 |    4 |     1 |      0 |      0 |    0 |          0 |
|             N_DDR_MODE.G_NMU[52].U_M                                                                                 |                           breeze_ilaltlib_v1_0_0_match__parameterized1__14 |         33 |          0 |       0 |   33 |   130 |      0 |      0 |    0 |          0 |
|               (N_DDR_MODE.G_NMU[52].U_M)                                                                             |                           breeze_ilaltlib_v1_0_0_match__parameterized1__14 |          0 |          0 |       0 |    0 |     1 |      0 |      0 |    0 |          0 |
|               allx_typeA_match_detection.ltlib_v1_0_0_allx_typeA_inst                                                |                        breeze_ilaltlib_v1_0_0_allx_typeA__parameterized1_6 |         33 |          0 |       0 |   33 |   129 |      0 |      0 |    0 |          0 |
|                 (allx_typeA_match_detection.ltlib_v1_0_0_allx_typeA_inst)                                            |                        breeze_ilaltlib_v1_0_0_allx_typeA__parameterized1_6 |          0 |          0 |       0 |    0 |   128 |      0 |      0 |    0 |          0 |
|                 DUT                                                                                                  |                         breeze_ilaltlib_v1_0_0_all_typeA__parameterized1_7 |         33 |          0 |       0 |   33 |     1 |      0 |      0 |    0 |          0 |
|                   (DUT)                                                                                              |                         breeze_ilaltlib_v1_0_0_all_typeA__parameterized1_7 |          1 |          0 |       0 |    1 |     0 |      0 |      0 |    0 |          0 |
|                   I_WHOLE_SLICE.G_SLICE_IDX[0].U_ALL_SRL_SLICE                                                       |                                   breeze_ilaltlib_v1_0_0_all_typeA_slice_8 |          4 |          0 |       0 |    4 |     0 |      0 |      0 |    0 |          0 |
|                   I_WHOLE_SLICE.G_SLICE_IDX[1].U_ALL_SRL_SLICE                                                       |                                   breeze_ilaltlib_v1_0_0_all_typeA_slice_9 |          4 |          0 |       0 |    4 |     0 |      0 |      0 |    0 |          0 |
|                   I_WHOLE_SLICE.G_SLICE_IDX[2].U_ALL_SRL_SLICE                                                       |                                  breeze_ilaltlib_v1_0_0_all_typeA_slice_10 |          4 |          0 |       0 |    4 |     0 |      0 |      0 |    0 |          0 |
|                   I_WHOLE_SLICE.G_SLICE_IDX[3].U_ALL_SRL_SLICE                                                       |                                  breeze_ilaltlib_v1_0_0_all_typeA_slice_11 |          4 |          0 |       0 |    4 |     0 |      0 |      0 |    0 |          0 |
|                   I_WHOLE_SLICE.G_SLICE_IDX[4].U_ALL_SRL_SLICE                                                       |                                  breeze_ilaltlib_v1_0_0_all_typeA_slice_12 |          4 |          0 |       0 |    4 |     0 |      0 |      0 |    0 |          0 |
|                   I_WHOLE_SLICE.G_SLICE_IDX[5].U_ALL_SRL_SLICE                                                       |                                  breeze_ilaltlib_v1_0_0_all_typeA_slice_13 |          4 |          0 |       0 |    4 |     0 |      0 |      0 |    0 |          0 |
|                   I_WHOLE_SLICE.G_SLICE_IDX[6].U_ALL_SRL_SLICE                                                       |                                  breeze_ilaltlib_v1_0_0_all_typeA_slice_14 |          4 |          0 |       0 |    4 |     0 |      0 |      0 |    0 |          0 |
|                   I_WHOLE_SLICE.G_SLICE_IDX[7].U_ALL_SRL_SLICE                                                       |                  breeze_ilaltlib_v1_0_0_all_typeA_slice__parameterized0_15 |          4 |          0 |       0 |    4 |     1 |      0 |      0 |    0 |          0 |
|             N_DDR_MODE.G_NMU[53].U_M                                                                                 |                               breeze_ilaltlib_v1_0_0_match__parameterized1 |         33 |          0 |       0 |   33 |   130 |      0 |      0 |    0 |          0 |
|               (N_DDR_MODE.G_NMU[53].U_M)                                                                             |                               breeze_ilaltlib_v1_0_0_match__parameterized1 |          0 |          0 |       0 |    0 |     1 |      0 |      0 |    0 |          0 |
|               allx_typeA_match_detection.ltlib_v1_0_0_allx_typeA_inst                                                |                          breeze_ilaltlib_v1_0_0_allx_typeA__parameterized1 |         33 |          0 |       0 |   33 |   129 |      0 |      0 |    0 |          0 |
|                 (allx_typeA_match_detection.ltlib_v1_0_0_allx_typeA_inst)                                            |                          breeze_ilaltlib_v1_0_0_allx_typeA__parameterized1 |          0 |          0 |       0 |    0 |   128 |      0 |      0 |    0 |          0 |
|                 DUT                                                                                                  |                           breeze_ilaltlib_v1_0_0_all_typeA__parameterized1 |         33 |          0 |       0 |   33 |     1 |      0 |      0 |    0 |          0 |
|                   (DUT)                                                                                              |                           breeze_ilaltlib_v1_0_0_all_typeA__parameterized1 |          1 |          0 |       0 |    1 |     0 |      0 |      0 |    0 |          0 |
|                   I_WHOLE_SLICE.G_SLICE_IDX[0].U_ALL_SRL_SLICE                                                       |                                     breeze_ilaltlib_v1_0_0_all_typeA_slice |          4 |          0 |       0 |    4 |     0 |      0 |      0 |    0 |          0 |
|                   I_WHOLE_SLICE.G_SLICE_IDX[1].U_ALL_SRL_SLICE                                                       |                                   breeze_ilaltlib_v1_0_0_all_typeA_slice_0 |          4 |          0 |       0 |    4 |     0 |      0 |      0 |    0 |          0 |
|                   I_WHOLE_SLICE.G_SLICE_IDX[2].U_ALL_SRL_SLICE                                                       |                                   breeze_ilaltlib_v1_0_0_all_typeA_slice_1 |          4 |          0 |       0 |    4 |     0 |      0 |      0 |    0 |          0 |
|                   I_WHOLE_SLICE.G_SLICE_IDX[3].U_ALL_SRL_SLICE                                                       |                                   breeze_ilaltlib_v1_0_0_all_typeA_slice_2 |          4 |          0 |       0 |    4 |     0 |      0 |      0 |    0 |          0 |
|                   I_WHOLE_SLICE.G_SLICE_IDX[4].U_ALL_SRL_SLICE                                                       |                                   breeze_ilaltlib_v1_0_0_all_typeA_slice_3 |          4 |          0 |       0 |    4 |     0 |      0 |      0 |    0 |          0 |
|                   I_WHOLE_SLICE.G_SLICE_IDX[5].U_ALL_SRL_SLICE                                                       |                                   breeze_ilaltlib_v1_0_0_all_typeA_slice_4 |          4 |          0 |       0 |    4 |     0 |      0 |      0 |    0 |          0 |
|                   I_WHOLE_SLICE.G_SLICE_IDX[6].U_ALL_SRL_SLICE                                                       |                                   breeze_ilaltlib_v1_0_0_all_typeA_slice_5 |          4 |          0 |       0 |    4 |     0 |      0 |      0 |    0 |          0 |
|                   I_WHOLE_SLICE.G_SLICE_IDX[7].U_ALL_SRL_SLICE                                                       |                     breeze_ilaltlib_v1_0_0_all_typeA_slice__parameterized0 |          4 |          0 |       0 |    4 |     1 |      0 |      0 |    0 |          0 |
|             N_DDR_MODE.G_NMU[5].U_M                                                                                  |                            breeze_ilaltlib_v1_0_0_match__parameterized0__3 |          5 |          0 |       0 |    5 |     4 |      0 |      0 |    0 |          0 |
|               (N_DDR_MODE.G_NMU[5].U_M)                                                                              |                            breeze_ilaltlib_v1_0_0_match__parameterized0__3 |          0 |          0 |       0 |    0 |     1 |      0 |      0 |    0 |          0 |
|               allx_typeA_match_detection.ltlib_v1_0_0_allx_typeA_inst                                                |                      breeze_ilaltlib_v1_0_0_allx_typeA__parameterized0_235 |          5 |          0 |       0 |    5 |     3 |      0 |      0 |    0 |          0 |
|                 (allx_typeA_match_detection.ltlib_v1_0_0_allx_typeA_inst)                                            |                      breeze_ilaltlib_v1_0_0_allx_typeA__parameterized0_235 |          0 |          0 |       0 |    0 |     2 |      0 |      0 |    0 |          0 |
|                 DUT                                                                                                  |                       breeze_ilaltlib_v1_0_0_all_typeA__parameterized0_236 |          5 |          0 |       0 |    5 |     1 |      0 |      0 |    0 |          0 |
|                   (DUT)                                                                                              |                       breeze_ilaltlib_v1_0_0_all_typeA__parameterized0_236 |          1 |          0 |       0 |    1 |     0 |      0 |      0 |    0 |          0 |
|                   I_WHOLE_SLICE.G_SLICE_IDX[0].U_ALL_SRL_SLICE                                                       |                 breeze_ilaltlib_v1_0_0_all_typeA_slice__parameterized0_237 |          4 |          0 |       0 |    4 |     1 |      0 |      0 |    0 |          0 |
|             N_DDR_MODE.G_NMU[6].U_M                                                                                  |                            breeze_ilaltlib_v1_0_0_match__parameterized0__4 |          5 |          0 |       0 |    5 |     4 |      0 |      0 |    0 |          0 |
|               (N_DDR_MODE.G_NMU[6].U_M)                                                                              |                            breeze_ilaltlib_v1_0_0_match__parameterized0__4 |          0 |          0 |       0 |    0 |     1 |      0 |      0 |    0 |          0 |
|               allx_typeA_match_detection.ltlib_v1_0_0_allx_typeA_inst                                                |                      breeze_ilaltlib_v1_0_0_allx_typeA__parameterized0_232 |          5 |          0 |       0 |    5 |     3 |      0 |      0 |    0 |          0 |
|                 (allx_typeA_match_detection.ltlib_v1_0_0_allx_typeA_inst)                                            |                      breeze_ilaltlib_v1_0_0_allx_typeA__parameterized0_232 |          0 |          0 |       0 |    0 |     2 |      0 |      0 |    0 |          0 |
|                 DUT                                                                                                  |                       breeze_ilaltlib_v1_0_0_all_typeA__parameterized0_233 |          5 |          0 |       0 |    5 |     1 |      0 |      0 |    0 |          0 |
|                   (DUT)                                                                                              |                       breeze_ilaltlib_v1_0_0_all_typeA__parameterized0_233 |          1 |          0 |       0 |    1 |     0 |      0 |      0 |    0 |          0 |
|                   I_WHOLE_SLICE.G_SLICE_IDX[0].U_ALL_SRL_SLICE                                                       |                 breeze_ilaltlib_v1_0_0_all_typeA_slice__parameterized0_234 |          4 |          0 |       0 |    4 |     1 |      0 |      0 |    0 |          0 |
|             N_DDR_MODE.G_NMU[7].U_M                                                                                  |                               breeze_ilaltlib_v1_0_0_match__parameterized3 |          5 |          0 |       0 |    5 |    12 |      0 |      0 |    0 |          0 |
|               (N_DDR_MODE.G_NMU[7].U_M)                                                                              |                               breeze_ilaltlib_v1_0_0_match__parameterized3 |          0 |          0 |       0 |    0 |     1 |      0 |      0 |    0 |          0 |
|               allx_typeA_match_detection.ltlib_v1_0_0_allx_typeA_inst                                                |                          breeze_ilaltlib_v1_0_0_allx_typeA__parameterized3 |          5 |          0 |       0 |    5 |    11 |      0 |      0 |    0 |          0 |
|                 (allx_typeA_match_detection.ltlib_v1_0_0_allx_typeA_inst)                                            |                          breeze_ilaltlib_v1_0_0_allx_typeA__parameterized3 |          0 |          0 |       0 |    0 |    10 |      0 |      0 |    0 |          0 |
|                 DUT                                                                                                  |                       breeze_ilaltlib_v1_0_0_all_typeA__parameterized0_230 |          5 |          0 |       0 |    5 |     1 |      0 |      0 |    0 |          0 |
|                   (DUT)                                                                                              |                       breeze_ilaltlib_v1_0_0_all_typeA__parameterized0_230 |          1 |          0 |       0 |    1 |     0 |      0 |      0 |    0 |          0 |
|                   I_WHOLE_SLICE.G_SLICE_IDX[0].U_ALL_SRL_SLICE                                                       |                 breeze_ilaltlib_v1_0_0_all_typeA_slice__parameterized0_231 |          4 |          0 |       0 |    4 |     1 |      0 |      0 |    0 |          0 |
|             N_DDR_MODE.G_NMU[8].U_M                                                                                  |                            breeze_ilaltlib_v1_0_0_match__parameterized1__3 |         33 |          0 |       0 |   33 |   130 |      0 |      0 |    0 |          0 |
|               (N_DDR_MODE.G_NMU[8].U_M)                                                                              |                            breeze_ilaltlib_v1_0_0_match__parameterized1__3 |          0 |          0 |       0 |    0 |     1 |      0 |      0 |    0 |          0 |
|               allx_typeA_match_detection.ltlib_v1_0_0_allx_typeA_inst                                                |                      breeze_ilaltlib_v1_0_0_allx_typeA__parameterized1_220 |         33 |          0 |       0 |   33 |   129 |      0 |      0 |    0 |          0 |
|                 (allx_typeA_match_detection.ltlib_v1_0_0_allx_typeA_inst)                                            |                      breeze_ilaltlib_v1_0_0_allx_typeA__parameterized1_220 |          0 |          0 |       0 |    0 |   128 |      0 |      0 |    0 |          0 |
|                 DUT                                                                                                  |                       breeze_ilaltlib_v1_0_0_all_typeA__parameterized1_221 |         33 |          0 |       0 |   33 |     1 |      0 |      0 |    0 |          0 |
|                   (DUT)                                                                                              |                       breeze_ilaltlib_v1_0_0_all_typeA__parameterized1_221 |          1 |          0 |       0 |    1 |     0 |      0 |      0 |    0 |          0 |
|                   I_WHOLE_SLICE.G_SLICE_IDX[0].U_ALL_SRL_SLICE                                                       |                                 breeze_ilaltlib_v1_0_0_all_typeA_slice_222 |          4 |          0 |       0 |    4 |     0 |      0 |      0 |    0 |          0 |
|                   I_WHOLE_SLICE.G_SLICE_IDX[1].U_ALL_SRL_SLICE                                                       |                                 breeze_ilaltlib_v1_0_0_all_typeA_slice_223 |          4 |          0 |       0 |    4 |     0 |      0 |      0 |    0 |          0 |
|                   I_WHOLE_SLICE.G_SLICE_IDX[2].U_ALL_SRL_SLICE                                                       |                                 breeze_ilaltlib_v1_0_0_all_typeA_slice_224 |          4 |          0 |       0 |    4 |     0 |      0 |      0 |    0 |          0 |
|                   I_WHOLE_SLICE.G_SLICE_IDX[3].U_ALL_SRL_SLICE                                                       |                                 breeze_ilaltlib_v1_0_0_all_typeA_slice_225 |          4 |          0 |       0 |    4 |     0 |      0 |      0 |    0 |          0 |
|                   I_WHOLE_SLICE.G_SLICE_IDX[4].U_ALL_SRL_SLICE                                                       |                                 breeze_ilaltlib_v1_0_0_all_typeA_slice_226 |          4 |          0 |       0 |    4 |     0 |      0 |      0 |    0 |          0 |
|                   I_WHOLE_SLICE.G_SLICE_IDX[5].U_ALL_SRL_SLICE                                                       |                                 breeze_ilaltlib_v1_0_0_all_typeA_slice_227 |          4 |          0 |       0 |    4 |     0 |      0 |      0 |    0 |          0 |
|                   I_WHOLE_SLICE.G_SLICE_IDX[6].U_ALL_SRL_SLICE                                                       |                                 breeze_ilaltlib_v1_0_0_all_typeA_slice_228 |          4 |          0 |       0 |    4 |     0 |      0 |      0 |    0 |          0 |
|                   I_WHOLE_SLICE.G_SLICE_IDX[7].U_ALL_SRL_SLICE                                                       |                 breeze_ilaltlib_v1_0_0_all_typeA_slice__parameterized0_229 |          4 |          0 |       0 |    4 |     1 |      0 |      0 |    0 |          0 |
|             N_DDR_MODE.G_NMU[9].U_M                                                                                  |                            breeze_ilaltlib_v1_0_0_match__parameterized0__5 |          5 |          0 |       0 |    5 |     4 |      0 |      0 |    0 |          0 |
|               (N_DDR_MODE.G_NMU[9].U_M)                                                                              |                            breeze_ilaltlib_v1_0_0_match__parameterized0__5 |          0 |          0 |       0 |    0 |     1 |      0 |      0 |    0 |          0 |
|               allx_typeA_match_detection.ltlib_v1_0_0_allx_typeA_inst                                                |                      breeze_ilaltlib_v1_0_0_allx_typeA__parameterized0_217 |          5 |          0 |       0 |    5 |     3 |      0 |      0 |    0 |          0 |
|                 (allx_typeA_match_detection.ltlib_v1_0_0_allx_typeA_inst)                                            |                      breeze_ilaltlib_v1_0_0_allx_typeA__parameterized0_217 |          0 |          0 |       0 |    0 |     2 |      0 |      0 |    0 |          0 |
|                 DUT                                                                                                  |                       breeze_ilaltlib_v1_0_0_all_typeA__parameterized0_218 |          5 |          0 |       0 |    5 |     1 |      0 |      0 |    0 |          0 |
|                   (DUT)                                                                                              |                       breeze_ilaltlib_v1_0_0_all_typeA__parameterized0_218 |          1 |          0 |       0 |    1 |     0 |      0 |      0 |    0 |          0 |
|                   I_WHOLE_SLICE.G_SLICE_IDX[0].U_ALL_SRL_SLICE                                                       |                 breeze_ilaltlib_v1_0_0_all_typeA_slice__parameterized0_219 |          4 |          0 |       0 |    4 |     1 |      0 |      0 |    0 |          0 |
|         xsdb_memory_read_inst                                                                                        |                                       breeze_ilaltlib_v1_0_0_generic_memrd |        358 |        356 |       0 |    2 |  1237 |      0 |      0 |    0 |          0 |
|   dbg_hub                                                                                                            |                                                                    dbg_hub |        445 |        425 |      20 |    0 |   741 |      0 |      0 |    0 |          0 |
|     (dbg_hub)                                                                                                        |                                                                    dbg_hub |          0 |          0 |       0 |    0 |     0 |      0 |      0 |    0 |          0 |
|     inst                                                                                                             |                                                 dbg_hub_xsdbm_v3_0_0_xsdbm |        445 |        425 |      20 |    0 |   741 |      0 |      0 |    0 |          0 |
|       BSCANID.u_xsdbm_id                                                                                             |                                              dbg_hub_xsdbm_v3_0_0_xsdbm_id |        445 |        425 |      20 |    0 |   741 |      0 |      0 |    0 |          0 |
|         (BSCANID.u_xsdbm_id)                                                                                         |                                              dbg_hub_xsdbm_v3_0_0_xsdbm_id |         33 |         33 |       0 |    0 |    34 |      0 |      0 |    0 |          0 |
|         CORE_XSDB.UUT_MASTER                                                                                         |                                             dbg_hub_xsdbm_v3_0_0_icon2xsdb |        274 |        254 |      20 |    0 |   554 |      0 |      0 |    0 |          0 |
|           U_ICON_INTERFACE                                                                                           |                                                    dbg_hub_xsdbm_v3_0_0_if |        163 |        143 |      20 |    0 |   450 |      0 |      0 |    0 |          0 |
|             (U_ICON_INTERFACE)                                                                                       |                                                    dbg_hub_xsdbm_v3_0_0_if |          6 |          6 |       0 |    0 |    15 |      0 |      0 |    0 |          0 |
|             U_CMD1                                                                                                   |                                               dbg_hub_xsdbm_v3_0_0_ctl_reg |          3 |          3 |       0 |    0 |    10 |      0 |      0 |    0 |          0 |
|             U_CMD2                                                                                                   |                                              dbg_hub_xsdbm_v3_0_0_stat_reg |          5 |          5 |       0 |    0 |    22 |      0 |      0 |    0 |          0 |
|             U_CMD3                                                                                                   |                              dbg_hub_xsdbm_v3_0_0_stat_reg__parameterized0 |          4 |          4 |       0 |    0 |    18 |      0 |      0 |    0 |          0 |
|             U_CMD4                                                                                                   |                               dbg_hub_xsdbm_v3_0_0_ctl_reg__parameterized0 |          9 |          9 |       0 |    0 |    62 |      0 |      0 |    0 |          0 |
|             U_CMD5                                                                                                   |                               dbg_hub_xsdbm_v3_0_0_ctl_reg__parameterized1 |         10 |         10 |       0 |    0 |    42 |      0 |      0 |    0 |          0 |
|             U_CMD6_RD                                                                                                |                                                 dbg_hub_xsdbm_v3_0_0_rdreg |         65 |         55 |      10 |    0 |   134 |      0 |      0 |    0 |          0 |
|               (U_CMD6_RD)                                                                                            |                                                 dbg_hub_xsdbm_v3_0_0_rdreg |          2 |          2 |       0 |    0 |    20 |      0 |      0 |    0 |          0 |
|               U_RD_FIFO                                                                                              |                                                dbg_hub_xsdbm_v3_0_0_rdfifo |         63 |         53 |      10 |    0 |   114 |      0 |      0 |    0 |          0 |
|                 (U_RD_FIFO)                                                                                          |                                                dbg_hub_xsdbm_v3_0_0_rdfifo |         18 |         18 |       0 |    0 |     0 |      0 |      0 |    0 |          0 |
|                 SUBCORE_FIFO.xsdbm_v3_0_0_rdfifo_inst                                                                |                             dbg_hub_fifo_generator_v13_1_4__parameterized0 |         45 |         35 |      10 |    0 |   114 |      0 |      0 |    0 |          0 |
|                   (SUBCORE_FIFO.xsdbm_v3_0_0_rdfifo_inst)                                                            |                             dbg_hub_fifo_generator_v13_1_4__parameterized0 |          0 |          0 |       0 |    0 |     0 |      0 |      0 |    0 |          0 |
|                   inst_fifo_gen                                                                                      |                       dbg_hub_fifo_generator_v13_1_4_synth__parameterized0 |         45 |         35 |      10 |    0 |   114 |      0 |      0 |    0 |          0 |
|                     gconvfifo.rf                                                                                     |                                 dbg_hub_fifo_generator_top__parameterized0 |         45 |         35 |      10 |    0 |   114 |      0 |      0 |    0 |          0 |
|                       grf.rf                                                                                         |                             dbg_hub_fifo_generator_ramfifo__parameterized0 |         45 |         35 |      10 |    0 |   114 |      0 |      0 |    0 |          0 |
|                         gntv_or_sync_fifo.gcx.clkx                                                                   |                                                      dbg_hub_clk_x_pntrs_7 |         13 |         13 |       0 |    0 |    32 |      0 |      0 |    0 |          0 |
|                           (gntv_or_sync_fifo.gcx.clkx)                                                               |                                                      dbg_hub_clk_x_pntrs_7 |         12 |         12 |       0 |    0 |    16 |      0 |      0 |    0 |          0 |
|                           gnxpm_cdc.gsync_stage[1].rd_stg_inst                                                       |                                 dbg_hub_synchronizer_ff__parameterized0_19 |          0 |          0 |       0 |    0 |     4 |      0 |      0 |    0 |          0 |
|                           gnxpm_cdc.gsync_stage[1].wr_stg_inst                                                       |                                 dbg_hub_synchronizer_ff__parameterized0_20 |          0 |          0 |       0 |    0 |     4 |      0 |      0 |    0 |          0 |
|                           gnxpm_cdc.gsync_stage[2].rd_stg_inst                                                       |                                 dbg_hub_synchronizer_ff__parameterized0_21 |          1 |          1 |       0 |    0 |     4 |      0 |      0 |    0 |          0 |
|                           gnxpm_cdc.gsync_stage[2].wr_stg_inst                                                       |                                 dbg_hub_synchronizer_ff__parameterized0_22 |          1 |          1 |       0 |    0 |     4 |      0 |      0 |    0 |          0 |
|                         gntv_or_sync_fifo.gl0.rd                                                                     |                                           dbg_hub_rd_logic__parameterized0 |         15 |         15 |       0 |    0 |    19 |      0 |      0 |    0 |          0 |
|                           gr1.gr1_int.rfwft                                                                          |                                                            dbg_hub_rd_fwft |          7 |          7 |       0 |    0 |     8 |      0 |      0 |    0 |          0 |
|                           gras.rsts                                                                                  |                                              dbg_hub_rd_status_flags_as_17 |          0 |          0 |       0 |    0 |     2 |      0 |      0 |    0 |          0 |
|                           grhf.rhf                                                                                   |                               dbg_hub_rd_handshaking_flags__parameterized0 |          0 |          0 |       0 |    0 |     1 |      0 |      0 |    0 |          0 |
|                           rpntr                                                                                      |                                                     dbg_hub_rd_bin_cntr_18 |          8 |          8 |       0 |    0 |     8 |      0 |      0 |    0 |          0 |
|                         gntv_or_sync_fifo.gl0.wr                                                                     |                                           dbg_hub_wr_logic__parameterized0 |          5 |          5 |       0 |    0 |    15 |      0 |      0 |    0 |          0 |
|                           gwas.wsts                                                                                  |                                              dbg_hub_wr_status_flags_as_14 |          2 |          2 |       0 |    0 |     2 |      0 |      0 |    0 |          0 |
|                           gwhf.whf                                                                                   |                                            dbg_hub_wr_handshaking_flags_15 |          0 |          0 |       0 |    0 |     1 |      0 |      0 |    0 |          0 |
|                           wpntr                                                                                      |                                                     dbg_hub_wr_bin_cntr_16 |          3 |          3 |       0 |    0 |    12 |      0 |      0 |    0 |          0 |
|                         gntv_or_sync_fifo.mem                                                                        |                                             dbg_hub_memory__parameterized0 |         10 |          0 |      10 |    0 |    32 |      0 |      0 |    0 |          0 |
|                           (gntv_or_sync_fifo.mem)                                                                    |                                             dbg_hub_memory__parameterized0 |          0 |          0 |       0 |    0 |    16 |      0 |      0 |    0 |          0 |
|                           gdm.dm_gen.dm                                                                              |                                                            dbg_hub_dmem_13 |         10 |          0 |      10 |    0 |    16 |      0 |      0 |    0 |          0 |
|                         rstblk                                                                                       |                                                dbg_hub_reset_blk_ramfifo_8 |          2 |          2 |       0 |    0 |    16 |      0 |      0 |    0 |          0 |
|                           (rstblk)                                                                                   |                                                dbg_hub_reset_blk_ramfifo_8 |          0 |          0 |       0 |    0 |    12 |      0 |      0 |    0 |          0 |
|                           ngwrdrst.grst.g7serrst.gwrrd_rst_sync_stage[1].rrst_inst                                   |                                                  dbg_hub_synchronizer_ff_9 |          1 |          1 |       0 |    0 |     1 |      0 |      0 |    0 |          0 |
|                           ngwrdrst.grst.g7serrst.gwrrd_rst_sync_stage[1].wrst_inst                                   |                                                 dbg_hub_synchronizer_ff_10 |          1 |          1 |       0 |    0 |     1 |      0 |      0 |    0 |          0 |
|                           ngwrdrst.grst.g7serrst.gwrrd_rst_sync_stage[2].rrst_inst                                   |                                                 dbg_hub_synchronizer_ff_11 |          1 |          1 |       0 |    0 |     1 |      0 |      0 |    0 |          0 |
|                           ngwrdrst.grst.g7serrst.gwrrd_rst_sync_stage[2].wrst_inst                                   |                                                 dbg_hub_synchronizer_ff_12 |          1 |          1 |       0 |    0 |     1 |      0 |      0 |    0 |          0 |
|             U_CMD6_WR                                                                                                |                                                 dbg_hub_xsdbm_v3_0_0_wrreg |         44 |         34 |      10 |    0 |   110 |      0 |      0 |    0 |          0 |
|               (U_CMD6_WR)                                                                                            |                                                 dbg_hub_xsdbm_v3_0_0_wrreg |          2 |          2 |       0 |    0 |    20 |      0 |      0 |    0 |          0 |
|               U_WR_FIFO                                                                                              |                                                dbg_hub_xsdbm_v3_0_0_wrfifo |         42 |         32 |      10 |    0 |    90 |      0 |      0 |    0 |          0 |
|                 (U_WR_FIFO)                                                                                          |                                                dbg_hub_xsdbm_v3_0_0_wrfifo |          2 |          2 |       0 |    0 |     0 |      0 |      0 |    0 |          0 |
|                 SUBCORE_FIFO.xsdbm_v3_0_0_wrfifo_inst                                                                |                                             dbg_hub_fifo_generator_v13_1_4 |         40 |         30 |      10 |    0 |    90 |      0 |      0 |    0 |          0 |
|                   (SUBCORE_FIFO.xsdbm_v3_0_0_wrfifo_inst)                                                            |                                             dbg_hub_fifo_generator_v13_1_4 |          0 |          0 |       0 |    0 |     0 |      0 |      0 |    0 |          0 |
|                   inst_fifo_gen                                                                                      |                                       dbg_hub_fifo_generator_v13_1_4_synth |         40 |         30 |      10 |    0 |    90 |      0 |      0 |    0 |          0 |
|                     gconvfifo.rf                                                                                     |                                                 dbg_hub_fifo_generator_top |         40 |         30 |      10 |    0 |    90 |      0 |      0 |    0 |          0 |
|                       grf.rf                                                                                         |                                             dbg_hub_fifo_generator_ramfifo |         40 |         30 |      10 |    0 |    90 |      0 |      0 |    0 |          0 |
|                         gntv_or_sync_fifo.gcx.clkx                                                                   |                                                        dbg_hub_clk_x_pntrs |         12 |         12 |       0 |    0 |    32 |      0 |      0 |    0 |          0 |
|                           (gntv_or_sync_fifo.gcx.clkx)                                                               |                                                        dbg_hub_clk_x_pntrs |         11 |         11 |       0 |    0 |    16 |      0 |      0 |    0 |          0 |
|                           gnxpm_cdc.gsync_stage[1].rd_stg_inst                                                       |                                    dbg_hub_synchronizer_ff__parameterized0 |          0 |          0 |       0 |    0 |     4 |      0 |      0 |    0 |          0 |
|                           gnxpm_cdc.gsync_stage[1].wr_stg_inst                                                       |                                  dbg_hub_synchronizer_ff__parameterized0_4 |          0 |          0 |       0 |    0 |     4 |      0 |      0 |    0 |          0 |
|                           gnxpm_cdc.gsync_stage[2].rd_stg_inst                                                       |                                  dbg_hub_synchronizer_ff__parameterized0_5 |          1 |          1 |       0 |    0 |     4 |      0 |      0 |    0 |          0 |
|                           gnxpm_cdc.gsync_stage[2].wr_stg_inst                                                       |                                  dbg_hub_synchronizer_ff__parameterized0_6 |          1 |          1 |       0 |    0 |     4 |      0 |      0 |    0 |          0 |
|                         gntv_or_sync_fifo.gl0.rd                                                                     |                                                           dbg_hub_rd_logic |         12 |         12 |       0 |    0 |    11 |      0 |      0 |    0 |          0 |
|                           gras.rsts                                                                                  |                                                 dbg_hub_rd_status_flags_as |          2 |          2 |       0 |    0 |     2 |      0 |      0 |    0 |          0 |
|                           grhf.rhf                                                                                   |                                               dbg_hub_rd_handshaking_flags |          0 |          0 |       0 |    0 |     1 |      0 |      0 |    0 |          0 |
|                           rpntr                                                                                      |                                                        dbg_hub_rd_bin_cntr |         10 |         10 |       0 |    0 |     8 |      0 |      0 |    0 |          0 |
|                         gntv_or_sync_fifo.gl0.wr                                                                     |                                                           dbg_hub_wr_logic |          4 |          4 |       0 |    0 |    15 |      0 |      0 |    0 |          0 |
|                           gwas.wsts                                                                                  |                                                 dbg_hub_wr_status_flags_as |          2 |          2 |       0 |    0 |     2 |      0 |      0 |    0 |          0 |
|                           gwhf.whf                                                                                   |                                               dbg_hub_wr_handshaking_flags |          0 |          0 |       0 |    0 |     1 |      0 |      0 |    0 |          0 |
|                           wpntr                                                                                      |                                                        dbg_hub_wr_bin_cntr |          3 |          3 |       0 |    0 |    12 |      0 |      0 |    0 |          0 |
|                         gntv_or_sync_fifo.mem                                                                        |                                                             dbg_hub_memory |         10 |          0 |      10 |    0 |    16 |      0 |      0 |    0 |          0 |
|                           gdm.dm_gen.dm                                                                              |                                                               dbg_hub_dmem |         10 |          0 |      10 |    0 |    16 |      0 |      0 |    0 |          0 |
|                         rstblk                                                                                       |                                                  dbg_hub_reset_blk_ramfifo |          2 |          2 |       0 |    0 |    16 |      0 |      0 |    0 |          0 |
|                           (rstblk)                                                                                   |                                                  dbg_hub_reset_blk_ramfifo |          0 |          0 |       0 |    0 |    12 |      0 |      0 |    0 |          0 |
|                           ngwrdrst.grst.g7serrst.gwrrd_rst_sync_stage[1].rrst_inst                                   |                                                    dbg_hub_synchronizer_ff |          1 |          1 |       0 |    0 |     1 |      0 |      0 |    0 |          0 |
|                           ngwrdrst.grst.g7serrst.gwrrd_rst_sync_stage[1].wrst_inst                                   |                                                  dbg_hub_synchronizer_ff_1 |          1 |          1 |       0 |    0 |     1 |      0 |      0 |    0 |          0 |
|                           ngwrdrst.grst.g7serrst.gwrrd_rst_sync_stage[2].rrst_inst                                   |                                                  dbg_hub_synchronizer_ff_2 |          1 |          1 |       0 |    0 |     1 |      0 |      0 |    0 |          0 |
|                           ngwrdrst.grst.g7serrst.gwrrd_rst_sync_stage[2].wrst_inst                                   |                                                  dbg_hub_synchronizer_ff_3 |          1 |          1 |       0 |    0 |     1 |      0 |      0 |    0 |          0 |
|             U_CMD7_CTL                                                                                               |                               dbg_hub_xsdbm_v3_0_0_ctl_reg__parameterized2 |          2 |          2 |       0 |    0 |    12 |      0 |      0 |    0 |          0 |
|             U_CMD7_STAT                                                                                              |                            dbg_hub_xsdbm_v3_0_0_stat_reg__parameterized0_0 |          4 |          4 |       0 |    0 |    18 |      0 |      0 |    0 |          0 |
|             U_STATIC_STATUS                                                                                          |                                      dbg_hub_xsdbm_v3_0_0_if_static_status |         11 |         11 |       0 |    0 |     7 |      0 |      0 |    0 |          0 |
|           U_XSDB_ADDRESS_CONTROLLER                                                                                  |                                              dbg_hub_xsdbm_v3_0_0_addr_ctl |         18 |         18 |       0 |    0 |    19 |      0 |      0 |    0 |          0 |
|           U_XSDB_BURST_WD_LEN_CONTROLLER                                                                             |                                       dbg_hub_xsdbm_v3_0_0_burst_wdlen_ctl |         23 |         23 |       0 |    0 |    20 |      0 |      0 |    0 |          0 |
|           U_XSDB_BUS_CONTROLLER                                                                                      |                                               dbg_hub_xsdbm_v3_0_0_bus_ctl |         71 |         71 |       0 |    0 |    48 |      0 |      0 |    0 |          0 |
|             (U_XSDB_BUS_CONTROLLER)                                                                                  |                                               dbg_hub_xsdbm_v3_0_0_bus_ctl |         11 |         11 |       0 |    0 |    37 |      0 |      0 |    0 |          0 |
|             U_RD_ABORT_FLAG                                                                                          |                           dbg_hub_xsdbm_v3_0_0_bus_ctl_flg__parameterized0 |          7 |          7 |       0 |    0 |     1 |      0 |      0 |    0 |          0 |
|             U_RD_REQ_FLAG                                                                                            |                                           dbg_hub_xsdbm_v3_0_0_bus_ctl_flg |          5 |          5 |       0 |    0 |     2 |      0 |      0 |    0 |          0 |
|             U_TIMER                                                                                                  |                                           dbg_hub_xsdbm_v3_0_0_bus_ctl_cnt |         49 |         49 |       0 |    0 |     8 |      0 |      0 |    0 |          0 |
|           U_XSDB_BUS_MSTR2SL_PORT_IFACE                                                                              |                                        dbg_hub_xsdbm_v3_0_0_bus_mstr2sl_if |          0 |          0 |       0 |    0 |    17 |      0 |      0 |    0 |          0 |
|             (U_XSDB_BUS_MSTR2SL_PORT_IFACE)                                                                          |                                        dbg_hub_xsdbm_v3_0_0_bus_mstr2sl_if |          0 |          0 |       0 |    0 |    17 |      0 |      0 |    0 |          0 |
|             U_RD_DIN_BUS_MUX                                                                                         |                                           dbg_hub_ltlib_v1_0_0_generic_mux |          0 |          0 |       0 |    0 |     0 |      0 |      0 |    0 |          0 |
|         CORE_XSDB.U_ICON                                                                                             |                                                  dbg_hub_xsdbm_v3_0_0_icon |         16 |         16 |       0 |    0 |    28 |      0 |      0 |    0 |          0 |
|           (CORE_XSDB.U_ICON)                                                                                         |                                                  dbg_hub_xsdbm_v3_0_0_icon |          1 |          1 |       0 |    0 |     3 |      0 |      0 |    0 |          0 |
|           U_CMD                                                                                                      |                                            dbg_hub_xsdbm_v3_0_0_cmd_decode |          8 |          8 |       0 |    0 |    10 |      0 |      0 |    0 |          0 |
|           U_STAT                                                                                                     |                                                  dbg_hub_xsdbm_v3_0_0_stat |          5 |          5 |       0 |    0 |     7 |      0 |      0 |    0 |          0 |
|           U_SYNC                                                                                                     |                                                  dbg_hub_xsdbm_v3_0_0_sync |          2 |          2 |       0 |    0 |     8 |      0 |      0 |    0 |          0 |
|         SWITCH_N_EXT_BSCAN.bscan_inst                                                                                |                                                 dbg_hub_ltlib_v1_0_0_bscan |          0 |          0 |       0 |    0 |     0 |      0 |      0 |    0 |          0 |
|         SWITCH_N_EXT_BSCAN.bscan_switch                                                                              |                                          dbg_hub_xsdbm_v3_0_0_bscan_switch |        123 |        123 |       0 |    0 |   125 |      0 |      0 |    0 |          0 |
+----------------------------------------------------------------------------------------------------------------------+----------------------------------------------------------------------------+------------+------------+---------+------+-------+--------+--------+------+------------+
* Note: The sum of lower-level cells may be larger than their parent cells total, due to cross-hierarchy LUT combining


