Copyright 1986-2022 Xilinx, Inc. All Rights Reserved.
---------------------------------------------------------------------------------------------------------------------------------------
| Tool Version      : Vivado v.2022.2 (lin64) Build 3671981 Fri Oct 14 04:59:54 MDT 2022
| Date              : Wed Oct  7 16:13:12 2026
| Host              : chen-System-Product-Name running 64-bit Ubuntu 24.04.4 LTS
| Command           : report_timing -max_paths 10 -path_type full -file /home/chen/FUN/flow-r03-evidence/a1/s1/reports/worst-paths.rpt
| Design            : RvvCoprocessor
| Device            : xcku040-ffva1156
| Speed File        : -2  PRODUCTION 1.25 12-04-2018
| Temperature Grade : E
---------------------------------------------------------------------------------------------------------------------------------------

Timing Report

Slack (VIOLATED) :        -1.089ns  (required time - arrival time)
  Source:                 mem/returnBuffer/ram_ext/Memory_reg_0/CLKARDCLK
                            (rising edge-triggered cell RAMB36E2 clocked by rvv_clock  {rise@0.000ns fall@5.000ns period=10.000ns})
  Destination:            sb/writes_0_reg[0]/D
                            (rising edge-triggered cell FDRE clocked by rvv_clock  {rise@0.000ns fall@5.000ns period=10.000ns})
  Path Group:             rvv_clock
  Path Type:              Setup (Max at Slow Process Corner)
  Requirement:            10.000ns  (rvv_clock rise@10.000ns - rvv_clock rise@0.000ns)
  Data Path Delay:        11.113ns  (logic 3.812ns (34.302%)  route 7.301ns (65.698%))
  Logic Levels:           32  (CARRY8=4 LUT2=1 LUT3=2 LUT4=4 LUT5=2 LUT6=13 MUXF7=4 MUXF8=2)
  Clock Uncertainty:      0.035ns  ((TSJ^2 + TIJ^2)^1/2 + DJ) / 2 + PE
    Total System Jitter     (TSJ):    0.071ns
    Total Input Jitter      (TIJ):    0.000ns
    Discrete Jitter          (DJ):    0.000ns
    Phase Error              (PE):    0.000ns

    Location             Delay type                Incr(ns)  Path(ns)    Netlist Resource(s)
  -------------------------------------------------------------------    -------------------
                         (clock rvv_clock rise edge)
                                                      0.000     0.000 r  
                         propagated clock network latency
                                                      0.000     0.000    
                         RAMB36E2                     0.000     0.000 r  mem/returnBuffer/ram_ext/Memory_reg_0/CLKARDCLK
                         RAMB36E2 (Prop_RAMB36E2_CLKARDCLK_DOUTADOUT[13])
                                                      1.216     1.216 r  mem/returnBuffer/ram_ext/Memory_reg_0/DOUTADOUT[13]
                         net (fo=720, unplaced)       0.532     1.748    mem/returnBuffer/ram_ext/_returnBuffer_io_deq_bits_slot[0]
                         LUT6 (Prop_LUT6_I4_O)        0.074     1.822 r  mem/returnBuffer/ram_ext/writes_62[31]_i_114/O
                         net (fo=1, unplaced)         0.000     1.822    mem/returnBuffer/ram_ext/writes_62[31]_i_114_n_0
                         MUXF7 (Prop_MUXF7_I0_O)      0.068     1.890 r  mem/returnBuffer/ram_ext/writes_62_reg[31]_i_51/O
                         net (fo=6, unplaced)         0.286     2.176    mem/returnBuffer/ram_ext/writes_62_reg[31]_i_51_n_0
                         LUT6 (Prop_LUT6_I0_O)        0.132     2.308 r  mem/returnBuffer/ram_ext/io_counters_warStall_0_x[63]_i_9335/O
                         net (fo=128, unplaced)       0.371     2.679    sb/io_counters_warStall_0_x_reg[63]_i_5276[0]
                         MUXF7 (Prop_MUXF7_S_O)       0.103     2.782 f  sb/io_counters_warStall_0_x_reg[63]_i_9005/O
                         net (fo=1, unplaced)         0.000     2.782    sb/io_counters_warStall_0_x_reg[63]_i_9005_n_0
                         MUXF8 (Prop_MUXF8_I1_O)      0.059     2.841 f  sb/io_counters_warStall_0_x_reg[63]_i_8161/O
                         net (fo=1, unplaced)         0.262     3.103    sb/io_counters_warStall_0_x_reg[63]_i_8161_n_0
                         LUT6 (Prop_LUT6_I0_O)        0.136     3.239 f  sb/io_counters_warStall_0_x[63]_i_6769/O
                         net (fo=1, unplaced)         0.000     3.239    mem/returnBuffer/ram_ext/io_counters_warStall_0_x[63]_i_7578_1
                         MUXF7 (Prop_MUXF7_I0_O)      0.068     3.307 f  mem/returnBuffer/ram_ext/io_counters_warStall_0_x_reg[63]_i_5277/O
                         net (fo=166, unplaced)       0.345     3.652    mem/returnBuffer/ram_ext/io_counters_warStall_0_x_reg[63]_i_5277_n_0
                         LUT4 (Prop_LUT4_I3_O)        0.095     3.747 f  mem/returnBuffer/ram_ext/io_counters_warStall_0_x[63]_i_8678/O
                         net (fo=1, unplaced)         0.294     4.041    mem/returnBuffer/ram_ext/io_counters_warStall_0_x[63]_i_8678_n_0
                         CARRY8 (Prop_CARRY8_DI[0]_CO[7])
                                                      0.373     4.414 f  mem/returnBuffer/ram_ext/io_counters_warStall_0_x_reg[63]_i_7644/CO[7]
                         net (fo=1, unplaced)         0.000     4.414    mem/returnBuffer/ram_ext/io_counters_warStall_0_x_reg[63]_i_7644_n_0
                         CARRY8 (Prop_CARRY8_CI_CO[7])
                                                      0.028     4.442 f  mem/returnBuffer/ram_ext/io_counters_warStall_0_x_reg[63]_i_6297/CO[7]
                         net (fo=1, unplaced)         0.000     4.442    mem/returnBuffer/ram_ext/io_counters_warStall_0_x_reg[63]_i_6297_n_0
                         CARRY8 (Prop_CARRY8_CI_CO[7])
                                                      0.028     4.470 f  mem/returnBuffer/ram_ext/io_counters_warStall_0_x_reg[63]_i_4820/CO[7]
                         net (fo=1, unplaced)         0.000     4.470    mem/returnBuffer/ram_ext/io_counters_warStall_0_x_reg[63]_i_4820_n_0
                         CARRY8 (Prop_CARRY8_CI_CO[7])
                                                      0.028     4.498 f  mem/returnBuffer/ram_ext/io_counters_warStall_0_x_reg[63]_i_3452/CO[7]
                         net (fo=64, unplaced)        0.187     4.685    sb/io_counters_wawStall_0_x[63]_i_1018_1[0]
                         LUT6 (Prop_LUT6_I1_O)        0.071     4.756 f  sb/io_counters_warStall_0_x[63]_i_2267/O
                         net (fo=1, unplaced)         0.249     5.005    sb/io_counters_warStall_0_x[63]_i_2267_n_0
                         LUT6 (Prop_LUT6_I5_O)        0.040     5.045 f  sb/io_counters_warStall_0_x[63]_i_1085/O
                         net (fo=1, unplaced)         0.249     5.294    sb/io_counters_warStall_0_x[63]_i_1085_n_0
                         LUT6 (Prop_LUT6_I5_O)        0.040     5.334 f  sb/io_counters_warStall_0_x[63]_i_407/O
                         net (fo=1, unplaced)         0.251     5.585    sb/io_counters_warStall_0_x[63]_i_407_n_0
                         LUT4 (Prop_LUT4_I0_O)        0.132     5.717 f  sb/io_counters_warStall_0_x[63]_i_137/O
                         net (fo=1, unplaced)         0.249     5.966    sb/io_counters_warStall_0_x[63]_i_137_n_0
                         LUT6 (Prop_LUT6_I2_O)        0.040     6.006 f  sb/io_counters_warStall_0_x[63]_i_28/O
                         net (fo=1, unplaced)         0.249     6.255    sb/io_war_11[19]
                         LUT6 (Prop_LUT6_I5_O)        0.040     6.295 f  sb/io_counters_warStall_0_x[63]_i_7/O
                         net (fo=1, unplaced)         0.251     6.546    sb/io_counters_warStall_0_x[63]_i_7_n_0
                         LUT4 (Prop_LUT4_I0_O)        0.132     6.678 f  sb/io_counters_warStall_0_x[63]_i_3/O
                         net (fo=1, unplaced)         0.251     6.929    sb/io_counters_warStall_0_x[63]_i_3_n_0
                         LUT5 (Prop_LUT5_I1_O)        0.132     7.061 f  sb/io_counters_warStall_0_x[63]_i_1/O
                         net (fo=66, unplaced)        0.325     7.386    sb/_sb_io_war_1
                         LUT6 (Prop_LUT6_I5_O)        0.040     7.426 f  sb/io_loadRegisterComplete_valid_INST_0_i_3/O
                         net (fo=10, unplaced)        0.282     7.708    mem/returnBuffer/ram_ext/io_blocked_10
                         LUT6 (Prop_LUT6_I5_O)        0.040     7.748 f  mem/returnBuffer/ram_ext/io_macRead_valid_INST_0_i_27/O
                         net (fo=15, unplaced)        0.292     8.040    mem/returnBuffer/ram_ext/Memory_reg_0_201
                         LUT6 (Prop_LUT6_I5_O)        0.040     8.080 f  mem/returnBuffer/ram_ext/memory_reg_1_i_78/O
                         net (fo=4, unplaced)         0.264     8.344    mem/returnBuffer/ram_ext/operandRow_reg[1]
                         LUT4 (Prop_LUT4_I0_O)        0.132     8.476 r  mem/returnBuffer/ram_ext/io_loadRegisterComplete_valid_INST_0_i_4/O
                         net (fo=6, unplaced)         0.271     8.747    mem/returnBuffer/ram_ext/_vrf_io_write_0_ready
                         LUT3 (Prop_LUT3_I2_O)        0.040     8.787 r  mem/returnBuffer/ram_ext/io_loadRegisterComplete_valid_INST_0_i_1/O
                         net (fo=1078, unplaced)      0.389     9.176    mem/returnBuffer/ram_ext/maybe_full_reg_1
                         LUT2 (Prop_LUT2_I0_O)        0.040     9.216 r  mem/returnBuffer/ram_ext/writes_62[11]_i_39/O
                         net (fo=132, unplaced)       0.372     9.588    sb/_mem_io_progress_1_bits_slot[2]
                         MUXF7 (Prop_MUXF7_S_O)       0.103     9.691 r  sb/writes_62_reg[0]_i_73/O
                         net (fo=1, unplaced)         0.000     9.691    sb/writes_62_reg[0]_i_73_n_0
                         MUXF8 (Prop_MUXF8_I1_O)      0.059     9.750 r  sb/writes_62_reg[0]_i_34/O
                         net (fo=1, unplaced)         0.262    10.012    sb/writes_62_reg[0]_i_34_n_0
                         LUT6 (Prop_LUT6_I0_O)        0.132    10.144 r  sb/writes_62[0]_i_17/O
                         net (fo=1, unplaced)         0.216    10.360    sb/writes_62[0]_i_17_n_0
                         LUT6 (Prop_LUT6_I0_O)        0.071    10.431 r  sb/writes_62[0]_i_6/O
                         net (fo=83, unplaced)        0.330    10.761    mem/returnBuffer/ram_ext/writes_00[0]
                         LUT5 (Prop_LUT5_I1_O)        0.040    10.801 r  mem/returnBuffer/ram_ext/writes_0[0]_i_2/O
                         net (fo=1, unplaced)         0.249    11.050    cross_0/writes_0_reg[0]
                         LUT3 (Prop_LUT3_I0_O)        0.040    11.090 r  cross_0/writes_0[0]_i_1/O
                         net (fo=1, unplaced)         0.023    11.113    sb/writes_0_reg[31]_10[0]
                         FDRE                                         r  sb/writes_0_reg[0]/D
  -------------------------------------------------------------------    -------------------

                         (clock rvv_clock rise edge)
                                                     10.000    10.000 r  
                         propagated clock network latency
                                                      0.000    10.000    
                         clock pessimism              0.000    10.000    
                         clock uncertainty           -0.035     9.965    
                         FDRE (Setup_FDRE_C_D)        0.059    10.024    sb/writes_0_reg[0]
  -------------------------------------------------------------------
                         required time                         10.024    
                         arrival time                         -11.113    
  -------------------------------------------------------------------
                         slack                                 -1.089    

Slack (VIOLATED) :        -1.089ns  (required time - arrival time)
  Source:                 mem/returnBuffer/ram_ext/Memory_reg_0/CLKARDCLK
                            (rising edge-triggered cell RAMB36E2 clocked by rvv_clock  {rise@0.000ns fall@5.000ns period=10.000ns})
  Destination:            sb/writes_0_reg[10]/D
                            (rising edge-triggered cell FDRE clocked by rvv_clock  {rise@0.000ns fall@5.000ns period=10.000ns})
  Path Group:             rvv_clock
  Path Type:              Setup (Max at Slow Process Corner)
  Requirement:            10.000ns  (rvv_clock rise@10.000ns - rvv_clock rise@0.000ns)
  Data Path Delay:        11.113ns  (logic 3.812ns (34.302%)  route 7.301ns (65.698%))
  Logic Levels:           32  (CARRY8=4 LUT2=1 LUT3=2 LUT4=4 LUT5=2 LUT6=13 MUXF7=4 MUXF8=2)
  Clock Uncertainty:      0.035ns  ((TSJ^2 + TIJ^2)^1/2 + DJ) / 2 + PE
    Total System Jitter     (TSJ):    0.071ns
    Total Input Jitter      (TIJ):    0.000ns
    Discrete Jitter          (DJ):    0.000ns
    Phase Error              (PE):    0.000ns

    Location             Delay type                Incr(ns)  Path(ns)    Netlist Resource(s)
  -------------------------------------------------------------------    -------------------
                         (clock rvv_clock rise edge)
                                                      0.000     0.000 r  
                         propagated clock network latency
                                                      0.000     0.000    
                         RAMB36E2                     0.000     0.000 r  mem/returnBuffer/ram_ext/Memory_reg_0/CLKARDCLK
                         RAMB36E2 (Prop_RAMB36E2_CLKARDCLK_DOUTADOUT[13])
                                                      1.216     1.216 r  mem/returnBuffer/ram_ext/Memory_reg_0/DOUTADOUT[13]
                         net (fo=720, unplaced)       0.532     1.748    mem/returnBuffer/ram_ext/_returnBuffer_io_deq_bits_slot[0]
                         LUT6 (Prop_LUT6_I4_O)        0.074     1.822 r  mem/returnBuffer/ram_ext/writes_62[31]_i_114/O
                         net (fo=1, unplaced)         0.000     1.822    mem/returnBuffer/ram_ext/writes_62[31]_i_114_n_0
                         MUXF7 (Prop_MUXF7_I0_O)      0.068     1.890 r  mem/returnBuffer/ram_ext/writes_62_reg[31]_i_51/O
                         net (fo=6, unplaced)         0.286     2.176    mem/returnBuffer/ram_ext/writes_62_reg[31]_i_51_n_0
                         LUT6 (Prop_LUT6_I0_O)        0.132     2.308 r  mem/returnBuffer/ram_ext/io_counters_warStall_0_x[63]_i_9335/O
                         net (fo=128, unplaced)       0.371     2.679    sb/io_counters_warStall_0_x_reg[63]_i_5276[0]
                         MUXF7 (Prop_MUXF7_S_O)       0.103     2.782 f  sb/io_counters_warStall_0_x_reg[63]_i_9005/O
                         net (fo=1, unplaced)         0.000     2.782    sb/io_counters_warStall_0_x_reg[63]_i_9005_n_0
                         MUXF8 (Prop_MUXF8_I1_O)      0.059     2.841 f  sb/io_counters_warStall_0_x_reg[63]_i_8161/O
                         net (fo=1, unplaced)         0.262     3.103    sb/io_counters_warStall_0_x_reg[63]_i_8161_n_0
                         LUT6 (Prop_LUT6_I0_O)        0.136     3.239 f  sb/io_counters_warStall_0_x[63]_i_6769/O
                         net (fo=1, unplaced)         0.000     3.239    mem/returnBuffer/ram_ext/io_counters_warStall_0_x[63]_i_7578_1
                         MUXF7 (Prop_MUXF7_I0_O)      0.068     3.307 f  mem/returnBuffer/ram_ext/io_counters_warStall_0_x_reg[63]_i_5277/O
                         net (fo=166, unplaced)       0.345     3.652    mem/returnBuffer/ram_ext/io_counters_warStall_0_x_reg[63]_i_5277_n_0
                         LUT4 (Prop_LUT4_I3_O)        0.095     3.747 f  mem/returnBuffer/ram_ext/io_counters_warStall_0_x[63]_i_8678/O
                         net (fo=1, unplaced)         0.294     4.041    mem/returnBuffer/ram_ext/io_counters_warStall_0_x[63]_i_8678_n_0
                         CARRY8 (Prop_CARRY8_DI[0]_CO[7])
                                                      0.373     4.414 f  mem/returnBuffer/ram_ext/io_counters_warStall_0_x_reg[63]_i_7644/CO[7]
                         net (fo=1, unplaced)         0.000     4.414    mem/returnBuffer/ram_ext/io_counters_warStall_0_x_reg[63]_i_7644_n_0
                         CARRY8 (Prop_CARRY8_CI_CO[7])
                                                      0.028     4.442 f  mem/returnBuffer/ram_ext/io_counters_warStall_0_x_reg[63]_i_6297/CO[7]
                         net (fo=1, unplaced)         0.000     4.442    mem/returnBuffer/ram_ext/io_counters_warStall_0_x_reg[63]_i_6297_n_0
                         CARRY8 (Prop_CARRY8_CI_CO[7])
                                                      0.028     4.470 f  mem/returnBuffer/ram_ext/io_counters_warStall_0_x_reg[63]_i_4820/CO[7]
                         net (fo=1, unplaced)         0.000     4.470    mem/returnBuffer/ram_ext/io_counters_warStall_0_x_reg[63]_i_4820_n_0
                         CARRY8 (Prop_CARRY8_CI_CO[7])
                                                      0.028     4.498 f  mem/returnBuffer/ram_ext/io_counters_warStall_0_x_reg[63]_i_3452/CO[7]
                         net (fo=64, unplaced)        0.187     4.685    sb/io_counters_wawStall_0_x[63]_i_1018_1[0]
                         LUT6 (Prop_LUT6_I1_O)        0.071     4.756 f  sb/io_counters_warStall_0_x[63]_i_2267/O
                         net (fo=1, unplaced)         0.249     5.005    sb/io_counters_warStall_0_x[63]_i_2267_n_0
                         LUT6 (Prop_LUT6_I5_O)        0.040     5.045 f  sb/io_counters_warStall_0_x[63]_i_1085/O
                         net (fo=1, unplaced)         0.249     5.294    sb/io_counters_warStall_0_x[63]_i_1085_n_0
                         LUT6 (Prop_LUT6_I5_O)        0.040     5.334 f  sb/io_counters_warStall_0_x[63]_i_407/O
                         net (fo=1, unplaced)         0.251     5.585    sb/io_counters_warStall_0_x[63]_i_407_n_0
                         LUT4 (Prop_LUT4_I0_O)        0.132     5.717 f  sb/io_counters_warStall_0_x[63]_i_137/O
                         net (fo=1, unplaced)         0.249     5.966    sb/io_counters_warStall_0_x[63]_i_137_n_0
                         LUT6 (Prop_LUT6_I2_O)        0.040     6.006 f  sb/io_counters_warStall_0_x[63]_i_28/O
                         net (fo=1, unplaced)         0.249     6.255    sb/io_war_11[19]
                         LUT6 (Prop_LUT6_I5_O)        0.040     6.295 f  sb/io_counters_warStall_0_x[63]_i_7/O
                         net (fo=1, unplaced)         0.251     6.546    sb/io_counters_warStall_0_x[63]_i_7_n_0
                         LUT4 (Prop_LUT4_I0_O)        0.132     6.678 f  sb/io_counters_warStall_0_x[63]_i_3/O
                         net (fo=1, unplaced)         0.251     6.929    sb/io_counters_warStall_0_x[63]_i_3_n_0
                         LUT5 (Prop_LUT5_I1_O)        0.132     7.061 f  sb/io_counters_warStall_0_x[63]_i_1/O
                         net (fo=66, unplaced)        0.325     7.386    sb/_sb_io_war_1
                         LUT6 (Prop_LUT6_I5_O)        0.040     7.426 f  sb/io_loadRegisterComplete_valid_INST_0_i_3/O
                         net (fo=10, unplaced)        0.282     7.708    mem/returnBuffer/ram_ext/io_blocked_10
                         LUT6 (Prop_LUT6_I5_O)        0.040     7.748 f  mem/returnBuffer/ram_ext/io_macRead_valid_INST_0_i_27/O
                         net (fo=15, unplaced)        0.292     8.040    mem/returnBuffer/ram_ext/Memory_reg_0_201
                         LUT6 (Prop_LUT6_I5_O)        0.040     8.080 f  mem/returnBuffer/ram_ext/memory_reg_1_i_78/O
                         net (fo=4, unplaced)         0.264     8.344    mem/returnBuffer/ram_ext/operandRow_reg[1]
                         LUT4 (Prop_LUT4_I0_O)        0.132     8.476 r  mem/returnBuffer/ram_ext/io_loadRegisterComplete_valid_INST_0_i_4/O
                         net (fo=6, unplaced)         0.271     8.747    mem/returnBuffer/ram_ext/_vrf_io_write_0_ready
                         LUT3 (Prop_LUT3_I2_O)        0.040     8.787 r  mem/returnBuffer/ram_ext/io_loadRegisterComplete_valid_INST_0_i_1/O
                         net (fo=1078, unplaced)      0.389     9.176    mem/returnBuffer/ram_ext/maybe_full_reg_1
                         LUT2 (Prop_LUT2_I0_O)        0.040     9.216 r  mem/returnBuffer/ram_ext/writes_62[11]_i_39/O
                         net (fo=132, unplaced)       0.372     9.588    sb/_mem_io_progress_1_bits_slot[2]
                         MUXF7 (Prop_MUXF7_S_O)       0.103     9.691 r  sb/writes_62_reg[10]_i_73/O
                         net (fo=1, unplaced)         0.000     9.691    sb/writes_62_reg[10]_i_73_n_0
                         MUXF8 (Prop_MUXF8_I1_O)      0.059     9.750 r  sb/writes_62_reg[10]_i_34/O
                         net (fo=1, unplaced)         0.262    10.012    sb/writes_62_reg[10]_i_34_n_0
                         LUT6 (Prop_LUT6_I0_O)        0.132    10.144 r  sb/writes_62[10]_i_17/O
                         net (fo=1, unplaced)         0.216    10.360    sb/writes_62[10]_i_17_n_0
                         LUT6 (Prop_LUT6_I0_O)        0.071    10.431 r  sb/writes_62[10]_i_6/O
                         net (fo=83, unplaced)        0.330    10.761    mem/returnBuffer/ram_ext/writes_00[10]
                         LUT5 (Prop_LUT5_I1_O)        0.040    10.801 r  mem/returnBuffer/ram_ext/writes_0[10]_i_2/O
                         net (fo=1, unplaced)         0.249    11.050    cross_0/writes_0_reg[10]
                         LUT3 (Prop_LUT3_I0_O)        0.040    11.090 r  cross_0/writes_0[10]_i_1/O
                         net (fo=1, unplaced)         0.023    11.113    sb/writes_0_reg[31]_10[10]
                         FDRE                                         r  sb/writes_0_reg[10]/D
  -------------------------------------------------------------------    -------------------

                         (clock rvv_clock rise edge)
                                                     10.000    10.000 r  
                         propagated clock network latency
                                                      0.000    10.000    
                         clock pessimism              0.000    10.000    
                         clock uncertainty           -0.035     9.965    
                         FDRE (Setup_FDRE_C_D)        0.059    10.024    sb/writes_0_reg[10]
  -------------------------------------------------------------------
                         required time                         10.024    
                         arrival time                         -11.113    
  -------------------------------------------------------------------
                         slack                                 -1.089    

Slack (VIOLATED) :        -1.089ns  (required time - arrival time)
  Source:                 mem/returnBuffer/ram_ext/Memory_reg_0/CLKARDCLK
                            (rising edge-triggered cell RAMB36E2 clocked by rvv_clock  {rise@0.000ns fall@5.000ns period=10.000ns})
  Destination:            sb/writes_0_reg[11]/D
                            (rising edge-triggered cell FDRE clocked by rvv_clock  {rise@0.000ns fall@5.000ns period=10.000ns})
  Path Group:             rvv_clock
  Path Type:              Setup (Max at Slow Process Corner)
  Requirement:            10.000ns  (rvv_clock rise@10.000ns - rvv_clock rise@0.000ns)
  Data Path Delay:        11.113ns  (logic 3.812ns (34.302%)  route 7.301ns (65.698%))
  Logic Levels:           32  (CARRY8=4 LUT2=1 LUT3=2 LUT4=4 LUT5=2 LUT6=13 MUXF7=4 MUXF8=2)
  Clock Uncertainty:      0.035ns  ((TSJ^2 + TIJ^2)^1/2 + DJ) / 2 + PE
    Total System Jitter     (TSJ):    0.071ns
    Total Input Jitter      (TIJ):    0.000ns
    Discrete Jitter          (DJ):    0.000ns
    Phase Error              (PE):    0.000ns

    Location             Delay type                Incr(ns)  Path(ns)    Netlist Resource(s)
  -------------------------------------------------------------------    -------------------
                         (clock rvv_clock rise edge)
                                                      0.000     0.000 r  
                         propagated clock network latency
                                                      0.000     0.000    
                         RAMB36E2                     0.000     0.000 r  mem/returnBuffer/ram_ext/Memory_reg_0/CLKARDCLK
                         RAMB36E2 (Prop_RAMB36E2_CLKARDCLK_DOUTADOUT[13])
                                                      1.216     1.216 r  mem/returnBuffer/ram_ext/Memory_reg_0/DOUTADOUT[13]
                         net (fo=720, unplaced)       0.532     1.748    mem/returnBuffer/ram_ext/_returnBuffer_io_deq_bits_slot[0]
                         LUT6 (Prop_LUT6_I4_O)        0.074     1.822 r  mem/returnBuffer/ram_ext/writes_62[31]_i_114/O
                         net (fo=1, unplaced)         0.000     1.822    mem/returnBuffer/ram_ext/writes_62[31]_i_114_n_0
                         MUXF7 (Prop_MUXF7_I0_O)      0.068     1.890 r  mem/returnBuffer/ram_ext/writes_62_reg[31]_i_51/O
                         net (fo=6, unplaced)         0.286     2.176    mem/returnBuffer/ram_ext/writes_62_reg[31]_i_51_n_0
                         LUT6 (Prop_LUT6_I0_O)        0.132     2.308 r  mem/returnBuffer/ram_ext/io_counters_warStall_0_x[63]_i_9335/O
                         net (fo=128, unplaced)       0.371     2.679    sb/io_counters_warStall_0_x_reg[63]_i_5276[0]
                         MUXF7 (Prop_MUXF7_S_O)       0.103     2.782 f  sb/io_counters_warStall_0_x_reg[63]_i_9005/O
                         net (fo=1, unplaced)         0.000     2.782    sb/io_counters_warStall_0_x_reg[63]_i_9005_n_0
                         MUXF8 (Prop_MUXF8_I1_O)      0.059     2.841 f  sb/io_counters_warStall_0_x_reg[63]_i_8161/O
                         net (fo=1, unplaced)         0.262     3.103    sb/io_counters_warStall_0_x_reg[63]_i_8161_n_0
                         LUT6 (Prop_LUT6_I0_O)        0.136     3.239 f  sb/io_counters_warStall_0_x[63]_i_6769/O
                         net (fo=1, unplaced)         0.000     3.239    mem/returnBuffer/ram_ext/io_counters_warStall_0_x[63]_i_7578_1
                         MUXF7 (Prop_MUXF7_I0_O)      0.068     3.307 f  mem/returnBuffer/ram_ext/io_counters_warStall_0_x_reg[63]_i_5277/O
                         net (fo=166, unplaced)       0.345     3.652    mem/returnBuffer/ram_ext/io_counters_warStall_0_x_reg[63]_i_5277_n_0
                         LUT4 (Prop_LUT4_I3_O)        0.095     3.747 f  mem/returnBuffer/ram_ext/io_counters_warStall_0_x[63]_i_8678/O
                         net (fo=1, unplaced)         0.294     4.041    mem/returnBuffer/ram_ext/io_counters_warStall_0_x[63]_i_8678_n_0
                         CARRY8 (Prop_CARRY8_DI[0]_CO[7])
                                                      0.373     4.414 f  mem/returnBuffer/ram_ext/io_counters_warStall_0_x_reg[63]_i_7644/CO[7]
                         net (fo=1, unplaced)         0.000     4.414    mem/returnBuffer/ram_ext/io_counters_warStall_0_x_reg[63]_i_7644_n_0
                         CARRY8 (Prop_CARRY8_CI_CO[7])
                                                      0.028     4.442 f  mem/returnBuffer/ram_ext/io_counters_warStall_0_x_reg[63]_i_6297/CO[7]
                         net (fo=1, unplaced)         0.000     4.442    mem/returnBuffer/ram_ext/io_counters_warStall_0_x_reg[63]_i_6297_n_0
                         CARRY8 (Prop_CARRY8_CI_CO[7])
                                                      0.028     4.470 f  mem/returnBuffer/ram_ext/io_counters_warStall_0_x_reg[63]_i_4820/CO[7]
                         net (fo=1, unplaced)         0.000     4.470    mem/returnBuffer/ram_ext/io_counters_warStall_0_x_reg[63]_i_4820_n_0
                         CARRY8 (Prop_CARRY8_CI_CO[7])
                                                      0.028     4.498 f  mem/returnBuffer/ram_ext/io_counters_warStall_0_x_reg[63]_i_3452/CO[7]
                         net (fo=64, unplaced)        0.187     4.685    sb/io_counters_wawStall_0_x[63]_i_1018_1[0]
                         LUT6 (Prop_LUT6_I1_O)        0.071     4.756 f  sb/io_counters_warStall_0_x[63]_i_2267/O
                         net (fo=1, unplaced)         0.249     5.005    sb/io_counters_warStall_0_x[63]_i_2267_n_0
                         LUT6 (Prop_LUT6_I5_O)        0.040     5.045 f  sb/io_counters_warStall_0_x[63]_i_1085/O
                         net (fo=1, unplaced)         0.249     5.294    sb/io_counters_warStall_0_x[63]_i_1085_n_0
                         LUT6 (Prop_LUT6_I5_O)        0.040     5.334 f  sb/io_counters_warStall_0_x[63]_i_407/O
                         net (fo=1, unplaced)         0.251     5.585    sb/io_counters_warStall_0_x[63]_i_407_n_0
                         LUT4 (Prop_LUT4_I0_O)        0.132     5.717 f  sb/io_counters_warStall_0_x[63]_i_137/O
                         net (fo=1, unplaced)         0.249     5.966    sb/io_counters_warStall_0_x[63]_i_137_n_0
                         LUT6 (Prop_LUT6_I2_O)        0.040     6.006 f  sb/io_counters_warStall_0_x[63]_i_28/O
                         net (fo=1, unplaced)         0.249     6.255    sb/io_war_11[19]
                         LUT6 (Prop_LUT6_I5_O)        0.040     6.295 f  sb/io_counters_warStall_0_x[63]_i_7/O
                         net (fo=1, unplaced)         0.251     6.546    sb/io_counters_warStall_0_x[63]_i_7_n_0
                         LUT4 (Prop_LUT4_I0_O)        0.132     6.678 f  sb/io_counters_warStall_0_x[63]_i_3/O
                         net (fo=1, unplaced)         0.251     6.929    sb/io_counters_warStall_0_x[63]_i_3_n_0
                         LUT5 (Prop_LUT5_I1_O)        0.132     7.061 f  sb/io_counters_warStall_0_x[63]_i_1/O
                         net (fo=66, unplaced)        0.325     7.386    sb/_sb_io_war_1
                         LUT6 (Prop_LUT6_I5_O)        0.040     7.426 f  sb/io_loadRegisterComplete_valid_INST_0_i_3/O
                         net (fo=10, unplaced)        0.282     7.708    mem/returnBuffer/ram_ext/io_blocked_10
                         LUT6 (Prop_LUT6_I5_O)        0.040     7.748 f  mem/returnBuffer/ram_ext/io_macRead_valid_INST_0_i_27/O
                         net (fo=15, unplaced)        0.292     8.040    mem/returnBuffer/ram_ext/Memory_reg_0_201
                         LUT6 (Prop_LUT6_I5_O)        0.040     8.080 f  mem/returnBuffer/ram_ext/memory_reg_1_i_78/O
                         net (fo=4, unplaced)         0.264     8.344    mem/returnBuffer/ram_ext/operandRow_reg[1]
                         LUT4 (Prop_LUT4_I0_O)        0.132     8.476 r  mem/returnBuffer/ram_ext/io_loadRegisterComplete_valid_INST_0_i_4/O
                         net (fo=6, unplaced)         0.271     8.747    mem/returnBuffer/ram_ext/_vrf_io_write_0_ready
                         LUT3 (Prop_LUT3_I2_O)        0.040     8.787 r  mem/returnBuffer/ram_ext/io_loadRegisterComplete_valid_INST_0_i_1/O
                         net (fo=1078, unplaced)      0.389     9.176    mem/returnBuffer/ram_ext/maybe_full_reg_1
                         LUT2 (Prop_LUT2_I0_O)        0.040     9.216 r  mem/returnBuffer/ram_ext/writes_62[11]_i_39/O
                         net (fo=132, unplaced)       0.372     9.588    sb/_mem_io_progress_1_bits_slot[2]
                         MUXF7 (Prop_MUXF7_S_O)       0.103     9.691 r  sb/writes_62_reg[11]_i_74/O
                         net (fo=1, unplaced)         0.000     9.691    sb/writes_62_reg[11]_i_74_n_0
                         MUXF8 (Prop_MUXF8_I1_O)      0.059     9.750 r  sb/writes_62_reg[11]_i_34/O
                         net (fo=1, unplaced)         0.262    10.012    sb/writes_62_reg[11]_i_34_n_0
                         LUT6 (Prop_LUT6_I0_O)        0.132    10.144 r  sb/writes_62[11]_i_17/O
                         net (fo=1, unplaced)         0.216    10.360    sb/writes_62[11]_i_17_n_0
                         LUT6 (Prop_LUT6_I0_O)        0.071    10.431 r  sb/writes_62[11]_i_6/O
                         net (fo=83, unplaced)        0.330    10.761    mem/returnBuffer/ram_ext/writes_00[11]
                         LUT5 (Prop_LUT5_I1_O)        0.040    10.801 r  mem/returnBuffer/ram_ext/writes_0[11]_i_2/O
                         net (fo=1, unplaced)         0.249    11.050    cross_0/writes_0_reg[11]
                         LUT3 (Prop_LUT3_I0_O)        0.040    11.090 r  cross_0/writes_0[11]_i_1/O
                         net (fo=1, unplaced)         0.023    11.113    sb/writes_0_reg[31]_10[11]
                         FDRE                                         r  sb/writes_0_reg[11]/D
  -------------------------------------------------------------------    -------------------

                         (clock rvv_clock rise edge)
                                                     10.000    10.000 r  
                         propagated clock network latency
                                                      0.000    10.000    
                         clock pessimism              0.000    10.000    
                         clock uncertainty           -0.035     9.965    
                         FDRE (Setup_FDRE_C_D)        0.059    10.024    sb/writes_0_reg[11]
  -------------------------------------------------------------------
                         required time                         10.024    
                         arrival time                         -11.113    
  -------------------------------------------------------------------
                         slack                                 -1.089    

Slack (VIOLATED) :        -1.089ns  (required time - arrival time)
  Source:                 mem/returnBuffer/ram_ext/Memory_reg_0/CLKARDCLK
                            (rising edge-triggered cell RAMB36E2 clocked by rvv_clock  {rise@0.000ns fall@5.000ns period=10.000ns})
  Destination:            sb/writes_0_reg[12]/D
                            (rising edge-triggered cell FDRE clocked by rvv_clock  {rise@0.000ns fall@5.000ns period=10.000ns})
  Path Group:             rvv_clock
  Path Type:              Setup (Max at Slow Process Corner)
  Requirement:            10.000ns  (rvv_clock rise@10.000ns - rvv_clock rise@0.000ns)
  Data Path Delay:        11.113ns  (logic 3.812ns (34.302%)  route 7.301ns (65.698%))
  Logic Levels:           32  (CARRY8=4 LUT2=1 LUT3=2 LUT4=4 LUT5=2 LUT6=13 MUXF7=4 MUXF8=2)
  Clock Uncertainty:      0.035ns  ((TSJ^2 + TIJ^2)^1/2 + DJ) / 2 + PE
    Total System Jitter     (TSJ):    0.071ns
    Total Input Jitter      (TIJ):    0.000ns
    Discrete Jitter          (DJ):    0.000ns
    Phase Error              (PE):    0.000ns

    Location             Delay type                Incr(ns)  Path(ns)    Netlist Resource(s)
  -------------------------------------------------------------------    -------------------
                         (clock rvv_clock rise edge)
                                                      0.000     0.000 r  
                         propagated clock network latency
                                                      0.000     0.000    
                         RAMB36E2                     0.000     0.000 r  mem/returnBuffer/ram_ext/Memory_reg_0/CLKARDCLK
                         RAMB36E2 (Prop_RAMB36E2_CLKARDCLK_DOUTADOUT[13])
                                                      1.216     1.216 r  mem/returnBuffer/ram_ext/Memory_reg_0/DOUTADOUT[13]
                         net (fo=720, unplaced)       0.532     1.748    mem/returnBuffer/ram_ext/_returnBuffer_io_deq_bits_slot[0]
                         LUT6 (Prop_LUT6_I4_O)        0.074     1.822 r  mem/returnBuffer/ram_ext/writes_62[31]_i_114/O
                         net (fo=1, unplaced)         0.000     1.822    mem/returnBuffer/ram_ext/writes_62[31]_i_114_n_0
                         MUXF7 (Prop_MUXF7_I0_O)      0.068     1.890 r  mem/returnBuffer/ram_ext/writes_62_reg[31]_i_51/O
                         net (fo=6, unplaced)         0.286     2.176    mem/returnBuffer/ram_ext/writes_62_reg[31]_i_51_n_0
                         LUT6 (Prop_LUT6_I0_O)        0.132     2.308 r  mem/returnBuffer/ram_ext/io_counters_warStall_0_x[63]_i_9335/O
                         net (fo=128, unplaced)       0.371     2.679    sb/io_counters_warStall_0_x_reg[63]_i_5276[0]
                         MUXF7 (Prop_MUXF7_S_O)       0.103     2.782 f  sb/io_counters_warStall_0_x_reg[63]_i_9005/O
                         net (fo=1, unplaced)         0.000     2.782    sb/io_counters_warStall_0_x_reg[63]_i_9005_n_0
                         MUXF8 (Prop_MUXF8_I1_O)      0.059     2.841 f  sb/io_counters_warStall_0_x_reg[63]_i_8161/O
                         net (fo=1, unplaced)         0.262     3.103    sb/io_counters_warStall_0_x_reg[63]_i_8161_n_0
                         LUT6 (Prop_LUT6_I0_O)        0.136     3.239 f  sb/io_counters_warStall_0_x[63]_i_6769/O
                         net (fo=1, unplaced)         0.000     3.239    mem/returnBuffer/ram_ext/io_counters_warStall_0_x[63]_i_7578_1
                         MUXF7 (Prop_MUXF7_I0_O)      0.068     3.307 f  mem/returnBuffer/ram_ext/io_counters_warStall_0_x_reg[63]_i_5277/O
                         net (fo=166, unplaced)       0.345     3.652    mem/returnBuffer/ram_ext/io_counters_warStall_0_x_reg[63]_i_5277_n_0
                         LUT4 (Prop_LUT4_I3_O)        0.095     3.747 f  mem/returnBuffer/ram_ext/io_counters_warStall_0_x[63]_i_8678/O
                         net (fo=1, unplaced)         0.294     4.041    mem/returnBuffer/ram_ext/io_counters_warStall_0_x[63]_i_8678_n_0
                         CARRY8 (Prop_CARRY8_DI[0]_CO[7])
                                                      0.373     4.414 f  mem/returnBuffer/ram_ext/io_counters_warStall_0_x_reg[63]_i_7644/CO[7]
                         net (fo=1, unplaced)         0.000     4.414    mem/returnBuffer/ram_ext/io_counters_warStall_0_x_reg[63]_i_7644_n_0
                         CARRY8 (Prop_CARRY8_CI_CO[7])
                                                      0.028     4.442 f  mem/returnBuffer/ram_ext/io_counters_warStall_0_x_reg[63]_i_6297/CO[7]
                         net (fo=1, unplaced)         0.000     4.442    mem/returnBuffer/ram_ext/io_counters_warStall_0_x_reg[63]_i_6297_n_0
                         CARRY8 (Prop_CARRY8_CI_CO[7])
                                                      0.028     4.470 f  mem/returnBuffer/ram_ext/io_counters_warStall_0_x_reg[63]_i_4820/CO[7]
                         net (fo=1, unplaced)         0.000     4.470    mem/returnBuffer/ram_ext/io_counters_warStall_0_x_reg[63]_i_4820_n_0
                         CARRY8 (Prop_CARRY8_CI_CO[7])
                                                      0.028     4.498 f  mem/returnBuffer/ram_ext/io_counters_warStall_0_x_reg[63]_i_3452/CO[7]
                         net (fo=64, unplaced)        0.187     4.685    sb/io_counters_wawStall_0_x[63]_i_1018_1[0]
                         LUT6 (Prop_LUT6_I1_O)        0.071     4.756 f  sb/io_counters_warStall_0_x[63]_i_2267/O
                         net (fo=1, unplaced)         0.249     5.005    sb/io_counters_warStall_0_x[63]_i_2267_n_0
                         LUT6 (Prop_LUT6_I5_O)        0.040     5.045 f  sb/io_counters_warStall_0_x[63]_i_1085/O
                         net (fo=1, unplaced)         0.249     5.294    sb/io_counters_warStall_0_x[63]_i_1085_n_0
                         LUT6 (Prop_LUT6_I5_O)        0.040     5.334 f  sb/io_counters_warStall_0_x[63]_i_407/O
                         net (fo=1, unplaced)         0.251     5.585    sb/io_counters_warStall_0_x[63]_i_407_n_0
                         LUT4 (Prop_LUT4_I0_O)        0.132     5.717 f  sb/io_counters_warStall_0_x[63]_i_137/O
                         net (fo=1, unplaced)         0.249     5.966    sb/io_counters_warStall_0_x[63]_i_137_n_0
                         LUT6 (Prop_LUT6_I2_O)        0.040     6.006 f  sb/io_counters_warStall_0_x[63]_i_28/O
                         net (fo=1, unplaced)         0.249     6.255    sb/io_war_11[19]
                         LUT6 (Prop_LUT6_I5_O)        0.040     6.295 f  sb/io_counters_warStall_0_x[63]_i_7/O
                         net (fo=1, unplaced)         0.251     6.546    sb/io_counters_warStall_0_x[63]_i_7_n_0
                         LUT4 (Prop_LUT4_I0_O)        0.132     6.678 f  sb/io_counters_warStall_0_x[63]_i_3/O
                         net (fo=1, unplaced)         0.251     6.929    sb/io_counters_warStall_0_x[63]_i_3_n_0
                         LUT5 (Prop_LUT5_I1_O)        0.132     7.061 f  sb/io_counters_warStall_0_x[63]_i_1/O
                         net (fo=66, unplaced)        0.325     7.386    sb/_sb_io_war_1
                         LUT6 (Prop_LUT6_I5_O)        0.040     7.426 f  sb/io_loadRegisterComplete_valid_INST_0_i_3/O
                         net (fo=10, unplaced)        0.282     7.708    mem/returnBuffer/ram_ext/io_blocked_10
                         LUT6 (Prop_LUT6_I5_O)        0.040     7.748 f  mem/returnBuffer/ram_ext/io_macRead_valid_INST_0_i_27/O
                         net (fo=15, unplaced)        0.292     8.040    mem/returnBuffer/ram_ext/Memory_reg_0_201
                         LUT6 (Prop_LUT6_I5_O)        0.040     8.080 f  mem/returnBuffer/ram_ext/memory_reg_1_i_78/O
                         net (fo=4, unplaced)         0.264     8.344    mem/returnBuffer/ram_ext/operandRow_reg[1]
                         LUT4 (Prop_LUT4_I0_O)        0.132     8.476 r  mem/returnBuffer/ram_ext/io_loadRegisterComplete_valid_INST_0_i_4/O
                         net (fo=6, unplaced)         0.271     8.747    mem/returnBuffer/ram_ext/_vrf_io_write_0_ready
                         LUT3 (Prop_LUT3_I2_O)        0.040     8.787 r  mem/returnBuffer/ram_ext/piece[5]_i_2/O
                         net (fo=1085, unplaced)      0.389     9.176    mem/returnBuffer/ram_ext/maybe_full_reg_0
                         LUT2 (Prop_LUT2_I0_O)        0.040     9.216 r  mem/returnBuffer/ram_ext/writes_62[23]_i_40/O
                         net (fo=132, unplaced)       0.372     9.588    sb/writes_62[23]_i_6_0
                         MUXF7 (Prop_MUXF7_S_O)       0.103     9.691 r  sb/writes_62_reg[12]_i_73/O
                         net (fo=1, unplaced)         0.000     9.691    sb/writes_62_reg[12]_i_73_n_0
                         MUXF8 (Prop_MUXF8_I1_O)      0.059     9.750 r  sb/writes_62_reg[12]_i_34/O
                         net (fo=1, unplaced)         0.262    10.012    sb/writes_62_reg[12]_i_34_n_0
                         LUT6 (Prop_LUT6_I0_O)        0.132    10.144 r  sb/writes_62[12]_i_17/O
                         net (fo=1, unplaced)         0.216    10.360    sb/writes_62[12]_i_17_n_0
                         LUT6 (Prop_LUT6_I0_O)        0.071    10.431 r  sb/writes_62[12]_i_6/O
                         net (fo=83, unplaced)        0.330    10.761    mem/returnBuffer/ram_ext/writes_00[12]
                         LUT5 (Prop_LUT5_I1_O)        0.040    10.801 r  mem/returnBuffer/ram_ext/writes_0[12]_i_2/O
                         net (fo=1, unplaced)         0.249    11.050    cross_0/writes_0_reg[12]
                         LUT3 (Prop_LUT3_I0_O)        0.040    11.090 r  cross_0/writes_0[12]_i_1/O
                         net (fo=1, unplaced)         0.023    11.113    sb/writes_0_reg[31]_10[12]
                         FDRE                                         r  sb/writes_0_reg[12]/D
  -------------------------------------------------------------------    -------------------

                         (clock rvv_clock rise edge)
                                                     10.000    10.000 r  
                         propagated clock network latency
                                                      0.000    10.000    
                         clock pessimism              0.000    10.000    
                         clock uncertainty           -0.035     9.965    
                         FDRE (Setup_FDRE_C_D)        0.059    10.024    sb/writes_0_reg[12]
  -------------------------------------------------------------------
                         required time                         10.024    
                         arrival time                         -11.113    
  -------------------------------------------------------------------
                         slack                                 -1.089    

Slack (VIOLATED) :        -1.089ns  (required time - arrival time)
  Source:                 mem/returnBuffer/ram_ext/Memory_reg_0/CLKARDCLK
                            (rising edge-triggered cell RAMB36E2 clocked by rvv_clock  {rise@0.000ns fall@5.000ns period=10.000ns})
  Destination:            sb/writes_0_reg[13]/D
                            (rising edge-triggered cell FDRE clocked by rvv_clock  {rise@0.000ns fall@5.000ns period=10.000ns})
  Path Group:             rvv_clock
  Path Type:              Setup (Max at Slow Process Corner)
  Requirement:            10.000ns  (rvv_clock rise@10.000ns - rvv_clock rise@0.000ns)
  Data Path Delay:        11.113ns  (logic 3.812ns (34.302%)  route 7.301ns (65.698%))
  Logic Levels:           32  (CARRY8=4 LUT2=1 LUT3=2 LUT4=4 LUT5=2 LUT6=13 MUXF7=4 MUXF8=2)
  Clock Uncertainty:      0.035ns  ((TSJ^2 + TIJ^2)^1/2 + DJ) / 2 + PE
    Total System Jitter     (TSJ):    0.071ns
    Total Input Jitter      (TIJ):    0.000ns
    Discrete Jitter          (DJ):    0.000ns
    Phase Error              (PE):    0.000ns

    Location             Delay type                Incr(ns)  Path(ns)    Netlist Resource(s)
  -------------------------------------------------------------------    -------------------
                         (clock rvv_clock rise edge)
                                                      0.000     0.000 r  
                         propagated clock network latency
                                                      0.000     0.000    
                         RAMB36E2                     0.000     0.000 r  mem/returnBuffer/ram_ext/Memory_reg_0/CLKARDCLK
                         RAMB36E2 (Prop_RAMB36E2_CLKARDCLK_DOUTADOUT[13])
                                                      1.216     1.216 r  mem/returnBuffer/ram_ext/Memory_reg_0/DOUTADOUT[13]
                         net (fo=720, unplaced)       0.532     1.748    mem/returnBuffer/ram_ext/_returnBuffer_io_deq_bits_slot[0]
                         LUT6 (Prop_LUT6_I4_O)        0.074     1.822 r  mem/returnBuffer/ram_ext/writes_62[31]_i_114/O
                         net (fo=1, unplaced)         0.000     1.822    mem/returnBuffer/ram_ext/writes_62[31]_i_114_n_0
                         MUXF7 (Prop_MUXF7_I0_O)      0.068     1.890 r  mem/returnBuffer/ram_ext/writes_62_reg[31]_i_51/O
                         net (fo=6, unplaced)         0.286     2.176    mem/returnBuffer/ram_ext/writes_62_reg[31]_i_51_n_0
                         LUT6 (Prop_LUT6_I0_O)        0.132     2.308 r  mem/returnBuffer/ram_ext/io_counters_warStall_0_x[63]_i_9335/O
                         net (fo=128, unplaced)       0.371     2.679    sb/io_counters_warStall_0_x_reg[63]_i_5276[0]
                         MUXF7 (Prop_MUXF7_S_O)       0.103     2.782 f  sb/io_counters_warStall_0_x_reg[63]_i_9005/O
                         net (fo=1, unplaced)         0.000     2.782    sb/io_counters_warStall_0_x_reg[63]_i_9005_n_0
                         MUXF8 (Prop_MUXF8_I1_O)      0.059     2.841 f  sb/io_counters_warStall_0_x_reg[63]_i_8161/O
                         net (fo=1, unplaced)         0.262     3.103    sb/io_counters_warStall_0_x_reg[63]_i_8161_n_0
                         LUT6 (Prop_LUT6_I0_O)        0.136     3.239 f  sb/io_counters_warStall_0_x[63]_i_6769/O
                         net (fo=1, unplaced)         0.000     3.239    mem/returnBuffer/ram_ext/io_counters_warStall_0_x[63]_i_7578_1
                         MUXF7 (Prop_MUXF7_I0_O)      0.068     3.307 f  mem/returnBuffer/ram_ext/io_counters_warStall_0_x_reg[63]_i_5277/O
                         net (fo=166, unplaced)       0.345     3.652    mem/returnBuffer/ram_ext/io_counters_warStall_0_x_reg[63]_i_5277_n_0
                         LUT4 (Prop_LUT4_I3_O)        0.095     3.747 f  mem/returnBuffer/ram_ext/io_counters_warStall_0_x[63]_i_8678/O
                         net (fo=1, unplaced)         0.294     4.041    mem/returnBuffer/ram_ext/io_counters_warStall_0_x[63]_i_8678_n_0
                         CARRY8 (Prop_CARRY8_DI[0]_CO[7])
                                                      0.373     4.414 f  mem/returnBuffer/ram_ext/io_counters_warStall_0_x_reg[63]_i_7644/CO[7]
                         net (fo=1, unplaced)         0.000     4.414    mem/returnBuffer/ram_ext/io_counters_warStall_0_x_reg[63]_i_7644_n_0
                         CARRY8 (Prop_CARRY8_CI_CO[7])
                                                      0.028     4.442 f  mem/returnBuffer/ram_ext/io_counters_warStall_0_x_reg[63]_i_6297/CO[7]
                         net (fo=1, unplaced)         0.000     4.442    mem/returnBuffer/ram_ext/io_counters_warStall_0_x_reg[63]_i_6297_n_0
                         CARRY8 (Prop_CARRY8_CI_CO[7])
                                                      0.028     4.470 f  mem/returnBuffer/ram_ext/io_counters_warStall_0_x_reg[63]_i_4820/CO[7]
                         net (fo=1, unplaced)         0.000     4.470    mem/returnBuffer/ram_ext/io_counters_warStall_0_x_reg[63]_i_4820_n_0
                         CARRY8 (Prop_CARRY8_CI_CO[7])
                                                      0.028     4.498 f  mem/returnBuffer/ram_ext/io_counters_warStall_0_x_reg[63]_i_3452/CO[7]
                         net (fo=64, unplaced)        0.187     4.685    sb/io_counters_wawStall_0_x[63]_i_1018_1[0]
                         LUT6 (Prop_LUT6_I1_O)        0.071     4.756 f  sb/io_counters_warStall_0_x[63]_i_2267/O
                         net (fo=1, unplaced)         0.249     5.005    sb/io_counters_warStall_0_x[63]_i_2267_n_0
                         LUT6 (Prop_LUT6_I5_O)        0.040     5.045 f  sb/io_counters_warStall_0_x[63]_i_1085/O
                         net (fo=1, unplaced)         0.249     5.294    sb/io_counters_warStall_0_x[63]_i_1085_n_0
                         LUT6 (Prop_LUT6_I5_O)        0.040     5.334 f  sb/io_counters_warStall_0_x[63]_i_407/O
                         net (fo=1, unplaced)         0.251     5.585    sb/io_counters_warStall_0_x[63]_i_407_n_0
                         LUT4 (Prop_LUT4_I0_O)        0.132     5.717 f  sb/io_counters_warStall_0_x[63]_i_137/O
                         net (fo=1, unplaced)         0.249     5.966    sb/io_counters_warStall_0_x[63]_i_137_n_0
                         LUT6 (Prop_LUT6_I2_O)        0.040     6.006 f  sb/io_counters_warStall_0_x[63]_i_28/O
                         net (fo=1, unplaced)         0.249     6.255    sb/io_war_11[19]
                         LUT6 (Prop_LUT6_I5_O)        0.040     6.295 f  sb/io_counters_warStall_0_x[63]_i_7/O
                         net (fo=1, unplaced)         0.251     6.546    sb/io_counters_warStall_0_x[63]_i_7_n_0
                         LUT4 (Prop_LUT4_I0_O)        0.132     6.678 f  sb/io_counters_warStall_0_x[63]_i_3/O
                         net (fo=1, unplaced)         0.251     6.929    sb/io_counters_warStall_0_x[63]_i_3_n_0
                         LUT5 (Prop_LUT5_I1_O)        0.132     7.061 f  sb/io_counters_warStall_0_x[63]_i_1/O
                         net (fo=66, unplaced)        0.325     7.386    sb/_sb_io_war_1
                         LUT6 (Prop_LUT6_I5_O)        0.040     7.426 f  sb/io_loadRegisterComplete_valid_INST_0_i_3/O
                         net (fo=10, unplaced)        0.282     7.708    mem/returnBuffer/ram_ext/io_blocked_10
                         LUT6 (Prop_LUT6_I5_O)        0.040     7.748 f  mem/returnBuffer/ram_ext/io_macRead_valid_INST_0_i_27/O
                         net (fo=15, unplaced)        0.292     8.040    mem/returnBuffer/ram_ext/Memory_reg_0_201
                         LUT6 (Prop_LUT6_I5_O)        0.040     8.080 f  mem/returnBuffer/ram_ext/memory_reg_1_i_78/O
                         net (fo=4, unplaced)         0.264     8.344    mem/returnBuffer/ram_ext/operandRow_reg[1]
                         LUT4 (Prop_LUT4_I0_O)        0.132     8.476 r  mem/returnBuffer/ram_ext/io_loadRegisterComplete_valid_INST_0_i_4/O
                         net (fo=6, unplaced)         0.271     8.747    mem/returnBuffer/ram_ext/_vrf_io_write_0_ready
                         LUT3 (Prop_LUT3_I2_O)        0.040     8.787 r  mem/returnBuffer/ram_ext/piece[5]_i_2/O
                         net (fo=1085, unplaced)      0.389     9.176    mem/returnBuffer/ram_ext/maybe_full_reg_0
                         LUT2 (Prop_LUT2_I0_O)        0.040     9.216 r  mem/returnBuffer/ram_ext/writes_62[23]_i_40/O
                         net (fo=132, unplaced)       0.372     9.588    sb/writes_62[23]_i_6_0
                         MUXF7 (Prop_MUXF7_S_O)       0.103     9.691 r  sb/writes_62_reg[13]_i_74/O
                         net (fo=1, unplaced)         0.000     9.691    sb/writes_62_reg[13]_i_74_n_0
                         MUXF8 (Prop_MUXF8_I1_O)      0.059     9.750 r  sb/writes_62_reg[13]_i_35/O
                         net (fo=1, unplaced)         0.262    10.012    sb/writes_62_reg[13]_i_35_n_0
                         LUT6 (Prop_LUT6_I0_O)        0.132    10.144 r  sb/writes_62[13]_i_17/O
                         net (fo=1, unplaced)         0.216    10.360    sb/writes_62[13]_i_17_n_0
                         LUT6 (Prop_LUT6_I0_O)        0.071    10.431 r  sb/writes_62[13]_i_6/O
                         net (fo=83, unplaced)        0.330    10.761    mem/returnBuffer/ram_ext/writes_00[13]
                         LUT5 (Prop_LUT5_I1_O)        0.040    10.801 r  mem/returnBuffer/ram_ext/writes_0[13]_i_2/O
                         net (fo=1, unplaced)         0.249    11.050    cross_0/writes_0_reg[13]
                         LUT3 (Prop_LUT3_I0_O)        0.040    11.090 r  cross_0/writes_0[13]_i_1/O
                         net (fo=1, unplaced)         0.023    11.113    sb/writes_0_reg[31]_10[13]
                         FDRE                                         r  sb/writes_0_reg[13]/D
  -------------------------------------------------------------------    -------------------

                         (clock rvv_clock rise edge)
                                                     10.000    10.000 r  
                         propagated clock network latency
                                                      0.000    10.000    
                         clock pessimism              0.000    10.000    
                         clock uncertainty           -0.035     9.965    
                         FDRE (Setup_FDRE_C_D)        0.059    10.024    sb/writes_0_reg[13]
  -------------------------------------------------------------------
                         required time                         10.024    
                         arrival time                         -11.113    
  -------------------------------------------------------------------
                         slack                                 -1.089    

Slack (VIOLATED) :        -1.089ns  (required time - arrival time)
  Source:                 mem/returnBuffer/ram_ext/Memory_reg_0/CLKARDCLK
                            (rising edge-triggered cell RAMB36E2 clocked by rvv_clock  {rise@0.000ns fall@5.000ns period=10.000ns})
  Destination:            sb/writes_0_reg[14]/D
                            (rising edge-triggered cell FDRE clocked by rvv_clock  {rise@0.000ns fall@5.000ns period=10.000ns})
  Path Group:             rvv_clock
  Path Type:              Setup (Max at Slow Process Corner)
  Requirement:            10.000ns  (rvv_clock rise@10.000ns - rvv_clock rise@0.000ns)
  Data Path Delay:        11.113ns  (logic 3.812ns (34.302%)  route 7.301ns (65.698%))
  Logic Levels:           32  (CARRY8=4 LUT2=1 LUT3=2 LUT4=4 LUT5=2 LUT6=13 MUXF7=4 MUXF8=2)
  Clock Uncertainty:      0.035ns  ((TSJ^2 + TIJ^2)^1/2 + DJ) / 2 + PE
    Total System Jitter     (TSJ):    0.071ns
    Total Input Jitter      (TIJ):    0.000ns
    Discrete Jitter          (DJ):    0.000ns
    Phase Error              (PE):    0.000ns

    Location             Delay type                Incr(ns)  Path(ns)    Netlist Resource(s)
  -------------------------------------------------------------------    -------------------
                         (clock rvv_clock rise edge)
                                                      0.000     0.000 r  
                         propagated clock network latency
                                                      0.000     0.000    
                         RAMB36E2                     0.000     0.000 r  mem/returnBuffer/ram_ext/Memory_reg_0/CLKARDCLK
                         RAMB36E2 (Prop_RAMB36E2_CLKARDCLK_DOUTADOUT[13])
                                                      1.216     1.216 r  mem/returnBuffer/ram_ext/Memory_reg_0/DOUTADOUT[13]
                         net (fo=720, unplaced)       0.532     1.748    mem/returnBuffer/ram_ext/_returnBuffer_io_deq_bits_slot[0]
                         LUT6 (Prop_LUT6_I4_O)        0.074     1.822 r  mem/returnBuffer/ram_ext/writes_62[31]_i_114/O
                         net (fo=1, unplaced)         0.000     1.822    mem/returnBuffer/ram_ext/writes_62[31]_i_114_n_0
                         MUXF7 (Prop_MUXF7_I0_O)      0.068     1.890 r  mem/returnBuffer/ram_ext/writes_62_reg[31]_i_51/O
                         net (fo=6, unplaced)         0.286     2.176    mem/returnBuffer/ram_ext/writes_62_reg[31]_i_51_n_0
                         LUT6 (Prop_LUT6_I0_O)        0.132     2.308 r  mem/returnBuffer/ram_ext/io_counters_warStall_0_x[63]_i_9335/O
                         net (fo=128, unplaced)       0.371     2.679    sb/io_counters_warStall_0_x_reg[63]_i_5276[0]
                         MUXF7 (Prop_MUXF7_S_O)       0.103     2.782 f  sb/io_counters_warStall_0_x_reg[63]_i_9005/O
                         net (fo=1, unplaced)         0.000     2.782    sb/io_counters_warStall_0_x_reg[63]_i_9005_n_0
                         MUXF8 (Prop_MUXF8_I1_O)      0.059     2.841 f  sb/io_counters_warStall_0_x_reg[63]_i_8161/O
                         net (fo=1, unplaced)         0.262     3.103    sb/io_counters_warStall_0_x_reg[63]_i_8161_n_0
                         LUT6 (Prop_LUT6_I0_O)        0.136     3.239 f  sb/io_counters_warStall_0_x[63]_i_6769/O
                         net (fo=1, unplaced)         0.000     3.239    mem/returnBuffer/ram_ext/io_counters_warStall_0_x[63]_i_7578_1
                         MUXF7 (Prop_MUXF7_I0_O)      0.068     3.307 f  mem/returnBuffer/ram_ext/io_counters_warStall_0_x_reg[63]_i_5277/O
                         net (fo=166, unplaced)       0.345     3.652    mem/returnBuffer/ram_ext/io_counters_warStall_0_x_reg[63]_i_5277_n_0
                         LUT4 (Prop_LUT4_I3_O)        0.095     3.747 f  mem/returnBuffer/ram_ext/io_counters_warStall_0_x[63]_i_8678/O
                         net (fo=1, unplaced)         0.294     4.041    mem/returnBuffer/ram_ext/io_counters_warStall_0_x[63]_i_8678_n_0
                         CARRY8 (Prop_CARRY8_DI[0]_CO[7])
                                                      0.373     4.414 f  mem/returnBuffer/ram_ext/io_counters_warStall_0_x_reg[63]_i_7644/CO[7]
                         net (fo=1, unplaced)         0.000     4.414    mem/returnBuffer/ram_ext/io_counters_warStall_0_x_reg[63]_i_7644_n_0
                         CARRY8 (Prop_CARRY8_CI_CO[7])
                                                      0.028     4.442 f  mem/returnBuffer/ram_ext/io_counters_warStall_0_x_reg[63]_i_6297/CO[7]
                         net (fo=1, unplaced)         0.000     4.442    mem/returnBuffer/ram_ext/io_counters_warStall_0_x_reg[63]_i_6297_n_0
                         CARRY8 (Prop_CARRY8_CI_CO[7])
                                                      0.028     4.470 f  mem/returnBuffer/ram_ext/io_counters_warStall_0_x_reg[63]_i_4820/CO[7]
                         net (fo=1, unplaced)         0.000     4.470    mem/returnBuffer/ram_ext/io_counters_warStall_0_x_reg[63]_i_4820_n_0
                         CARRY8 (Prop_CARRY8_CI_CO[7])
                                                      0.028     4.498 f  mem/returnBuffer/ram_ext/io_counters_warStall_0_x_reg[63]_i_3452/CO[7]
                         net (fo=64, unplaced)        0.187     4.685    sb/io_counters_wawStall_0_x[63]_i_1018_1[0]
                         LUT6 (Prop_LUT6_I1_O)        0.071     4.756 f  sb/io_counters_warStall_0_x[63]_i_2267/O
                         net (fo=1, unplaced)         0.249     5.005    sb/io_counters_warStall_0_x[63]_i_2267_n_0
                         LUT6 (Prop_LUT6_I5_O)        0.040     5.045 f  sb/io_counters_warStall_0_x[63]_i_1085/O
                         net (fo=1, unplaced)         0.249     5.294    sb/io_counters_warStall_0_x[63]_i_1085_n_0
                         LUT6 (Prop_LUT6_I5_O)        0.040     5.334 f  sb/io_counters_warStall_0_x[63]_i_407/O
                         net (fo=1, unplaced)         0.251     5.585    sb/io_counters_warStall_0_x[63]_i_407_n_0
                         LUT4 (Prop_LUT4_I0_O)        0.132     5.717 f  sb/io_counters_warStall_0_x[63]_i_137/O
                         net (fo=1, unplaced)         0.249     5.966    sb/io_counters_warStall_0_x[63]_i_137_n_0
                         LUT6 (Prop_LUT6_I2_O)        0.040     6.006 f  sb/io_counters_warStall_0_x[63]_i_28/O
                         net (fo=1, unplaced)         0.249     6.255    sb/io_war_11[19]
                         LUT6 (Prop_LUT6_I5_O)        0.040     6.295 f  sb/io_counters_warStall_0_x[63]_i_7/O
                         net (fo=1, unplaced)         0.251     6.546    sb/io_counters_warStall_0_x[63]_i_7_n_0
                         LUT4 (Prop_LUT4_I0_O)        0.132     6.678 f  sb/io_counters_warStall_0_x[63]_i_3/O
                         net (fo=1, unplaced)         0.251     6.929    sb/io_counters_warStall_0_x[63]_i_3_n_0
                         LUT5 (Prop_LUT5_I1_O)        0.132     7.061 f  sb/io_counters_warStall_0_x[63]_i_1/O
                         net (fo=66, unplaced)        0.325     7.386    sb/_sb_io_war_1
                         LUT6 (Prop_LUT6_I5_O)        0.040     7.426 f  sb/io_loadRegisterComplete_valid_INST_0_i_3/O
                         net (fo=10, unplaced)        0.282     7.708    mem/returnBuffer/ram_ext/io_blocked_10
                         LUT6 (Prop_LUT6_I5_O)        0.040     7.748 f  mem/returnBuffer/ram_ext/io_macRead_valid_INST_0_i_27/O
                         net (fo=15, unplaced)        0.292     8.040    mem/returnBuffer/ram_ext/Memory_reg_0_201
                         LUT6 (Prop_LUT6_I5_O)        0.040     8.080 f  mem/returnBuffer/ram_ext/memory_reg_1_i_78/O
                         net (fo=4, unplaced)         0.264     8.344    mem/returnBuffer/ram_ext/operandRow_reg[1]
                         LUT4 (Prop_LUT4_I0_O)        0.132     8.476 r  mem/returnBuffer/ram_ext/io_loadRegisterComplete_valid_INST_0_i_4/O
                         net (fo=6, unplaced)         0.271     8.747    mem/returnBuffer/ram_ext/_vrf_io_write_0_ready
                         LUT3 (Prop_LUT3_I2_O)        0.040     8.787 r  mem/returnBuffer/ram_ext/piece[5]_i_2/O
                         net (fo=1085, unplaced)      0.389     9.176    mem/returnBuffer/ram_ext/maybe_full_reg_0
                         LUT2 (Prop_LUT2_I0_O)        0.040     9.216 r  mem/returnBuffer/ram_ext/writes_62[23]_i_40/O
                         net (fo=132, unplaced)       0.372     9.588    sb/writes_62[23]_i_6_0
                         MUXF7 (Prop_MUXF7_S_O)       0.103     9.691 r  sb/writes_62_reg[14]_i_74/O
                         net (fo=1, unplaced)         0.000     9.691    sb/writes_62_reg[14]_i_74_n_0
                         MUXF8 (Prop_MUXF8_I1_O)      0.059     9.750 r  sb/writes_62_reg[14]_i_35/O
                         net (fo=1, unplaced)         0.262    10.012    sb/writes_62_reg[14]_i_35_n_0
                         LUT6 (Prop_LUT6_I0_O)        0.132    10.144 r  sb/writes_62[14]_i_17/O
                         net (fo=1, unplaced)         0.216    10.360    sb/writes_62[14]_i_17_n_0
                         LUT6 (Prop_LUT6_I0_O)        0.071    10.431 r  sb/writes_62[14]_i_6/O
                         net (fo=83, unplaced)        0.330    10.761    mem/returnBuffer/ram_ext/writes_00[14]
                         LUT5 (Prop_LUT5_I1_O)        0.040    10.801 r  mem/returnBuffer/ram_ext/writes_0[14]_i_2/O
                         net (fo=1, unplaced)         0.249    11.050    cross_0/writes_0_reg[14]
                         LUT3 (Prop_LUT3_I0_O)        0.040    11.090 r  cross_0/writes_0[14]_i_1/O
                         net (fo=1, unplaced)         0.023    11.113    sb/writes_0_reg[31]_10[14]
                         FDRE                                         r  sb/writes_0_reg[14]/D
  -------------------------------------------------------------------    -------------------

                         (clock rvv_clock rise edge)
                                                     10.000    10.000 r  
                         propagated clock network latency
                                                      0.000    10.000    
                         clock pessimism              0.000    10.000    
                         clock uncertainty           -0.035     9.965    
                         FDRE (Setup_FDRE_C_D)        0.059    10.024    sb/writes_0_reg[14]
  -------------------------------------------------------------------
                         required time                         10.024    
                         arrival time                         -11.113    
  -------------------------------------------------------------------
                         slack                                 -1.089    

Slack (VIOLATED) :        -1.089ns  (required time - arrival time)
  Source:                 mem/returnBuffer/ram_ext/Memory_reg_0/CLKARDCLK
                            (rising edge-triggered cell RAMB36E2 clocked by rvv_clock  {rise@0.000ns fall@5.000ns period=10.000ns})
  Destination:            sb/writes_0_reg[15]/D
                            (rising edge-triggered cell FDRE clocked by rvv_clock  {rise@0.000ns fall@5.000ns period=10.000ns})
  Path Group:             rvv_clock
  Path Type:              Setup (Max at Slow Process Corner)
  Requirement:            10.000ns  (rvv_clock rise@10.000ns - rvv_clock rise@0.000ns)
  Data Path Delay:        11.113ns  (logic 3.812ns (34.302%)  route 7.301ns (65.698%))
  Logic Levels:           32  (CARRY8=4 LUT2=1 LUT3=2 LUT4=4 LUT5=2 LUT6=13 MUXF7=4 MUXF8=2)
  Clock Uncertainty:      0.035ns  ((TSJ^2 + TIJ^2)^1/2 + DJ) / 2 + PE
    Total System Jitter     (TSJ):    0.071ns
    Total Input Jitter      (TIJ):    0.000ns
    Discrete Jitter          (DJ):    0.000ns
    Phase Error              (PE):    0.000ns

    Location             Delay type                Incr(ns)  Path(ns)    Netlist Resource(s)
  -------------------------------------------------------------------    -------------------
                         (clock rvv_clock rise edge)
                                                      0.000     0.000 r  
                         propagated clock network latency
                                                      0.000     0.000    
                         RAMB36E2                     0.000     0.000 r  mem/returnBuffer/ram_ext/Memory_reg_0/CLKARDCLK
                         RAMB36E2 (Prop_RAMB36E2_CLKARDCLK_DOUTADOUT[13])
                                                      1.216     1.216 r  mem/returnBuffer/ram_ext/Memory_reg_0/DOUTADOUT[13]
                         net (fo=720, unplaced)       0.532     1.748    mem/returnBuffer/ram_ext/_returnBuffer_io_deq_bits_slot[0]
                         LUT6 (Prop_LUT6_I4_O)        0.074     1.822 r  mem/returnBuffer/ram_ext/writes_62[31]_i_114/O
                         net (fo=1, unplaced)         0.000     1.822    mem/returnBuffer/ram_ext/writes_62[31]_i_114_n_0
                         MUXF7 (Prop_MUXF7_I0_O)      0.068     1.890 r  mem/returnBuffer/ram_ext/writes_62_reg[31]_i_51/O
                         net (fo=6, unplaced)         0.286     2.176    mem/returnBuffer/ram_ext/writes_62_reg[31]_i_51_n_0
                         LUT6 (Prop_LUT6_I0_O)        0.132     2.308 r  mem/returnBuffer/ram_ext/io_counters_warStall_0_x[63]_i_9335/O
                         net (fo=128, unplaced)       0.371     2.679    sb/io_counters_warStall_0_x_reg[63]_i_5276[0]
                         MUXF7 (Prop_MUXF7_S_O)       0.103     2.782 f  sb/io_counters_warStall_0_x_reg[63]_i_9005/O
                         net (fo=1, unplaced)         0.000     2.782    sb/io_counters_warStall_0_x_reg[63]_i_9005_n_0
                         MUXF8 (Prop_MUXF8_I1_O)      0.059     2.841 f  sb/io_counters_warStall_0_x_reg[63]_i_8161/O
                         net (fo=1, unplaced)         0.262     3.103    sb/io_counters_warStall_0_x_reg[63]_i_8161_n_0
                         LUT6 (Prop_LUT6_I0_O)        0.136     3.239 f  sb/io_counters_warStall_0_x[63]_i_6769/O
                         net (fo=1, unplaced)         0.000     3.239    mem/returnBuffer/ram_ext/io_counters_warStall_0_x[63]_i_7578_1
                         MUXF7 (Prop_MUXF7_I0_O)      0.068     3.307 f  mem/returnBuffer/ram_ext/io_counters_warStall_0_x_reg[63]_i_5277/O
                         net (fo=166, unplaced)       0.345     3.652    mem/returnBuffer/ram_ext/io_counters_warStall_0_x_reg[63]_i_5277_n_0
                         LUT4 (Prop_LUT4_I3_O)        0.095     3.747 f  mem/returnBuffer/ram_ext/io_counters_warStall_0_x[63]_i_8678/O
                         net (fo=1, unplaced)         0.294     4.041    mem/returnBuffer/ram_ext/io_counters_warStall_0_x[63]_i_8678_n_0
                         CARRY8 (Prop_CARRY8_DI[0]_CO[7])
                                                      0.373     4.414 f  mem/returnBuffer/ram_ext/io_counters_warStall_0_x_reg[63]_i_7644/CO[7]
                         net (fo=1, unplaced)         0.000     4.414    mem/returnBuffer/ram_ext/io_counters_warStall_0_x_reg[63]_i_7644_n_0
                         CARRY8 (Prop_CARRY8_CI_CO[7])
                                                      0.028     4.442 f  mem/returnBuffer/ram_ext/io_counters_warStall_0_x_reg[63]_i_6297/CO[7]
                         net (fo=1, unplaced)         0.000     4.442    mem/returnBuffer/ram_ext/io_counters_warStall_0_x_reg[63]_i_6297_n_0
                         CARRY8 (Prop_CARRY8_CI_CO[7])
                                                      0.028     4.470 f  mem/returnBuffer/ram_ext/io_counters_warStall_0_x_reg[63]_i_4820/CO[7]
                         net (fo=1, unplaced)         0.000     4.470    mem/returnBuffer/ram_ext/io_counters_warStall_0_x_reg[63]_i_4820_n_0
                         CARRY8 (Prop_CARRY8_CI_CO[7])
                                                      0.028     4.498 f  mem/returnBuffer/ram_ext/io_counters_warStall_0_x_reg[63]_i_3452/CO[7]
                         net (fo=64, unplaced)        0.187     4.685    sb/io_counters_wawStall_0_x[63]_i_1018_1[0]
                         LUT6 (Prop_LUT6_I1_O)        0.071     4.756 f  sb/io_counters_warStall_0_x[63]_i_2267/O
                         net (fo=1, unplaced)         0.249     5.005    sb/io_counters_warStall_0_x[63]_i_2267_n_0
                         LUT6 (Prop_LUT6_I5_O)        0.040     5.045 f  sb/io_counters_warStall_0_x[63]_i_1085/O
                         net (fo=1, unplaced)         0.249     5.294    sb/io_counters_warStall_0_x[63]_i_1085_n_0
                         LUT6 (Prop_LUT6_I5_O)        0.040     5.334 f  sb/io_counters_warStall_0_x[63]_i_407/O
                         net (fo=1, unplaced)         0.251     5.585    sb/io_counters_warStall_0_x[63]_i_407_n_0
                         LUT4 (Prop_LUT4_I0_O)        0.132     5.717 f  sb/io_counters_warStall_0_x[63]_i_137/O
                         net (fo=1, unplaced)         0.249     5.966    sb/io_counters_warStall_0_x[63]_i_137_n_0
                         LUT6 (Prop_LUT6_I2_O)        0.040     6.006 f  sb/io_counters_warStall_0_x[63]_i_28/O
                         net (fo=1, unplaced)         0.249     6.255    sb/io_war_11[19]
                         LUT6 (Prop_LUT6_I5_O)        0.040     6.295 f  sb/io_counters_warStall_0_x[63]_i_7/O
                         net (fo=1, unplaced)         0.251     6.546    sb/io_counters_warStall_0_x[63]_i_7_n_0
                         LUT4 (Prop_LUT4_I0_O)        0.132     6.678 f  sb/io_counters_warStall_0_x[63]_i_3/O
                         net (fo=1, unplaced)         0.251     6.929    sb/io_counters_warStall_0_x[63]_i_3_n_0
                         LUT5 (Prop_LUT5_I1_O)        0.132     7.061 f  sb/io_counters_warStall_0_x[63]_i_1/O
                         net (fo=66, unplaced)        0.325     7.386    sb/_sb_io_war_1
                         LUT6 (Prop_LUT6_I5_O)        0.040     7.426 f  sb/io_loadRegisterComplete_valid_INST_0_i_3/O
                         net (fo=10, unplaced)        0.282     7.708    mem/returnBuffer/ram_ext/io_blocked_10
                         LUT6 (Prop_LUT6_I5_O)        0.040     7.748 f  mem/returnBuffer/ram_ext/io_macRead_valid_INST_0_i_27/O
                         net (fo=15, unplaced)        0.292     8.040    mem/returnBuffer/ram_ext/Memory_reg_0_201
                         LUT6 (Prop_LUT6_I5_O)        0.040     8.080 f  mem/returnBuffer/ram_ext/memory_reg_1_i_78/O
                         net (fo=4, unplaced)         0.264     8.344    mem/returnBuffer/ram_ext/operandRow_reg[1]
                         LUT4 (Prop_LUT4_I0_O)        0.132     8.476 r  mem/returnBuffer/ram_ext/io_loadRegisterComplete_valid_INST_0_i_4/O
                         net (fo=6, unplaced)         0.271     8.747    mem/returnBuffer/ram_ext/_vrf_io_write_0_ready
                         LUT3 (Prop_LUT3_I2_O)        0.040     8.787 r  mem/returnBuffer/ram_ext/piece[5]_i_2/O
                         net (fo=1085, unplaced)      0.389     9.176    mem/returnBuffer/ram_ext/maybe_full_reg_0
                         LUT2 (Prop_LUT2_I0_O)        0.040     9.216 r  mem/returnBuffer/ram_ext/writes_62[23]_i_40/O
                         net (fo=132, unplaced)       0.372     9.588    sb/writes_62[23]_i_6_0
                         MUXF7 (Prop_MUXF7_S_O)       0.103     9.691 r  sb/writes_62_reg[15]_i_74/O
                         net (fo=1, unplaced)         0.000     9.691    sb/writes_62_reg[15]_i_74_n_0
                         MUXF8 (Prop_MUXF8_I1_O)      0.059     9.750 r  sb/writes_62_reg[15]_i_35/O
                         net (fo=1, unplaced)         0.262    10.012    sb/writes_62_reg[15]_i_35_n_0
                         LUT6 (Prop_LUT6_I0_O)        0.132    10.144 r  sb/writes_62[15]_i_17/O
                         net (fo=1, unplaced)         0.216    10.360    sb/writes_62[15]_i_17_n_0
                         LUT6 (Prop_LUT6_I0_O)        0.071    10.431 r  sb/writes_62[15]_i_6/O
                         net (fo=83, unplaced)        0.330    10.761    mem/returnBuffer/ram_ext/writes_00[15]
                         LUT5 (Prop_LUT5_I1_O)        0.040    10.801 r  mem/returnBuffer/ram_ext/writes_0[15]_i_2/O
                         net (fo=1, unplaced)         0.249    11.050    cross_0/writes_0_reg[15]
                         LUT3 (Prop_LUT3_I0_O)        0.040    11.090 r  cross_0/writes_0[15]_i_1/O
                         net (fo=1, unplaced)         0.023    11.113    sb/writes_0_reg[31]_10[15]
                         FDRE                                         r  sb/writes_0_reg[15]/D
  -------------------------------------------------------------------    -------------------

                         (clock rvv_clock rise edge)
                                                     10.000    10.000 r  
                         propagated clock network latency
                                                      0.000    10.000    
                         clock pessimism              0.000    10.000    
                         clock uncertainty           -0.035     9.965    
                         FDRE (Setup_FDRE_C_D)        0.059    10.024    sb/writes_0_reg[15]
  -------------------------------------------------------------------
                         required time                         10.024    
                         arrival time                         -11.113    
  -------------------------------------------------------------------
                         slack                                 -1.089    

Slack (VIOLATED) :        -1.089ns  (required time - arrival time)
  Source:                 mem/returnBuffer/ram_ext/Memory_reg_0/CLKARDCLK
                            (rising edge-triggered cell RAMB36E2 clocked by rvv_clock  {rise@0.000ns fall@5.000ns period=10.000ns})
  Destination:            sb/writes_0_reg[16]/D
                            (rising edge-triggered cell FDRE clocked by rvv_clock  {rise@0.000ns fall@5.000ns period=10.000ns})
  Path Group:             rvv_clock
  Path Type:              Setup (Max at Slow Process Corner)
  Requirement:            10.000ns  (rvv_clock rise@10.000ns - rvv_clock rise@0.000ns)
  Data Path Delay:        11.113ns  (logic 3.812ns (34.302%)  route 7.301ns (65.698%))
  Logic Levels:           32  (CARRY8=4 LUT2=1 LUT3=2 LUT4=4 LUT5=2 LUT6=13 MUXF7=4 MUXF8=2)
  Clock Uncertainty:      0.035ns  ((TSJ^2 + TIJ^2)^1/2 + DJ) / 2 + PE
    Total System Jitter     (TSJ):    0.071ns
    Total Input Jitter      (TIJ):    0.000ns
    Discrete Jitter          (DJ):    0.000ns
    Phase Error              (PE):    0.000ns

    Location             Delay type                Incr(ns)  Path(ns)    Netlist Resource(s)
  -------------------------------------------------------------------    -------------------
                         (clock rvv_clock rise edge)
                                                      0.000     0.000 r  
                         propagated clock network latency
                                                      0.000     0.000    
                         RAMB36E2                     0.000     0.000 r  mem/returnBuffer/ram_ext/Memory_reg_0/CLKARDCLK
                         RAMB36E2 (Prop_RAMB36E2_CLKARDCLK_DOUTADOUT[13])
                                                      1.216     1.216 r  mem/returnBuffer/ram_ext/Memory_reg_0/DOUTADOUT[13]
                         net (fo=720, unplaced)       0.532     1.748    mem/returnBuffer/ram_ext/_returnBuffer_io_deq_bits_slot[0]
                         LUT6 (Prop_LUT6_I4_O)        0.074     1.822 r  mem/returnBuffer/ram_ext/writes_62[31]_i_114/O
                         net (fo=1, unplaced)         0.000     1.822    mem/returnBuffer/ram_ext/writes_62[31]_i_114_n_0
                         MUXF7 (Prop_MUXF7_I0_O)      0.068     1.890 r  mem/returnBuffer/ram_ext/writes_62_reg[31]_i_51/O
                         net (fo=6, unplaced)         0.286     2.176    mem/returnBuffer/ram_ext/writes_62_reg[31]_i_51_n_0
                         LUT6 (Prop_LUT6_I0_O)        0.132     2.308 r  mem/returnBuffer/ram_ext/io_counters_warStall_0_x[63]_i_9335/O
                         net (fo=128, unplaced)       0.371     2.679    sb/io_counters_warStall_0_x_reg[63]_i_5276[0]
                         MUXF7 (Prop_MUXF7_S_O)       0.103     2.782 f  sb/io_counters_warStall_0_x_reg[63]_i_9005/O
                         net (fo=1, unplaced)         0.000     2.782    sb/io_counters_warStall_0_x_reg[63]_i_9005_n_0
                         MUXF8 (Prop_MUXF8_I1_O)      0.059     2.841 f  sb/io_counters_warStall_0_x_reg[63]_i_8161/O
                         net (fo=1, unplaced)         0.262     3.103    sb/io_counters_warStall_0_x_reg[63]_i_8161_n_0
                         LUT6 (Prop_LUT6_I0_O)        0.136     3.239 f  sb/io_counters_warStall_0_x[63]_i_6769/O
                         net (fo=1, unplaced)         0.000     3.239    mem/returnBuffer/ram_ext/io_counters_warStall_0_x[63]_i_7578_1
                         MUXF7 (Prop_MUXF7_I0_O)      0.068     3.307 f  mem/returnBuffer/ram_ext/io_counters_warStall_0_x_reg[63]_i_5277/O
                         net (fo=166, unplaced)       0.345     3.652    mem/returnBuffer/ram_ext/io_counters_warStall_0_x_reg[63]_i_5277_n_0
                         LUT4 (Prop_LUT4_I3_O)        0.095     3.747 f  mem/returnBuffer/ram_ext/io_counters_warStall_0_x[63]_i_8678/O
                         net (fo=1, unplaced)         0.294     4.041    mem/returnBuffer/ram_ext/io_counters_warStall_0_x[63]_i_8678_n_0
                         CARRY8 (Prop_CARRY8_DI[0]_CO[7])
                                                      0.373     4.414 f  mem/returnBuffer/ram_ext/io_counters_warStall_0_x_reg[63]_i_7644/CO[7]
                         net (fo=1, unplaced)         0.000     4.414    mem/returnBuffer/ram_ext/io_counters_warStall_0_x_reg[63]_i_7644_n_0
                         CARRY8 (Prop_CARRY8_CI_CO[7])
                                                      0.028     4.442 f  mem/returnBuffer/ram_ext/io_counters_warStall_0_x_reg[63]_i_6297/CO[7]
                         net (fo=1, unplaced)         0.000     4.442    mem/returnBuffer/ram_ext/io_counters_warStall_0_x_reg[63]_i_6297_n_0
                         CARRY8 (Prop_CARRY8_CI_CO[7])
                                                      0.028     4.470 f  mem/returnBuffer/ram_ext/io_counters_warStall_0_x_reg[63]_i_4820/CO[7]
                         net (fo=1, unplaced)         0.000     4.470    mem/returnBuffer/ram_ext/io_counters_warStall_0_x_reg[63]_i_4820_n_0
                         CARRY8 (Prop_CARRY8_CI_CO[7])
                                                      0.028     4.498 f  mem/returnBuffer/ram_ext/io_counters_warStall_0_x_reg[63]_i_3452/CO[7]
                         net (fo=64, unplaced)        0.187     4.685    sb/io_counters_wawStall_0_x[63]_i_1018_1[0]
                         LUT6 (Prop_LUT6_I1_O)        0.071     4.756 f  sb/io_counters_warStall_0_x[63]_i_2267/O
                         net (fo=1, unplaced)         0.249     5.005    sb/io_counters_warStall_0_x[63]_i_2267_n_0
                         LUT6 (Prop_LUT6_I5_O)        0.040     5.045 f  sb/io_counters_warStall_0_x[63]_i_1085/O
                         net (fo=1, unplaced)         0.249     5.294    sb/io_counters_warStall_0_x[63]_i_1085_n_0
                         LUT6 (Prop_LUT6_I5_O)        0.040     5.334 f  sb/io_counters_warStall_0_x[63]_i_407/O
                         net (fo=1, unplaced)         0.251     5.585    sb/io_counters_warStall_0_x[63]_i_407_n_0
                         LUT4 (Prop_LUT4_I0_O)        0.132     5.717 f  sb/io_counters_warStall_0_x[63]_i_137/O
                         net (fo=1, unplaced)         0.249     5.966    sb/io_counters_warStall_0_x[63]_i_137_n_0
                         LUT6 (Prop_LUT6_I2_O)        0.040     6.006 f  sb/io_counters_warStall_0_x[63]_i_28/O
                         net (fo=1, unplaced)         0.249     6.255    sb/io_war_11[19]
                         LUT6 (Prop_LUT6_I5_O)        0.040     6.295 f  sb/io_counters_warStall_0_x[63]_i_7/O
                         net (fo=1, unplaced)         0.251     6.546    sb/io_counters_warStall_0_x[63]_i_7_n_0
                         LUT4 (Prop_LUT4_I0_O)        0.132     6.678 f  sb/io_counters_warStall_0_x[63]_i_3/O
                         net (fo=1, unplaced)         0.251     6.929    sb/io_counters_warStall_0_x[63]_i_3_n_0
                         LUT5 (Prop_LUT5_I1_O)        0.132     7.061 f  sb/io_counters_warStall_0_x[63]_i_1/O
                         net (fo=66, unplaced)        0.325     7.386    sb/_sb_io_war_1
                         LUT6 (Prop_LUT6_I5_O)        0.040     7.426 f  sb/io_loadRegisterComplete_valid_INST_0_i_3/O
                         net (fo=10, unplaced)        0.282     7.708    mem/returnBuffer/ram_ext/io_blocked_10
                         LUT6 (Prop_LUT6_I5_O)        0.040     7.748 f  mem/returnBuffer/ram_ext/io_macRead_valid_INST_0_i_27/O
                         net (fo=15, unplaced)        0.292     8.040    mem/returnBuffer/ram_ext/Memory_reg_0_201
                         LUT6 (Prop_LUT6_I5_O)        0.040     8.080 f  mem/returnBuffer/ram_ext/memory_reg_1_i_78/O
                         net (fo=4, unplaced)         0.264     8.344    mem/returnBuffer/ram_ext/operandRow_reg[1]
                         LUT4 (Prop_LUT4_I0_O)        0.132     8.476 r  mem/returnBuffer/ram_ext/io_loadRegisterComplete_valid_INST_0_i_4/O
                         net (fo=6, unplaced)         0.271     8.747    mem/returnBuffer/ram_ext/_vrf_io_write_0_ready
                         LUT3 (Prop_LUT3_I2_O)        0.040     8.787 r  mem/returnBuffer/ram_ext/piece[5]_i_2/O
                         net (fo=1085, unplaced)      0.389     9.176    mem/returnBuffer/ram_ext/maybe_full_reg_0
                         LUT2 (Prop_LUT2_I0_O)        0.040     9.216 r  mem/returnBuffer/ram_ext/writes_62[23]_i_40/O
                         net (fo=132, unplaced)       0.372     9.588    sb/writes_62[23]_i_6_0
                         MUXF7 (Prop_MUXF7_S_O)       0.103     9.691 r  sb/writes_62_reg[16]_i_73/O
                         net (fo=1, unplaced)         0.000     9.691    sb/writes_62_reg[16]_i_73_n_0
                         MUXF8 (Prop_MUXF8_I1_O)      0.059     9.750 r  sb/writes_62_reg[16]_i_34/O
                         net (fo=1, unplaced)         0.262    10.012    sb/writes_62_reg[16]_i_34_n_0
                         LUT6 (Prop_LUT6_I0_O)        0.132    10.144 r  sb/writes_62[16]_i_17/O
                         net (fo=1, unplaced)         0.216    10.360    sb/writes_62[16]_i_17_n_0
                         LUT6 (Prop_LUT6_I0_O)        0.071    10.431 r  sb/writes_62[16]_i_6/O
                         net (fo=83, unplaced)        0.330    10.761    mem/returnBuffer/ram_ext/writes_00[16]
                         LUT5 (Prop_LUT5_I1_O)        0.040    10.801 r  mem/returnBuffer/ram_ext/writes_0[16]_i_2/O
                         net (fo=1, unplaced)         0.249    11.050    cross_0/writes_0_reg[16]
                         LUT3 (Prop_LUT3_I0_O)        0.040    11.090 r  cross_0/writes_0[16]_i_1/O
                         net (fo=1, unplaced)         0.023    11.113    sb/writes_0_reg[31]_10[16]
                         FDRE                                         r  sb/writes_0_reg[16]/D
  -------------------------------------------------------------------    -------------------

                         (clock rvv_clock rise edge)
                                                     10.000    10.000 r  
                         propagated clock network latency
                                                      0.000    10.000    
                         clock pessimism              0.000    10.000    
                         clock uncertainty           -0.035     9.965    
                         FDRE (Setup_FDRE_C_D)        0.059    10.024    sb/writes_0_reg[16]
  -------------------------------------------------------------------
                         required time                         10.024    
                         arrival time                         -11.113    
  -------------------------------------------------------------------
                         slack                                 -1.089    

Slack (VIOLATED) :        -1.089ns  (required time - arrival time)
  Source:                 mem/returnBuffer/ram_ext/Memory_reg_0/CLKARDCLK
                            (rising edge-triggered cell RAMB36E2 clocked by rvv_clock  {rise@0.000ns fall@5.000ns period=10.000ns})
  Destination:            sb/writes_0_reg[17]/D
                            (rising edge-triggered cell FDRE clocked by rvv_clock  {rise@0.000ns fall@5.000ns period=10.000ns})
  Path Group:             rvv_clock
  Path Type:              Setup (Max at Slow Process Corner)
  Requirement:            10.000ns  (rvv_clock rise@10.000ns - rvv_clock rise@0.000ns)
  Data Path Delay:        11.113ns  (logic 3.812ns (34.302%)  route 7.301ns (65.698%))
  Logic Levels:           32  (CARRY8=4 LUT2=1 LUT3=2 LUT4=4 LUT5=2 LUT6=13 MUXF7=4 MUXF8=2)
  Clock Uncertainty:      0.035ns  ((TSJ^2 + TIJ^2)^1/2 + DJ) / 2 + PE
    Total System Jitter     (TSJ):    0.071ns
    Total Input Jitter      (TIJ):    0.000ns
    Discrete Jitter          (DJ):    0.000ns
    Phase Error              (PE):    0.000ns

    Location             Delay type                Incr(ns)  Path(ns)    Netlist Resource(s)
  -------------------------------------------------------------------    -------------------
                         (clock rvv_clock rise edge)
                                                      0.000     0.000 r  
                         propagated clock network latency
                                                      0.000     0.000    
                         RAMB36E2                     0.000     0.000 r  mem/returnBuffer/ram_ext/Memory_reg_0/CLKARDCLK
                         RAMB36E2 (Prop_RAMB36E2_CLKARDCLK_DOUTADOUT[13])
                                                      1.216     1.216 r  mem/returnBuffer/ram_ext/Memory_reg_0/DOUTADOUT[13]
                         net (fo=720, unplaced)       0.532     1.748    mem/returnBuffer/ram_ext/_returnBuffer_io_deq_bits_slot[0]
                         LUT6 (Prop_LUT6_I4_O)        0.074     1.822 r  mem/returnBuffer/ram_ext/writes_62[31]_i_114/O
                         net (fo=1, unplaced)         0.000     1.822    mem/returnBuffer/ram_ext/writes_62[31]_i_114_n_0
                         MUXF7 (Prop_MUXF7_I0_O)      0.068     1.890 r  mem/returnBuffer/ram_ext/writes_62_reg[31]_i_51/O
                         net (fo=6, unplaced)         0.286     2.176    mem/returnBuffer/ram_ext/writes_62_reg[31]_i_51_n_0
                         LUT6 (Prop_LUT6_I0_O)        0.132     2.308 r  mem/returnBuffer/ram_ext/io_counters_warStall_0_x[63]_i_9335/O
                         net (fo=128, unplaced)       0.371     2.679    sb/io_counters_warStall_0_x_reg[63]_i_5276[0]
                         MUXF7 (Prop_MUXF7_S_O)       0.103     2.782 f  sb/io_counters_warStall_0_x_reg[63]_i_9005/O
                         net (fo=1, unplaced)         0.000     2.782    sb/io_counters_warStall_0_x_reg[63]_i_9005_n_0
                         MUXF8 (Prop_MUXF8_I1_O)      0.059     2.841 f  sb/io_counters_warStall_0_x_reg[63]_i_8161/O
                         net (fo=1, unplaced)         0.262     3.103    sb/io_counters_warStall_0_x_reg[63]_i_8161_n_0
                         LUT6 (Prop_LUT6_I0_O)        0.136     3.239 f  sb/io_counters_warStall_0_x[63]_i_6769/O
                         net (fo=1, unplaced)         0.000     3.239    mem/returnBuffer/ram_ext/io_counters_warStall_0_x[63]_i_7578_1
                         MUXF7 (Prop_MUXF7_I0_O)      0.068     3.307 f  mem/returnBuffer/ram_ext/io_counters_warStall_0_x_reg[63]_i_5277/O
                         net (fo=166, unplaced)       0.345     3.652    mem/returnBuffer/ram_ext/io_counters_warStall_0_x_reg[63]_i_5277_n_0
                         LUT4 (Prop_LUT4_I3_O)        0.095     3.747 f  mem/returnBuffer/ram_ext/io_counters_warStall_0_x[63]_i_8678/O
                         net (fo=1, unplaced)         0.294     4.041    mem/returnBuffer/ram_ext/io_counters_warStall_0_x[63]_i_8678_n_0
                         CARRY8 (Prop_CARRY8_DI[0]_CO[7])
                                                      0.373     4.414 f  mem/returnBuffer/ram_ext/io_counters_warStall_0_x_reg[63]_i_7644/CO[7]
                         net (fo=1, unplaced)         0.000     4.414    mem/returnBuffer/ram_ext/io_counters_warStall_0_x_reg[63]_i_7644_n_0
                         CARRY8 (Prop_CARRY8_CI_CO[7])
                                                      0.028     4.442 f  mem/returnBuffer/ram_ext/io_counters_warStall_0_x_reg[63]_i_6297/CO[7]
                         net (fo=1, unplaced)         0.000     4.442    mem/returnBuffer/ram_ext/io_counters_warStall_0_x_reg[63]_i_6297_n_0
                         CARRY8 (Prop_CARRY8_CI_CO[7])
                                                      0.028     4.470 f  mem/returnBuffer/ram_ext/io_counters_warStall_0_x_reg[63]_i_4820/CO[7]
                         net (fo=1, unplaced)         0.000     4.470    mem/returnBuffer/ram_ext/io_counters_warStall_0_x_reg[63]_i_4820_n_0
                         CARRY8 (Prop_CARRY8_CI_CO[7])
                                                      0.028     4.498 f  mem/returnBuffer/ram_ext/io_counters_warStall_0_x_reg[63]_i_3452/CO[7]
                         net (fo=64, unplaced)        0.187     4.685    sb/io_counters_wawStall_0_x[63]_i_1018_1[0]
                         LUT6 (Prop_LUT6_I1_O)        0.071     4.756 f  sb/io_counters_warStall_0_x[63]_i_2267/O
                         net (fo=1, unplaced)         0.249     5.005    sb/io_counters_warStall_0_x[63]_i_2267_n_0
                         LUT6 (Prop_LUT6_I5_O)        0.040     5.045 f  sb/io_counters_warStall_0_x[63]_i_1085/O
                         net (fo=1, unplaced)         0.249     5.294    sb/io_counters_warStall_0_x[63]_i_1085_n_0
                         LUT6 (Prop_LUT6_I5_O)        0.040     5.334 f  sb/io_counters_warStall_0_x[63]_i_407/O
                         net (fo=1, unplaced)         0.251     5.585    sb/io_counters_warStall_0_x[63]_i_407_n_0
                         LUT4 (Prop_LUT4_I0_O)        0.132     5.717 f  sb/io_counters_warStall_0_x[63]_i_137/O
                         net (fo=1, unplaced)         0.249     5.966    sb/io_counters_warStall_0_x[63]_i_137_n_0
                         LUT6 (Prop_LUT6_I2_O)        0.040     6.006 f  sb/io_counters_warStall_0_x[63]_i_28/O
                         net (fo=1, unplaced)         0.249     6.255    sb/io_war_11[19]
                         LUT6 (Prop_LUT6_I5_O)        0.040     6.295 f  sb/io_counters_warStall_0_x[63]_i_7/O
                         net (fo=1, unplaced)         0.251     6.546    sb/io_counters_warStall_0_x[63]_i_7_n_0
                         LUT4 (Prop_LUT4_I0_O)        0.132     6.678 f  sb/io_counters_warStall_0_x[63]_i_3/O
                         net (fo=1, unplaced)         0.251     6.929    sb/io_counters_warStall_0_x[63]_i_3_n_0
                         LUT5 (Prop_LUT5_I1_O)        0.132     7.061 f  sb/io_counters_warStall_0_x[63]_i_1/O
                         net (fo=66, unplaced)        0.325     7.386    sb/_sb_io_war_1
                         LUT6 (Prop_LUT6_I5_O)        0.040     7.426 f  sb/io_loadRegisterComplete_valid_INST_0_i_3/O
                         net (fo=10, unplaced)        0.282     7.708    mem/returnBuffer/ram_ext/io_blocked_10
                         LUT6 (Prop_LUT6_I5_O)        0.040     7.748 f  mem/returnBuffer/ram_ext/io_macRead_valid_INST_0_i_27/O
                         net (fo=15, unplaced)        0.292     8.040    mem/returnBuffer/ram_ext/Memory_reg_0_201
                         LUT6 (Prop_LUT6_I5_O)        0.040     8.080 f  mem/returnBuffer/ram_ext/memory_reg_1_i_78/O
                         net (fo=4, unplaced)         0.264     8.344    mem/returnBuffer/ram_ext/operandRow_reg[1]
                         LUT4 (Prop_LUT4_I0_O)        0.132     8.476 r  mem/returnBuffer/ram_ext/io_loadRegisterComplete_valid_INST_0_i_4/O
                         net (fo=6, unplaced)         0.271     8.747    mem/returnBuffer/ram_ext/_vrf_io_write_0_ready
                         LUT3 (Prop_LUT3_I2_O)        0.040     8.787 r  mem/returnBuffer/ram_ext/piece[5]_i_2/O
                         net (fo=1085, unplaced)      0.389     9.176    mem/returnBuffer/ram_ext/maybe_full_reg_0
                         LUT2 (Prop_LUT2_I0_O)        0.040     9.216 r  mem/returnBuffer/ram_ext/writes_62[23]_i_40/O
                         net (fo=132, unplaced)       0.372     9.588    sb/writes_62[23]_i_6_0
                         MUXF7 (Prop_MUXF7_S_O)       0.103     9.691 r  sb/writes_62_reg[17]_i_73/O
                         net (fo=1, unplaced)         0.000     9.691    sb/writes_62_reg[17]_i_73_n_0
                         MUXF8 (Prop_MUXF8_I1_O)      0.059     9.750 r  sb/writes_62_reg[17]_i_34/O
                         net (fo=1, unplaced)         0.262    10.012    sb/writes_62_reg[17]_i_34_n_0
                         LUT6 (Prop_LUT6_I0_O)        0.132    10.144 r  sb/writes_62[17]_i_17/O
                         net (fo=1, unplaced)         0.216    10.360    sb/writes_62[17]_i_17_n_0
                         LUT6 (Prop_LUT6_I0_O)        0.071    10.431 r  sb/writes_62[17]_i_6/O
                         net (fo=83, unplaced)        0.330    10.761    mem/returnBuffer/ram_ext/writes_00[17]
                         LUT5 (Prop_LUT5_I1_O)        0.040    10.801 r  mem/returnBuffer/ram_ext/writes_0[17]_i_2/O
                         net (fo=1, unplaced)         0.249    11.050    cross_0/writes_0_reg[17]
                         LUT3 (Prop_LUT3_I0_O)        0.040    11.090 r  cross_0/writes_0[17]_i_1/O
                         net (fo=1, unplaced)         0.023    11.113    sb/writes_0_reg[31]_10[17]
                         FDRE                                         r  sb/writes_0_reg[17]/D
  -------------------------------------------------------------------    -------------------

                         (clock rvv_clock rise edge)
                                                     10.000    10.000 r  
                         propagated clock network latency
                                                      0.000    10.000    
                         clock pessimism              0.000    10.000    
                         clock uncertainty           -0.035     9.965    
                         FDRE (Setup_FDRE_C_D)        0.059    10.024    sb/writes_0_reg[17]
  -------------------------------------------------------------------
                         required time                         10.024    
                         arrival time                         -11.113    
  -------------------------------------------------------------------
                         slack                                 -1.089    

Slack (VIOLATED) :        -1.089ns  (required time - arrival time)
  Source:                 mem/returnBuffer/ram_ext/Memory_reg_0/CLKARDCLK
                            (rising edge-triggered cell RAMB36E2 clocked by rvv_clock  {rise@0.000ns fall@5.000ns period=10.000ns})
  Destination:            sb/writes_0_reg[18]/D
                            (rising edge-triggered cell FDRE clocked by rvv_clock  {rise@0.000ns fall@5.000ns period=10.000ns})
  Path Group:             rvv_clock
  Path Type:              Setup (Max at Slow Process Corner)
  Requirement:            10.000ns  (rvv_clock rise@10.000ns - rvv_clock rise@0.000ns)
  Data Path Delay:        11.113ns  (logic 3.812ns (34.302%)  route 7.301ns (65.698%))
  Logic Levels:           32  (CARRY8=4 LUT2=1 LUT3=2 LUT4=4 LUT5=2 LUT6=13 MUXF7=4 MUXF8=2)
  Clock Uncertainty:      0.035ns  ((TSJ^2 + TIJ^2)^1/2 + DJ) / 2 + PE
    Total System Jitter     (TSJ):    0.071ns
    Total Input Jitter      (TIJ):    0.000ns
    Discrete Jitter          (DJ):    0.000ns
    Phase Error              (PE):    0.000ns

    Location             Delay type                Incr(ns)  Path(ns)    Netlist Resource(s)
  -------------------------------------------------------------------    -------------------
                         (clock rvv_clock rise edge)
                                                      0.000     0.000 r  
                         propagated clock network latency
                                                      0.000     0.000    
                         RAMB36E2                     0.000     0.000 r  mem/returnBuffer/ram_ext/Memory_reg_0/CLKARDCLK
                         RAMB36E2 (Prop_RAMB36E2_CLKARDCLK_DOUTADOUT[13])
                                                      1.216     1.216 r  mem/returnBuffer/ram_ext/Memory_reg_0/DOUTADOUT[13]
                         net (fo=720, unplaced)       0.532     1.748    mem/returnBuffer/ram_ext/_returnBuffer_io_deq_bits_slot[0]
                         LUT6 (Prop_LUT6_I4_O)        0.074     1.822 r  mem/returnBuffer/ram_ext/writes_62[31]_i_114/O
                         net (fo=1, unplaced)         0.000     1.822    mem/returnBuffer/ram_ext/writes_62[31]_i_114_n_0
                         MUXF7 (Prop_MUXF7_I0_O)      0.068     1.890 r  mem/returnBuffer/ram_ext/writes_62_reg[31]_i_51/O
                         net (fo=6, unplaced)         0.286     2.176    mem/returnBuffer/ram_ext/writes_62_reg[31]_i_51_n_0
                         LUT6 (Prop_LUT6_I0_O)        0.132     2.308 r  mem/returnBuffer/ram_ext/io_counters_warStall_0_x[63]_i_9335/O
                         net (fo=128, unplaced)       0.371     2.679    sb/io_counters_warStall_0_x_reg[63]_i_5276[0]
                         MUXF7 (Prop_MUXF7_S_O)       0.103     2.782 f  sb/io_counters_warStall_0_x_reg[63]_i_9005/O
                         net (fo=1, unplaced)         0.000     2.782    sb/io_counters_warStall_0_x_reg[63]_i_9005_n_0
                         MUXF8 (Prop_MUXF8_I1_O)      0.059     2.841 f  sb/io_counters_warStall_0_x_reg[63]_i_8161/O
                         net (fo=1, unplaced)         0.262     3.103    sb/io_counters_warStall_0_x_reg[63]_i_8161_n_0
                         LUT6 (Prop_LUT6_I0_O)        0.136     3.239 f  sb/io_counters_warStall_0_x[63]_i_6769/O
                         net (fo=1, unplaced)         0.000     3.239    mem/returnBuffer/ram_ext/io_counters_warStall_0_x[63]_i_7578_1
                         MUXF7 (Prop_MUXF7_I0_O)      0.068     3.307 f  mem/returnBuffer/ram_ext/io_counters_warStall_0_x_reg[63]_i_5277/O
                         net (fo=166, unplaced)       0.345     3.652    mem/returnBuffer/ram_ext/io_counters_warStall_0_x_reg[63]_i_5277_n_0
                         LUT4 (Prop_LUT4_I3_O)        0.095     3.747 f  mem/returnBuffer/ram_ext/io_counters_warStall_0_x[63]_i_8678/O
                         net (fo=1, unplaced)         0.294     4.041    mem/returnBuffer/ram_ext/io_counters_warStall_0_x[63]_i_8678_n_0
                         CARRY8 (Prop_CARRY8_DI[0]_CO[7])
                                                      0.373     4.414 f  mem/returnBuffer/ram_ext/io_counters_warStall_0_x_reg[63]_i_7644/CO[7]
                         net (fo=1, unplaced)         0.000     4.414    mem/returnBuffer/ram_ext/io_counters_warStall_0_x_reg[63]_i_7644_n_0
                         CARRY8 (Prop_CARRY8_CI_CO[7])
                                                      0.028     4.442 f  mem/returnBuffer/ram_ext/io_counters_warStall_0_x_reg[63]_i_6297/CO[7]
                         net (fo=1, unplaced)         0.000     4.442    mem/returnBuffer/ram_ext/io_counters_warStall_0_x_reg[63]_i_6297_n_0
                         CARRY8 (Prop_CARRY8_CI_CO[7])
                                                      0.028     4.470 f  mem/returnBuffer/ram_ext/io_counters_warStall_0_x_reg[63]_i_4820/CO[7]
                         net (fo=1, unplaced)         0.000     4.470    mem/returnBuffer/ram_ext/io_counters_warStall_0_x_reg[63]_i_4820_n_0
                         CARRY8 (Prop_CARRY8_CI_CO[7])
                                                      0.028     4.498 f  mem/returnBuffer/ram_ext/io_counters_warStall_0_x_reg[63]_i_3452/CO[7]
                         net (fo=64, unplaced)        0.187     4.685    sb/io_counters_wawStall_0_x[63]_i_1018_1[0]
                         LUT6 (Prop_LUT6_I1_O)        0.071     4.756 f  sb/io_counters_warStall_0_x[63]_i_2267/O
                         net (fo=1, unplaced)         0.249     5.005    sb/io_counters_warStall_0_x[63]_i_2267_n_0
                         LUT6 (Prop_LUT6_I5_O)        0.040     5.045 f  sb/io_counters_warStall_0_x[63]_i_1085/O
                         net (fo=1, unplaced)         0.249     5.294    sb/io_counters_warStall_0_x[63]_i_1085_n_0
                         LUT6 (Prop_LUT6_I5_O)        0.040     5.334 f  sb/io_counters_warStall_0_x[63]_i_407/O
                         net (fo=1, unplaced)         0.251     5.585    sb/io_counters_warStall_0_x[63]_i_407_n_0
                         LUT4 (Prop_LUT4_I0_O)        0.132     5.717 f  sb/io_counters_warStall_0_x[63]_i_137/O
                         net (fo=1, unplaced)         0.249     5.966    sb/io_counters_warStall_0_x[63]_i_137_n_0
                         LUT6 (Prop_LUT6_I2_O)        0.040     6.006 f  sb/io_counters_warStall_0_x[63]_i_28/O
                         net (fo=1, unplaced)         0.249     6.255    sb/io_war_11[19]
                         LUT6 (Prop_LUT6_I5_O)        0.040     6.295 f  sb/io_counters_warStall_0_x[63]_i_7/O
                         net (fo=1, unplaced)         0.251     6.546    sb/io_counters_warStall_0_x[63]_i_7_n_0
                         LUT4 (Prop_LUT4_I0_O)        0.132     6.678 f  sb/io_counters_warStall_0_x[63]_i_3/O
                         net (fo=1, unplaced)         0.251     6.929    sb/io_counters_warStall_0_x[63]_i_3_n_0
                         LUT5 (Prop_LUT5_I1_O)        0.132     7.061 f  sb/io_counters_warStall_0_x[63]_i_1/O
                         net (fo=66, unplaced)        0.325     7.386    sb/_sb_io_war_1
                         LUT6 (Prop_LUT6_I5_O)        0.040     7.426 f  sb/io_loadRegisterComplete_valid_INST_0_i_3/O
                         net (fo=10, unplaced)        0.282     7.708    mem/returnBuffer/ram_ext/io_blocked_10
                         LUT6 (Prop_LUT6_I5_O)        0.040     7.748 f  mem/returnBuffer/ram_ext/io_macRead_valid_INST_0_i_27/O
                         net (fo=15, unplaced)        0.292     8.040    mem/returnBuffer/ram_ext/Memory_reg_0_201
                         LUT6 (Prop_LUT6_I5_O)        0.040     8.080 f  mem/returnBuffer/ram_ext/memory_reg_1_i_78/O
                         net (fo=4, unplaced)         0.264     8.344    mem/returnBuffer/ram_ext/operandRow_reg[1]
                         LUT4 (Prop_LUT4_I0_O)        0.132     8.476 r  mem/returnBuffer/ram_ext/io_loadRegisterComplete_valid_INST_0_i_4/O
                         net (fo=6, unplaced)         0.271     8.747    mem/returnBuffer/ram_ext/_vrf_io_write_0_ready
                         LUT3 (Prop_LUT3_I2_O)        0.040     8.787 r  mem/returnBuffer/ram_ext/piece[5]_i_2/O
                         net (fo=1085, unplaced)      0.389     9.176    mem/returnBuffer/ram_ext/maybe_full_reg_0
                         LUT2 (Prop_LUT2_I0_O)        0.040     9.216 r  mem/returnBuffer/ram_ext/writes_62[23]_i_40/O
                         net (fo=132, unplaced)       0.372     9.588    sb/writes_62[23]_i_6_0
                         MUXF7 (Prop_MUXF7_S_O)       0.103     9.691 r  sb/writes_62_reg[18]_i_74/O
                         net (fo=1, unplaced)         0.000     9.691    sb/writes_62_reg[18]_i_74_n_0
                         MUXF8 (Prop_MUXF8_I1_O)      0.059     9.750 r  sb/writes_62_reg[18]_i_35/O
                         net (fo=1, unplaced)         0.262    10.012    sb/writes_62_reg[18]_i_35_n_0
                         LUT6 (Prop_LUT6_I0_O)        0.132    10.144 r  sb/writes_62[18]_i_17/O
                         net (fo=1, unplaced)         0.216    10.360    sb/writes_62[18]_i_17_n_0
                         LUT6 (Prop_LUT6_I0_O)        0.071    10.431 r  sb/writes_62[18]_i_6/O
                         net (fo=83, unplaced)        0.330    10.761    mem/returnBuffer/ram_ext/writes_00[18]
                         LUT5 (Prop_LUT5_I1_O)        0.040    10.801 r  mem/returnBuffer/ram_ext/writes_0[18]_i_2/O
                         net (fo=1, unplaced)         0.249    11.050    cross_0/writes_0_reg[18]
                         LUT3 (Prop_LUT3_I0_O)        0.040    11.090 r  cross_0/writes_0[18]_i_1/O
                         net (fo=1, unplaced)         0.023    11.113    sb/writes_0_reg[31]_10[18]
                         FDRE                                         r  sb/writes_0_reg[18]/D
  -------------------------------------------------------------------    -------------------

                         (clock rvv_clock rise edge)
                                                     10.000    10.000 r  
                         propagated clock network latency
                                                      0.000    10.000    
                         clock pessimism              0.000    10.000    
                         clock uncertainty           -0.035     9.965    
                         FDRE (Setup_FDRE_C_D)        0.059    10.024    sb/writes_0_reg[18]
  -------------------------------------------------------------------
                         required time                         10.024    
                         arrival time                         -11.113    
  -------------------------------------------------------------------
                         slack                                 -1.089    




